method,origin_index,target_index,lead_months,observed,predicted
M0 Persistence,797,797,1,-5.05,-1.1
M0 Persistence,798,798,1,1.4,-5.05
M0 Persistence,799,799,1,8.25,1.4
M0 Persistence,800,800,1,0.09,8.25
M0 Persistence,801,801,1,0.14,0.09
M0 Persistence,802,802,1,3.66,0.14
M0 Persistence,803,803,1,1.48,3.66
M0 Persistence,804,804,1,7.96,1.48
M0 Persistence,805,805,1,12.08,7.96
M0 Persistence,806,806,1,6.72,12.08
M0 Persistence,807,807,1,-0.82,6.72
M0 Persistence,808,808,1,1.54,-0.82
M0 Persistence,809,809,1,1.43,1.54
M0 Persistence,810,810,1,9.82,1.43
M0 Persistence,811,811,1,10.38,9.82
M0 Persistence,812,812,1,8.9,10.38
M0 Persistence,813,813,1,10.15,8.9
M0 Persistence,814,814,1,-10.68,10.15
M0 Persistence,815,815,1,-17.34,-10.68
M0 Persistence,816,816,1,-3.24,-17.34
M0 Persistence,817,817,1,-2.65,-3.24
M0 Persistence,818,818,1,1.81,-2.65
M0 Persistence,819,819,1,-4.48,1.81
M0 Persistence,820,820,1,-0.97,-4.48
M0 Persistence,821,821,1,1.24,-0.97
M0 Persistence,822,822,1,3.06,1.24
M0 Persistence,823,823,1,2.22,3.06
M0 Persistence,824,824,1,-0.14,2.22
M0 Persistence,825,825,1,-1.68,-0.14
M0 Persistence,826,826,1,-5.44,-1.68
M0 Persistence,827,827,1,-2.38,-5.44
M0 Persistence,828,828,1,-5.73,-2.38
M0 Persistence,829,829,1,-2.56,-5.73
M0 Persistence,830,830,1,-3.09,-2.56
M0 Persistence,831,831,1,-0.83,-3.09
M0 Persistence,832,832,1,-6.68,-0.83
M0 Persistence,833,833,1,-0.41,-6.68
M0 Persistence,834,834,1,-1.5,-0.41
M0 Persistence,835,835,1,0.79,-1.5
M0 Persistence,836,836,1,4.09,0.79
M0 Persistence,837,837,1,2.09,4.09
M0 Persistence,838,838,1,4.12,2.09
M0 Persistence,839,839,1,11.34,4.12
M0 Persistence,840,840,1,-5.44,11.34
M0 Persistence,841,841,1,3.12,-5.44
M0 Persistence,842,842,1,7.31,3.12
M0 Persistence,843,843,1,7.33,7.31
M0 Persistence,844,844,1,5.34,7.33
M0 Persistence,845,845,1,6.5,5.34
M0 Persistence,846,846,1,3.66,6.5
M0 Persistence,847,847,1,11.61,3.66
M0 Persistence,848,848,1,8.74,11.61
M0 Persistence,849,849,1,8.07,8.74
M0 Persistence,850,850,1,-0.04,8.07
M0 Persistence,851,851,1,-9.0,-0.04
M0 Persistence,852,852,1,-4.1,-9.0
M0 Persistence,853,853,1,5.89,-4.1
M0 Persistence,854,854,1,2.71,5.89
M0 Persistence,855,855,1,-2.45,2.71
M0 Persistence,856,856,1,6.59,-2.45
M0 Persistence,857,857,1,0.97,6.59
M0 Persistence,858,858,1,1.83,0.97
M0 Persistence,859,859,1,1.68,1.83
M0 Persistence,860,860,1,8.82,1.68
M0 Persistence,861,861,1,4.12,8.82
M0 Persistence,862,862,1,6.4,4.12
M0 Persistence,863,863,1,1.1,6.4
M0 Persistence,864,864,1,-10.9,1.1
M0 Persistence,865,865,1,-6.37,-10.9
M0 Persistence,866,866,1,-0.0,-6.37
M0 Persistence,867,867,1,6.59,-0.0
M0 Persistence,868,868,1,2.56,6.59
M0 Persistence,869,869,1,2.47,2.56
M0 Persistence,870,870,1,0.43,2.47
M0 Persistence,871,871,1,2.64,0.43
M0 Persistence,872,872,1,2.77,2.64
M0 Persistence,873,873,1,7.86,2.77
M0 Persistence,874,874,1,-0.66,7.86
M0 Persistence,875,875,1,-9.0,-0.66
M0 Persistence,876,876,1,-17.07,-9.0
M0 Persistence,877,877,1,-7.06,-17.07
M0 Persistence,878,878,1,-7.08,-7.06
M0 Persistence,879,879,1,4.65,-7.08
M0 Persistence,880,880,1,-1.4,4.65
M0 Persistence,881,881,1,2.55,-1.4
M0 Persistence,882,882,1,-1.88,2.55
M0 Persistence,883,883,1,5.25,-1.88
M0 Persistence,884,884,1,-3.21,5.25
M0 Persistence,885,885,1,-0.39,-3.21
M0 Persistence,886,886,1,1.34,-0.39
M0 Persistence,887,887,1,2.26,1.34
M0 Persistence,888,888,1,3.8,2.26
M0 Persistence,889,889,1,-2.13,3.8
M0 Persistence,890,890,1,-1.84,-2.13
M0 Persistence,891,891,1,-2.4,-1.84
M0 Persistence,892,892,1,3.06,-2.4
M0 Persistence,893,893,1,5.98,3.06
M0 Persistence,894,894,1,-0.64,5.98
M0 Persistence,895,895,1,6.06,-0.64
M0 Persistence,896,896,1,7.88,6.06
M0 Persistence,897,897,1,8.01,7.88
M0 Persistence,898,898,1,2.08,8.01
M0 Persistence,899,899,1,4.2,2.08
M0 Persistence,900,900,1,-3.29,4.2
M0 Persistence,901,901,1,-14.91,-3.29
M0 Persistence,902,902,1,8.79,-14.91
M0 Persistence,903,903,1,1.92,8.79
M0 Persistence,904,904,1,0.61,1.92
M0 Persistence,905,905,1,-3.59,0.61
M0 Persistence,906,906,1,-6.57,-3.59
M0 Persistence,907,907,1,-5.01,-6.57
M0 Persistence,908,908,1,-8.02,-5.01
M0 Persistence,909,909,1,-0.63,-8.02
M0 Persistence,910,910,1,-5.01,-0.63
M0 Persistence,911,911,1,-5.37,-5.01
M0 Persistence,912,912,1,1.3,-5.37
M0 Persistence,913,913,1,-6.16,1.3
M0 Persistence,914,914,1,-6.11,-6.16
M0 Persistence,915,915,1,-2.67,-6.11
M0 Persistence,916,916,1,-1.64,-2.67
M0 Persistence,917,917,1,-1.23,-1.64
M0 Persistence,918,918,1,-0.05,-1.23
M0 Persistence,919,919,1,8.04,-0.05
M0 Persistence,920,920,1,1.02,8.04
M0 Persistence,921,921,1,-2.21,1.02
M0 Persistence,922,922,1,-4.18,-2.21
M0 Persistence,923,923,1,-2.02,-4.18
M0 Persistence,924,924,1,-1.86,-2.02
M0 Persistence,925,925,1,-4.34,-1.86
M0 Persistence,797,799,3,8.25,-1.1
M0 Persistence,798,800,3,0.09,-5.05
M0 Persistence,799,801,3,0.14,1.4
M0 Persistence,800,802,3,3.66,8.25
M0 Persistence,801,803,3,1.48,0.09
M0 Persistence,802,804,3,7.96,0.14
M0 Persistence,803,805,3,12.08,3.66
M0 Persistence,804,806,3,6.72,1.48
M0 Persistence,805,807,3,-0.82,7.96
M0 Persistence,806,808,3,1.54,12.08
M0 Persistence,807,809,3,1.43,6.72
M0 Persistence,808,810,3,9.82,-0.82
M0 Persistence,809,811,3,10.38,1.54
M0 Persistence,810,812,3,8.9,1.43
M0 Persistence,811,813,3,10.15,9.82
M0 Persistence,812,814,3,-10.68,10.38
M0 Persistence,813,815,3,-17.34,8.9
M0 Persistence,814,816,3,-3.24,10.15
M0 Persistence,815,817,3,-2.65,-10.68
M0 Persistence,816,818,3,1.81,-17.34
M0 Persistence,817,819,3,-4.48,-3.24
M0 Persistence,818,820,3,-0.97,-2.65
M0 Persistence,819,821,3,1.24,1.81
M0 Persistence,820,822,3,3.06,-4.48
M0 Persistence,821,823,3,2.22,-0.97
M0 Persistence,822,824,3,-0.14,1.24
M0 Persistence,823,825,3,-1.68,3.06
M0 Persistence,824,826,3,-5.44,2.22
M0 Persistence,825,827,3,-2.38,-0.14
M0 Persistence,826,828,3,-5.73,-1.68
M0 Persistence,827,829,3,-2.56,-5.44
M0 Persistence,828,830,3,-3.09,-2.38
M0 Persistence,829,831,3,-0.83,-5.73
M0 Persistence,830,832,3,-6.68,-2.56
M0 Persistence,831,833,3,-0.41,-3.09
M0 Persistence,832,834,3,-1.5,-0.83
M0 Persistence,833,835,3,0.79,-6.68
M0 Persistence,834,836,3,4.09,-0.41
M0 Persistence,835,837,3,2.09,-1.5
M0 Persistence,836,838,3,4.12,0.79
M0 Persistence,837,839,3,11.34,4.09
M0 Persistence,838,840,3,-5.44,2.09
M0 Persistence,839,841,3,3.12,4.12
M0 Persistence,840,842,3,7.31,11.34
M0 Persistence,841,843,3,7.33,-5.44
M0 Persistence,842,844,3,5.34,3.12
M0 Persistence,843,845,3,6.5,7.31
M0 Persistence,844,846,3,3.66,7.33
M0 Persistence,845,847,3,11.61,5.34
M0 Persistence,846,848,3,8.74,6.5
M0 Persistence,847,849,3,8.07,3.66
M0 Persistence,848,850,3,-0.04,11.61
M0 Persistence,849,851,3,-9.0,8.74
M0 Persistence,850,852,3,-4.1,8.07
M0 Persistence,851,853,3,5.89,-0.04
M0 Persistence,852,854,3,2.71,-9.0
M0 Persistence,853,855,3,-2.45,-4.1
M0 Persistence,854,856,3,6.59,5.89
M0 Persistence,855,857,3,0.97,2.71
M0 Persistence,856,858,3,1.83,-2.45
M0 Persistence,857,859,3,1.68,6.59
M0 Persistence,858,860,3,8.82,0.97
M0 Persistence,859,861,3,4.12,1.83
M0 Persistence,860,862,3,6.4,1.68
M0 Persistence,861,863,3,1.1,8.82
M0 Persistence,862,864,3,-10.9,4.12
M0 Persistence,863,865,3,-6.37,6.4
M0 Persistence,864,866,3,-0.0,1.1
M0 Persistence,865,867,3,6.59,-10.9
M0 Persistence,866,868,3,2.56,-6.37
M0 Persistence,867,869,3,2.47,-0.0
M0 Persistence,868,870,3,0.43,6.59
M0 Persistence,869,871,3,2.64,2.56
M0 Persistence,870,872,3,2.77,2.47
M0 Persistence,871,873,3,7.86,0.43
M0 Persistence,872,874,3,-0.66,2.64
M0 Persistence,873,875,3,-9.0,2.77
M0 Persistence,874,876,3,-17.07,7.86
M0 Persistence,875,877,3,-7.06,-0.66
M0 Persistence,876,878,3,-7.08,-9.0
M0 Persistence,877,879,3,4.65,-17.07
M0 Persistence,878,880,3,-1.4,-7.06
M0 Persistence,879,881,3,2.55,-7.08
M0 Persistence,880,882,3,-1.88,4.65
M0 Persistence,881,883,3,5.25,-1.4
M0 Persistence,882,884,3,-3.21,2.55
M0 Persistence,883,885,3,-0.39,-1.88
M0 Persistence,884,886,3,1.34,5.25
M0 Persistence,885,887,3,2.26,-3.21
M0 Persistence,886,888,3,3.8,-0.39
M0 Persistence,887,889,3,-2.13,1.34
M0 Persistence,888,890,3,-1.84,2.26
M0 Persistence,889,891,3,-2.4,3.8
M0 Persistence,890,892,3,3.06,-2.13
M0 Persistence,891,893,3,5.98,-1.84
M0 Persistence,892,894,3,-0.64,-2.4
M0 Persistence,893,895,3,6.06,3.06
M0 Persistence,894,896,3,7.88,5.98
M0 Persistence,895,897,3,8.01,-0.64
M0 Persistence,896,898,3,2.08,6.06
M0 Persistence,897,899,3,4.2,7.88
M0 Persistence,898,900,3,-3.29,8.01
M0 Persistence,899,901,3,-14.91,2.08
M0 Persistence,900,902,3,8.79,4.2
M0 Persistence,901,903,3,1.92,-3.29
M0 Persistence,902,904,3,0.61,-14.91
M0 Persistence,903,905,3,-3.59,8.79
M0 Persistence,904,906,3,-6.57,1.92
M0 Persistence,905,907,3,-5.01,0.61
M0 Persistence,906,908,3,-8.02,-3.59
M0 Persistence,907,909,3,-0.63,-6.57
M0 Persistence,908,910,3,-5.01,-5.01
M0 Persistence,909,911,3,-5.37,-8.02
M0 Persistence,910,912,3,1.3,-0.63
M0 Persistence,911,913,3,-6.16,-5.01
M0 Persistence,912,914,3,-6.11,-5.37
M0 Persistence,913,915,3,-2.67,1.3
M0 Persistence,914,916,3,-1.64,-6.16
M0 Persistence,915,917,3,-1.23,-6.11
M0 Persistence,916,918,3,-0.05,-2.67
M0 Persistence,917,919,3,8.04,-1.64
M0 Persistence,918,920,3,1.02,-1.23
M0 Persistence,919,921,3,-2.21,-0.05
M0 Persistence,920,922,3,-4.18,8.04
M0 Persistence,921,923,3,-2.02,1.02
M0 Persistence,922,924,3,-1.86,-2.21
M0 Persistence,923,925,3,-4.34,-4.18
M0 Persistence,924,926,3,-11.45,-2.02
M0 Persistence,925,927,3,-4.02,-1.86
M0 Persistence,797,802,6,3.66,-1.1
M0 Persistence,798,803,6,1.48,-5.05
M0 Persistence,799,804,6,7.96,1.4
M0 Persistence,800,805,6,12.08,8.25
M0 Persistence,801,806,6,6.72,0.09
M0 Persistence,802,807,6,-0.82,0.14
M0 Persistence,803,808,6,1.54,3.66
M0 Persistence,804,809,6,1.43,1.48
M0 Persistence,805,810,6,9.82,7.96
M0 Persistence,806,811,6,10.38,12.08
M0 Persistence,807,812,6,8.9,6.72
M0 Persistence,808,813,6,10.15,-0.82
M0 Persistence,809,814,6,-10.68,1.54
M0 Persistence,810,815,6,-17.34,1.43
M0 Persistence,811,816,6,-3.24,9.82
M0 Persistence,812,817,6,-2.65,10.38
M0 Persistence,813,818,6,1.81,8.9
M0 Persistence,814,819,6,-4.48,10.15
M0 Persistence,815,820,6,-0.97,-10.68
M0 Persistence,816,821,6,1.24,-17.34
M0 Persistence,817,822,6,3.06,-3.24
M0 Persistence,818,823,6,2.22,-2.65
M0 Persistence,819,824,6,-0.14,1.81
M0 Persistence,820,825,6,-1.68,-4.48
M0 Persistence,821,826,6,-5.44,-0.97
M0 Persistence,822,827,6,-2.38,1.24
M0 Persistence,823,828,6,-5.73,3.06
M0 Persistence,824,829,6,-2.56,2.22
M0 Persistence,825,830,6,-3.09,-0.14
M0 Persistence,826,831,6,-0.83,-1.68
M0 Persistence,827,832,6,-6.68,-5.44
M0 Persistence,828,833,6,-0.41,-2.38
M0 Persistence,829,834,6,-1.5,-5.73
M0 Persistence,830,835,6,0.79,-2.56
M0 Persistence,831,836,6,4.09,-3.09
M0 Persistence,832,837,6,2.09,-0.83
M0 Persistence,833,838,6,4.12,-6.68
M0 Persistence,834,839,6,11.34,-0.41
M0 Persistence,835,840,6,-5.44,-1.5
M0 Persistence,836,841,6,3.12,0.79
M0 Persistence,837,842,6,7.31,4.09
M0 Persistence,838,843,6,7.33,2.09
M0 Persistence,839,844,6,5.34,4.12
M0 Persistence,840,845,6,6.5,11.34
M0 Persistence,841,846,6,3.66,-5.44
M0 Persistence,842,847,6,11.61,3.12
M0 Persistence,843,848,6,8.74,7.31
M0 Persistence,844,849,6,8.07,7.33
M0 Persistence,845,850,6,-0.04,5.34
M0 Persistence,846,851,6,-9.0,6.5
M0 Persistence,847,852,6,-4.1,3.66
M0 Persistence,848,853,6,5.89,11.61
M0 Persistence,849,854,6,2.71,8.74
M0 Persistence,850,855,6,-2.45,8.07
M0 Persistence,851,856,6,6.59,-0.04
M0 Persistence,852,857,6,0.97,-9.0
M0 Persistence,853,858,6,1.83,-4.1
M0 Persistence,854,859,6,1.68,5.89
M0 Persistence,855,860,6,8.82,2.71
M0 Persistence,856,861,6,4.12,-2.45
M0 Persistence,857,862,6,6.4,6.59
M0 Persistence,858,863,6,1.1,0.97
M0 Persistence,859,864,6,-10.9,1.83
M0 Persistence,860,865,6,-6.37,1.68
M0 Persistence,861,866,6,-0.0,8.82
M0 Persistence,862,867,6,6.59,4.12
M0 Persistence,863,868,6,2.56,6.4
M0 Persistence,864,869,6,2.47,1.1
M0 Persistence,865,870,6,0.43,-10.9
M0 Persistence,866,871,6,2.64,-6.37
M0 Persistence,867,872,6,2.77,-0.0
M0 Persistence,868,873,6,7.86,6.59
M0 Persistence,869,874,6,-0.66,2.56
M0 Persistence,870,875,6,-9.0,2.47
M0 Persistence,871,876,6,-17.07,0.43
M0 Persistence,872,877,6,-7.06,2.64
M0 Persistence,873,878,6,-7.08,2.77
M0 Persistence,874,879,6,4.65,7.86
M0 Persistence,875,880,6,-1.4,-0.66
M0 Persistence,876,881,6,2.55,-9.0
M0 Persistence,877,882,6,-1.88,-17.07
M0 Persistence,878,883,6,5.25,-7.06
M0 Persistence,879,884,6,-3.21,-7.08
M0 Persistence,880,885,6,-0.39,4.65
M0 Persistence,881,886,6,1.34,-1.4
M0 Persistence,882,887,6,2.26,2.55
M0 Persistence,883,888,6,3.8,-1.88
M0 Persistence,884,889,6,-2.13,5.25
M0 Persistence,885,890,6,-1.84,-3.21
M0 Persistence,886,891,6,-2.4,-0.39
M0 Persistence,887,892,6,3.06,1.34
M0 Persistence,888,893,6,5.98,2.26
M0 Persistence,889,894,6,-0.64,3.8
M0 Persistence,890,895,6,6.06,-2.13
M0 Persistence,891,896,6,7.88,-1.84
M0 Persistence,892,897,6,8.01,-2.4
M0 Persistence,893,898,6,2.08,3.06
M0 Persistence,894,899,6,4.2,5.98
M0 Persistence,895,900,6,-3.29,-0.64
M0 Persistence,896,901,6,-14.91,6.06
M0 Persistence,897,902,6,8.79,7.88
M0 Persistence,898,903,6,1.92,8.01
M0 Persistence,899,904,6,0.61,2.08
M0 Persistence,900,905,6,-3.59,4.2
M0 Persistence,901,906,6,-6.57,-3.29
M0 Persistence,902,907,6,-5.01,-14.91
M0 Persistence,903,908,6,-8.02,8.79
M0 Persistence,904,909,6,-0.63,1.92
M0 Persistence,905,910,6,-5.01,0.61
M0 Persistence,906,911,6,-5.37,-3.59
M0 Persistence,907,912,6,1.3,-6.57
M0 Persistence,908,913,6,-6.16,-5.01
M0 Persistence,909,914,6,-6.11,-8.02
M0 Persistence,910,915,6,-2.67,-0.63
M0 Persistence,911,916,6,-1.64,-5.01
M0 Persistence,912,917,6,-1.23,-5.37
M0 Persistence,913,918,6,-0.05,1.3
M0 Persistence,914,919,6,8.04,-6.16
M0 Persistence,915,920,6,1.02,-6.11
M0 Persistence,916,921,6,-2.21,-2.67
M0 Persistence,917,922,6,-4.18,-1.64
M0 Persistence,918,923,6,-2.02,-1.23
M0 Persistence,919,924,6,-1.86,-0.05
M0 Persistence,920,925,6,-4.34,8.04
M0 Persistence,921,926,6,-11.45,1.02
M0 Persistence,922,927,6,-4.02,-2.21
M0 Persistence,923,928,6,-7.11,-4.18
M0 Persistence,924,929,6,-3.21,-2.02
M0 Persistence,925,930,6,-4.44,-1.86
M0 Persistence,797,805,9,12.08,-1.1
M0 Persistence,798,806,9,6.72,-5.05
M0 Persistence,799,807,9,-0.82,1.4
M0 Persistence,800,808,9,1.54,8.25
M0 Persistence,801,809,9,1.43,0.09
M0 Persistence,802,810,9,9.82,0.14
M0 Persistence,803,811,9,10.38,3.66
M0 Persistence,804,812,9,8.9,1.48
M0 Persistence,805,813,9,10.15,7.96
M0 Persistence,806,814,9,-10.68,12.08
M0 Persistence,807,815,9,-17.34,6.72
M0 Persistence,808,816,9,-3.24,-0.82
M0 Persistence,809,817,9,-2.65,1.54
M0 Persistence,810,818,9,1.81,1.43
M0 Persistence,811,819,9,-4.48,9.82
M0 Persistence,812,820,9,-0.97,10.38
M0 Persistence,813,821,9,1.24,8.9
M0 Persistence,814,822,9,3.06,10.15
M0 Persistence,815,823,9,2.22,-10.68
M0 Persistence,816,824,9,-0.14,-17.34
M0 Persistence,817,825,9,-1.68,-3.24
M0 Persistence,818,826,9,-5.44,-2.65
M0 Persistence,819,827,9,-2.38,1.81
M0 Persistence,820,828,9,-5.73,-4.48
M0 Persistence,821,829,9,-2.56,-0.97
M0 Persistence,822,830,9,-3.09,1.24
M0 Persistence,823,831,9,-0.83,3.06
M0 Persistence,824,832,9,-6.68,2.22
M0 Persistence,825,833,9,-0.41,-0.14
M0 Persistence,826,834,9,-1.5,-1.68
M0 Persistence,827,835,9,0.79,-5.44
M0 Persistence,828,836,9,4.09,-2.38
M0 Persistence,829,837,9,2.09,-5.73
M0 Persistence,830,838,9,4.12,-2.56
M0 Persistence,831,839,9,11.34,-3.09
M0 Persistence,832,840,9,-5.44,-0.83
M0 Persistence,833,841,9,3.12,-6.68
M0 Persistence,834,842,9,7.31,-0.41
M0 Persistence,835,843,9,7.33,-1.5
M0 Persistence,836,844,9,5.34,0.79
M0 Persistence,837,845,9,6.5,4.09
M0 Persistence,838,846,9,3.66,2.09
M0 Persistence,839,847,9,11.61,4.12
M0 Persistence,840,848,9,8.74,11.34
M0 Persistence,841,849,9,8.07,-5.44
M0 Persistence,842,850,9,-0.04,3.12
M0 Persistence,843,851,9,-9.0,7.31
M0 Persistence,844,852,9,-4.1,7.33
M0 Persistence,845,853,9,5.89,5.34
M0 Persistence,846,854,9,2.71,6.5
M0 Persistence,847,855,9,-2.45,3.66
M0 Persistence,848,856,9,6.59,11.61
M0 Persistence,849,857,9,0.97,8.74
M0 Persistence,850,858,9,1.83,8.07
M0 Persistence,851,859,9,1.68,-0.04
M0 Persistence,852,860,9,8.82,-9.0
M0 Persistence,853,861,9,4.12,-4.1
M0 Persistence,854,862,9,6.4,5.89
M0 Persistence,855,863,9,1.1,2.71
M0 Persistence,856,864,9,-10.9,-2.45
M0 Persistence,857,865,9,-6.37,6.59
M0 Persistence,858,866,9,-0.0,0.97
M0 Persistence,859,867,9,6.59,1.83
M0 Persistence,860,868,9,2.56,1.68
M0 Persistence,861,869,9,2.47,8.82
M0 Persistence,862,870,9,0.43,4.12
M0 Persistence,863,871,9,2.64,6.4
M0 Persistence,864,872,9,2.77,1.1
M0 Persistence,865,873,9,7.86,-10.9
M0 Persistence,866,874,9,-0.66,-6.37
M0 Persistence,867,875,9,-9.0,-0.0
M0 Persistence,868,876,9,-17.07,6.59
M0 Persistence,869,877,9,-7.06,2.56
M0 Persistence,870,878,9,-7.08,2.47
M0 Persistence,871,879,9,4.65,0.43
M0 Persistence,872,880,9,-1.4,2.64
M0 Persistence,873,881,9,2.55,2.77
M0 Persistence,874,882,9,-1.88,7.86
M0 Persistence,875,883,9,5.25,-0.66
M0 Persistence,876,884,9,-3.21,-9.0
M0 Persistence,877,885,9,-0.39,-17.07
M0 Persistence,878,886,9,1.34,-7.06
M0 Persistence,879,887,9,2.26,-7.08
M0 Persistence,880,888,9,3.8,4.65
M0 Persistence,881,889,9,-2.13,-1.4
M0 Persistence,882,890,9,-1.84,2.55
M0 Persistence,883,891,9,-2.4,-1.88
M0 Persistence,884,892,9,3.06,5.25
M0 Persistence,885,893,9,5.98,-3.21
M0 Persistence,886,894,9,-0.64,-0.39
M0 Persistence,887,895,9,6.06,1.34
M0 Persistence,888,896,9,7.88,2.26
M0 Persistence,889,897,9,8.01,3.8
M0 Persistence,890,898,9,2.08,-2.13
M0 Persistence,891,899,9,4.2,-1.84
M0 Persistence,892,900,9,-3.29,-2.4
M0 Persistence,893,901,9,-14.91,3.06
M0 Persistence,894,902,9,8.79,5.98
M0 Persistence,895,903,9,1.92,-0.64
M0 Persistence,896,904,9,0.61,6.06
M0 Persistence,897,905,9,-3.59,7.88
M0 Persistence,898,906,9,-6.57,8.01
M0 Persistence,899,907,9,-5.01,2.08
M0 Persistence,900,908,9,-8.02,4.2
M0 Persistence,901,909,9,-0.63,-3.29
M0 Persistence,902,910,9,-5.01,-14.91
M0 Persistence,903,911,9,-5.37,8.79
M0 Persistence,904,912,9,1.3,1.92
M0 Persistence,905,913,9,-6.16,0.61
M0 Persistence,906,914,9,-6.11,-3.59
M0 Persistence,907,915,9,-2.67,-6.57
M0 Persistence,908,916,9,-1.64,-5.01
M0 Persistence,909,917,9,-1.23,-8.02
M0 Persistence,910,918,9,-0.05,-0.63
M0 Persistence,911,919,9,8.04,-5.01
M0 Persistence,912,920,9,1.02,-5.37
M0 Persistence,913,921,9,-2.21,1.3
M0 Persistence,914,922,9,-4.18,-6.16
M0 Persistence,915,923,9,-2.02,-6.11
M0 Persistence,916,924,9,-1.86,-2.67
M0 Persistence,917,925,9,-4.34,-1.64
M0 Persistence,918,926,9,-11.45,-1.23
M0 Persistence,919,927,9,-4.02,-0.05
M0 Persistence,920,928,9,-7.11,8.04
M0 Persistence,921,929,9,-3.21,1.02
M0 Persistence,922,930,9,-4.44,-2.21
M0 Persistence,923,931,9,-1.5,-4.18
M0 Persistence,924,932,9,1.74,-2.02
M0 Persistence,925,933,9,-5.2,-1.86
M0 Persistence,797,808,12,1.54,-1.1
M0 Persistence,798,809,12,1.43,-5.05
M0 Persistence,799,810,12,9.82,1.4
M0 Persistence,800,811,12,10.38,8.25
M0 Persistence,801,812,12,8.9,0.09
M0 Persistence,802,813,12,10.15,0.14
M0 Persistence,803,814,12,-10.68,3.66
M0 Persistence,804,815,12,-17.34,1.48
M0 Persistence,805,816,12,-3.24,7.96
M0 Persistence,806,817,12,-2.65,12.08
M0 Persistence,807,818,12,1.81,6.72
M0 Persistence,808,819,12,-4.48,-0.82
M0 Persistence,809,820,12,-0.97,1.54
M0 Persistence,810,821,12,1.24,1.43
M0 Persistence,811,822,12,3.06,9.82
M0 Persistence,812,823,12,2.22,10.38
M0 Persistence,813,824,12,-0.14,8.9
M0 Persistence,814,825,12,-1.68,10.15
M0 Persistence,815,826,12,-5.44,-10.68
M0 Persistence,816,827,12,-2.38,-17.34
M0 Persistence,817,828,12,-5.73,-3.24
M0 Persistence,818,829,12,-2.56,-2.65
M0 Persistence,819,830,12,-3.09,1.81
M0 Persistence,820,831,12,-0.83,-4.48
M0 Persistence,821,832,12,-6.68,-0.97
M0 Persistence,822,833,12,-0.41,1.24
M0 Persistence,823,834,12,-1.5,3.06
M0 Persistence,824,835,12,0.79,2.22
M0 Persistence,825,836,12,4.09,-0.14
M0 Persistence,826,837,12,2.09,-1.68
M0 Persistence,827,838,12,4.12,-5.44
M0 Persistence,828,839,12,11.34,-2.38
M0 Persistence,829,840,12,-5.44,-5.73
M0 Persistence,830,841,12,3.12,-2.56
M0 Persistence,831,842,12,7.31,-3.09
M0 Persistence,832,843,12,7.33,-0.83
M0 Persistence,833,844,12,5.34,-6.68
M0 Persistence,834,845,12,6.5,-0.41
M0 Persistence,835,846,12,3.66,-1.5
M0 Persistence,836,847,12,11.61,0.79
M0 Persistence,837,848,12,8.74,4.09
M0 Persistence,838,849,12,8.07,2.09
M0 Persistence,839,850,12,-0.04,4.12
M0 Persistence,840,851,12,-9.0,11.34
M0 Persistence,841,852,12,-4.1,-5.44
M0 Persistence,842,853,12,5.89,3.12
M0 Persistence,843,854,12,2.71,7.31
M0 Persistence,844,855,12,-2.45,7.33
M0 Persistence,845,856,12,6.59,5.34
M0 Persistence,846,857,12,0.97,6.5
M0 Persistence,847,858,12,1.83,3.66
M0 Persistence,848,859,12,1.68,11.61
M0 Persistence,849,860,12,8.82,8.74
M0 Persistence,850,861,12,4.12,8.07
M0 Persistence,851,862,12,6.4,-0.04
M0 Persistence,852,863,12,1.1,-9.0
M0 Persistence,853,864,12,-10.9,-4.1
M0 Persistence,854,865,12,-6.37,5.89
M0 Persistence,855,866,12,-0.0,2.71
M0 Persistence,856,867,12,6.59,-2.45
M0 Persistence,857,868,12,2.56,6.59
M0 Persistence,858,869,12,2.47,0.97
M0 Persistence,859,870,12,0.43,1.83
M0 Persistence,860,871,12,2.64,1.68
M0 Persistence,861,872,12,2.77,8.82
M0 Persistence,862,873,12,7.86,4.12
M0 Persistence,863,874,12,-0.66,6.4
M0 Persistence,864,875,12,-9.0,1.1
M0 Persistence,865,876,12,-17.07,-10.9
M0 Persistence,866,877,12,-7.06,-6.37
M0 Persistence,867,878,12,-7.08,-0.0
M0 Persistence,868,879,12,4.65,6.59
M0 Persistence,869,880,12,-1.4,2.56
M0 Persistence,870,881,12,2.55,2.47
M0 Persistence,871,882,12,-1.88,0.43
M0 Persistence,872,883,12,5.25,2.64
M0 Persistence,873,884,12,-3.21,2.77
M0 Persistence,874,885,12,-0.39,7.86
M0 Persistence,875,886,12,1.34,-0.66
M0 Persistence,876,887,12,2.26,-9.0
M0 Persistence,877,888,12,3.8,-17.07
M0 Persistence,878,889,12,-2.13,-7.06
M0 Persistence,879,890,12,-1.84,-7.08
M0 Persistence,880,891,12,-2.4,4.65
M0 Persistence,881,892,12,3.06,-1.4
M0 Persistence,882,893,12,5.98,2.55
M0 Persistence,883,894,12,-0.64,-1.88
M0 Persistence,884,895,12,6.06,5.25
M0 Persistence,885,896,12,7.88,-3.21
M0 Persistence,886,897,12,8.01,-0.39
M0 Persistence,887,898,12,2.08,1.34
M0 Persistence,888,899,12,4.2,2.26
M0 Persistence,889,900,12,-3.29,3.8
M0 Persistence,890,901,12,-14.91,-2.13
M0 Persistence,891,902,12,8.79,-1.84
M0 Persistence,892,903,12,1.92,-2.4
M0 Persistence,893,904,12,0.61,3.06
M0 Persistence,894,905,12,-3.59,5.98
M0 Persistence,895,906,12,-6.57,-0.64
M0 Persistence,896,907,12,-5.01,6.06
M0 Persistence,897,908,12,-8.02,7.88
M0 Persistence,898,909,12,-0.63,8.01
M0 Persistence,899,910,12,-5.01,2.08
M0 Persistence,900,911,12,-5.37,4.2
M0 Persistence,901,912,12,1.3,-3.29
M0 Persistence,902,913,12,-6.16,-14.91
M0 Persistence,903,914,12,-6.11,8.79
M0 Persistence,904,915,12,-2.67,1.92
M0 Persistence,905,916,12,-1.64,0.61
M0 Persistence,906,917,12,-1.23,-3.59
M0 Persistence,907,918,12,-0.05,-6.57
M0 Persistence,908,919,12,8.04,-5.01
M0 Persistence,909,920,12,1.02,-8.02
M0 Persistence,910,921,12,-2.21,-0.63
M0 Persistence,911,922,12,-4.18,-5.01
M0 Persistence,912,923,12,-2.02,-5.37
M0 Persistence,913,924,12,-1.86,1.3
M0 Persistence,914,925,12,-4.34,-6.16
M0 Persistence,915,926,12,-11.45,-6.11
M0 Persistence,916,927,12,-4.02,-2.67
M0 Persistence,917,928,12,-7.11,-1.64
M0 Persistence,918,929,12,-3.21,-1.23
M0 Persistence,919,930,12,-4.44,-0.05
M0 Persistence,920,931,12,-1.5,8.04
M0 Persistence,921,932,12,1.74,1.02
M0 Persistence,922,933,12,-5.2,-2.21
M0 Persistence,923,934,12,-3.7,-4.18
M0 Persistence,924,935,12,5.28,-2.02
M0 Persistence,925,936,12,1.47,-1.86
M1 Direct NN,797,797,1,-5.05,0.3463455129615133
M1 Direct NN,798,798,1,1.4,-0.49689061193015127
M1 Direct NN,799,799,1,8.25,0.3315146184332314
M1 Direct NN,800,800,1,0.09,0.4351837865147433
M1 Direct NN,801,801,1,0.14,-0.7187469053129183
M1 Direct NN,802,802,1,3.66,0.3888825615831776
M1 Direct NN,803,803,1,1.48,2.1804633747877586
M1 Direct NN,804,804,1,7.96,1.487873704605722
M1 Direct NN,805,805,1,12.08,2.552154076415929
M1 Direct NN,806,806,1,6.72,2.87003409591777
M1 Direct NN,807,807,1,-0.82,3.4821671293384377
M1 Direct NN,808,808,1,1.54,2.525064764511171
M1 Direct NN,809,809,1,1.43,3.4467447273492278
M1 Direct NN,810,810,1,9.82,1.905431202503176
M1 Direct NN,811,811,1,10.38,2.083365308787867
M1 Direct NN,812,812,1,8.9,4.155398748030558
M1 Direct NN,813,813,1,10.15,3.041246414297201
M1 Direct NN,814,814,1,-10.68,2.861208811157344
M1 Direct NN,815,815,1,-17.34,2.273001455620536
M1 Direct NN,816,816,1,-3.24,1.512890749017137
M1 Direct NN,817,817,1,-2.65,-0.025679201641585894
M1 Direct NN,818,818,1,1.81,0.10399578145019372
M1 Direct NN,819,819,1,-4.48,0.7062847552377562
M1 Direct NN,820,820,1,-0.97,-0.830127337881456
M1 Direct NN,821,821,1,1.24,-0.8758897317363459
M1 Direct NN,822,822,1,3.06,-2.026780336552982
M1 Direct NN,823,823,1,2.22,-0.28036316063577615
M1 Direct NN,824,824,1,-0.14,-2.1952260324793773
M1 Direct NN,825,825,1,-1.68,-0.35659801957403436
M1 Direct NN,826,826,1,-5.44,0.36413723753667115
M1 Direct NN,827,827,1,-2.38,-0.4791505071644969
M1 Direct NN,828,828,1,-5.73,-1.5969862444567626
M1 Direct NN,829,829,1,-2.56,-3.386237314046583
M1 Direct NN,830,830,1,-3.09,-0.21023272830906956
M1 Direct NN,831,831,1,-0.83,-1.513662984839072
M1 Direct NN,832,832,1,-6.68,-1.2301284526844092
M1 Direct NN,833,833,1,-0.41,-2.49918523172113
M1 Direct NN,834,834,1,-1.5,-3.195032888464043
M1 Direct NN,835,835,1,0.79,-2.6763208298021737
M1 Direct NN,836,836,1,4.09,-1.7016878294925482
M1 Direct NN,837,837,1,2.09,0.9620744080598073
M1 Direct NN,838,838,1,4.12,0.36265550398632107
M1 Direct NN,839,839,1,11.34,-0.9704744155071374
M1 Direct NN,840,840,1,-5.44,0.5498907690435864
M1 Direct NN,841,841,1,3.12,-1.159735643884297
M1 Direct NN,842,842,1,7.31,1.4102398367032207
M1 Direct NN,843,843,1,7.33,3.2660283839305895
M1 Direct NN,844,844,1,5.34,3.9799957150762135
M1 Direct NN,845,845,1,6.5,2.9823451800800114
M1 Direct NN,846,846,1,3.66,3.7208139389397092
M1 Direct NN,847,847,1,11.61,3.9404274491913043
M1 Direct NN,848,848,1,8.74,3.768475592945712
M1 Direct NN,849,849,1,8.07,4.098000842135192
M1 Direct NN,850,850,1,-0.04,3.8963149789338196
M1 Direct NN,851,851,1,-9.0,3.8056561415601355
M1 Direct NN,852,852,1,-4.1,2.9054501855891646
M1 Direct NN,853,853,1,5.89,1.9983219425654817
M1 Direct NN,854,854,1,2.71,2.7833985305832654
M1 Direct NN,855,855,1,-2.45,2.017900426838056
M1 Direct NN,856,856,1,6.59,2.0827902234121596
M1 Direct NN,857,857,1,0.97,2.1042331670310483
M1 Direct NN,858,858,1,1.83,1.9960697740144002
M1 Direct NN,859,859,1,1.68,2.3231571396181256
M1 Direct NN,860,860,1,8.82,2.249430264216099
M1 Direct NN,861,861,1,4.12,3.2999205471904465
M1 Direct NN,862,862,1,6.4,2.4635188352429584
M1 Direct NN,863,863,1,1.1,1.4118494777461459
M1 Direct NN,864,864,1,-10.9,3.2638941560544796
M1 Direct NN,865,865,1,-6.37,0.8442865576245792
M1 Direct NN,866,866,1,-0.0,-0.5238456209677054
M1 Direct NN,867,867,1,6.59,-0.9049296329028734
M1 Direct NN,868,868,1,2.56,0.44782573949111437
M1 Direct NN,869,869,1,2.47,-0.48208756219854854
M1 Direct NN,870,870,1,0.43,0.6984204378079105
M1 Direct NN,871,871,1,2.64,0.8682630662782148
M1 Direct NN,872,872,1,2.77,0.5001430601132228
M1 Direct NN,873,873,1,7.86,1.3077299548583903
M1 Direct NN,874,874,1,-0.66,2.001253183622598
M1 Direct NN,875,875,1,-9.0,-0.015298511937359219
M1 Direct NN,876,876,1,-17.07,-0.2641754707686417
M1 Direct NN,877,877,1,-7.06,-3.0669217405826203
M1 Direct NN,878,878,1,-7.08,-3.698457510058791
M1 Direct NN,879,879,1,4.65,-4.774773810806685
M1 Direct NN,880,880,1,-1.4,-2.2377125825585185
M1 Direct NN,881,881,1,2.55,-2.2718376371230384
M1 Direct NN,882,882,1,-1.88,-0.19656564661379736
M1 Direct NN,883,883,1,5.25,-0.6352662530339095
M1 Direct NN,884,884,1,-3.21,-2.529542829231621
M1 Direct NN,885,885,1,-0.39,-2.2958103251632593
M1 Direct NN,886,886,1,1.34,0.3021869046442066
M1 Direct NN,887,887,1,2.26,1.3123148570695127
M1 Direct NN,888,888,1,3.8,-0.6251914615732893
M1 Direct NN,889,889,1,-2.13,0.6027859989730566
M1 Direct NN,890,890,1,-1.84,-0.9075980822025174
M1 Direct NN,891,891,1,-2.4,-0.4061958109562822
M1 Direct NN,892,892,1,3.06,0.09872615886972785
M1 Direct NN,893,893,1,5.98,1.1432787933137516
M1 Direct NN,894,894,1,-0.64,1.3954622023565062
M1 Direct NN,895,895,1,6.06,-0.027130411813026015
M1 Direct NN,896,896,1,7.88,0.9373997238330639
M1 Direct NN,897,897,1,8.01,1.8500520755133487
M1 Direct NN,898,898,1,2.08,2.4496186130725834
M1 Direct NN,899,899,1,4.2,1.8576388170729439
M1 Direct NN,900,900,1,-3.29,1.7643312979211958
M1 Direct NN,901,901,1,-14.91,1.3322018143469074
M1 Direct NN,902,902,1,8.79,0.2232612125951039
M1 Direct NN,903,903,1,1.92,2.6303452555360787
M1 Direct NN,904,904,1,0.61,0.7903878352760881
M1 Direct NN,905,905,1,-3.59,0.8108795292115601
M1 Direct NN,906,906,1,-6.57,1.2352092304999838
M1 Direct NN,907,907,1,-5.01,-0.07185700414849802
M1 Direct NN,908,908,1,-8.02,-0.49891387590361136
M1 Direct NN,909,909,1,-0.63,-2.4407986175195218
M1 Direct NN,910,910,1,-5.01,-1.4307008562458723
M1 Direct NN,911,911,1,-5.37,-2.7180804666507847
M1 Direct NN,912,912,1,1.3,-0.6785244009091691
M1 Direct NN,913,913,1,-6.16,-0.9512068959437847
M1 Direct NN,914,914,1,-6.11,-1.911754457389242
M1 Direct NN,915,915,1,-2.67,-2.2208684946953965
M1 Direct NN,916,916,1,-1.64,-2.5843523525954226
M1 Direct NN,917,917,1,-1.23,-2.570748975475998
M1 Direct NN,918,918,1,-0.05,-3.876557563856576
M1 Direct NN,919,919,1,8.04,-1.63777544549807
M1 Direct NN,920,920,1,1.02,0.47196757273174395
M1 Direct NN,921,921,1,-2.21,-0.12073988400974597
M1 Direct NN,922,922,1,-4.18,0.7077033656099524
M1 Direct NN,923,923,1,-2.02,-2.1451020761844912
M1 Direct NN,924,924,1,-1.86,-3.486910477520761
M1 Direct NN,925,925,1,-4.34,-2.4391610693873074
M1 Direct NN,797,799,3,8.25,-0.12486927488032855
M1 Direct NN,798,800,3,0.09,-0.8811494277918738
M1 Direct NN,799,801,3,0.14,-0.9250102054106726
M1 Direct NN,800,802,3,3.66,0.6075170591341659
M1 Direct NN,801,803,3,1.48,0.46651158570370976
M1 Direct NN,802,804,3,7.96,1.4388129213628496
M1 Direct NN,803,805,3,12.08,0.2008780080127062
M1 Direct NN,804,806,3,6.72,1.440687488242994
M1 Direct NN,805,807,3,-0.82,0.9546239460721809
M1 Direct NN,806,808,3,1.54,2.710637709514252
M1 Direct NN,807,809,3,1.43,3.747109037247507
M1 Direct NN,808,810,3,9.82,2.64541741059089
M1 Direct NN,809,811,3,10.38,1.2109012995011088
M1 Direct NN,810,812,3,8.9,1.4376093792619236
M1 Direct NN,811,813,3,10.15,2.537659270570914
M1 Direct NN,812,814,3,-10.68,3.0889252397350884
M1 Direct NN,813,815,3,-17.34,3.512150414097723
M1 Direct NN,814,816,3,-3.24,3.244453393840414
M1 Direct NN,815,817,3,-2.65,3.1660138240260323
M1 Direct NN,816,818,3,1.81,2.342585334316705
M1 Direct NN,817,819,3,-4.48,0.9076900238973119
M1 Direct NN,818,820,3,-0.97,0.8368247600464309
M1 Direct NN,819,821,3,1.24,-0.13874864881556542
M1 Direct NN,820,822,3,3.06,-1.2374730179643496
M1 Direct NN,821,823,3,2.22,-0.7152025176786612
M1 Direct NN,822,824,3,-0.14,-1.286419683515207
M1 Direct NN,823,825,3,-1.68,-0.2537916688215196
M1 Direct NN,824,826,3,-5.44,0.6131628514658513
M1 Direct NN,825,827,3,-2.38,1.2842571326342653
M1 Direct NN,826,828,3,-5.73,0.4431585167998257
M1 Direct NN,827,829,3,-2.56,-0.15677158007737185
M1 Direct NN,828,830,3,-3.09,-1.583615399865207
M1 Direct NN,829,831,3,-0.83,-0.7547947172012973
M1 Direct NN,830,832,3,-6.68,0.03925403644941018
M1 Direct NN,831,833,3,-0.41,-0.07252392260400058
M1 Direct NN,832,834,3,-1.5,-1.5789907070156837
M1 Direct NN,833,835,3,0.79,-1.3782146322060354
M1 Direct NN,834,836,3,4.09,-0.660213567719421
M1 Direct NN,835,837,3,2.09,-0.7547167757287914
M1 Direct NN,836,838,3,4.12,-1.020915615261401
M1 Direct NN,837,839,3,11.34,-1.63795169341773
M1 Direct NN,838,840,3,-5.44,-1.0262380580447281
M1 Direct NN,839,841,3,3.12,-0.8212432148697545
M1 Direct NN,840,842,3,7.31,0.6597705281777784
M1 Direct NN,841,843,3,7.33,3.670244514004913
M1 Direct NN,842,844,3,5.34,1.2617047427425263
M1 Direct NN,843,845,3,6.5,1.3771483091055947
M1 Direct NN,844,846,3,3.66,0.9493619865334418
M1 Direct NN,845,847,3,11.61,0.6168269280778004
M1 Direct NN,846,848,3,8.74,2.2809084764777827
M1 Direct NN,847,849,3,8.07,3.4730118802797048
M1 Direct NN,848,850,3,-0.04,3.1932711649714673
M1 Direct NN,849,851,3,-9.0,1.9854237492041649
M1 Direct NN,850,852,3,-4.1,2.6990381650200246
M1 Direct NN,851,853,3,5.89,0.9146220987465964
M1 Direct NN,852,854,3,2.71,1.9959958232041468
M1 Direct NN,853,855,3,-2.45,2.701245017413528
M1 Direct NN,854,856,3,6.59,2.008517426901779
M1 Direct NN,855,857,3,0.97,2.6862551016057052
M1 Direct NN,856,858,3,1.83,1.8800023640318693
M1 Direct NN,857,859,3,1.68,0.3768413488577329
M1 Direct NN,858,860,3,8.82,1.1526998701241211
M1 Direct NN,859,861,3,4.12,1.7342882162289668
M1 Direct NN,860,862,3,6.4,1.8272273821419664
M1 Direct NN,861,863,3,1.1,3.8206252213081755
M1 Direct NN,862,864,3,-10.9,0.7677962507052748
M1 Direct NN,863,865,3,-6.37,-0.035496324351457914
M1 Direct NN,864,866,3,-0.0,0.9040122951166116
M1 Direct NN,865,867,3,6.59,-0.6240443392345486
M1 Direct NN,866,868,3,2.56,-0.04037302382506312
M1 Direct NN,867,869,3,2.47,-0.07351511142553534
M1 Direct NN,868,870,3,0.43,-1.2420252302088672
M1 Direct NN,869,871,3,2.64,-0.6037118747221475
M1 Direct NN,870,872,3,2.77,0.005931161038507354
M1 Direct NN,871,873,3,7.86,-0.09541772014003673
M1 Direct NN,872,874,3,-0.66,-0.10357453932201986
M1 Direct NN,873,875,3,-9.0,0.34922942385664546
M1 Direct NN,874,876,3,-17.07,3.009568906103969
M1 Direct NN,875,877,3,-7.06,0.5540031225829561
M1 Direct NN,876,878,3,-7.08,-0.18316970316586567
M1 Direct NN,877,879,3,4.65,-1.1074098818984872
M1 Direct NN,878,880,3,-1.4,-1.9139998694106826
M1 Direct NN,879,881,3,2.55,-2.575661081155036
M1 Direct NN,880,882,3,-1.88,-2.8201096991355517
M1 Direct NN,881,883,3,5.25,-2.0631818335571857
M1 Direct NN,882,884,3,-3.21,-2.2410532097809015
M1 Direct NN,883,885,3,-0.39,-1.0391351377532225
M1 Direct NN,884,886,3,1.34,-0.08541672049593223
M1 Direct NN,885,887,3,2.26,-0.7753152506807963
M1 Direct NN,886,888,3,3.8,0.22833839394065697
M1 Direct NN,887,889,3,-2.13,0.05985954433683239
M1 Direct NN,888,890,3,-1.84,-0.6006098537606583
M1 Direct NN,889,891,3,-2.4,0.9549858526547088
M1 Direct NN,890,892,3,3.06,0.6755418444806612
M1 Direct NN,891,893,3,5.98,2.106059773155967
M1 Direct NN,892,894,3,-0.64,1.1221607960321829
M1 Direct NN,893,895,3,6.06,-0.19726693261820272
M1 Direct NN,894,896,3,7.88,-0.02923731176415237
M1 Direct NN,895,897,3,8.01,0.38768592842002747
M1 Direct NN,896,898,3,2.08,0.859150110234819
M1 Direct NN,897,899,3,4.2,1.1285801285193446
M1 Direct NN,898,900,3,-3.29,0.32055473957360103
M1 Direct NN,899,901,3,-14.91,-0.000963515142440946
M1 Direct NN,900,902,3,8.79,-0.40442918169303094
M1 Direct NN,901,903,3,1.92,1.2780840356271226
M1 Direct NN,902,904,3,0.61,0.03049807322519335
M1 Direct NN,903,905,3,-3.59,1.352087229780329
M1 Direct NN,904,906,3,-6.57,1.1459052271069305
M1 Direct NN,905,907,3,-5.01,0.38335703256011033
M1 Direct NN,906,908,3,-8.02,-0.8792411855621433
M1 Direct NN,907,909,3,-0.63,-0.9356369708260752
M1 Direct NN,908,910,3,-5.01,-1.5600514256392233
M1 Direct NN,909,911,3,-5.37,-1.3238983618343472
M1 Direct NN,910,912,3,1.3,1.4634407718664153
M1 Direct NN,911,913,3,-6.16,-0.7564734375151768
M1 Direct NN,912,914,3,-6.11,-3.2209466405931266
M1 Direct NN,913,915,3,-2.67,-2.0197355026855024
M1 Direct NN,914,916,3,-1.64,-1.918547282711033
M1 Direct NN,915,917,3,-1.23,-2.5438339869967486
M1 Direct NN,916,918,3,-0.05,0.6487720928106804
M1 Direct NN,917,919,3,8.04,-1.5263866668266275
M1 Direct NN,918,920,3,1.02,-3.096269078248513
M1 Direct NN,919,921,3,-2.21,-3.443463752768618
M1 Direct NN,920,922,3,-4.18,-0.5454784248039072
M1 Direct NN,921,923,3,-2.02,-0.5811875338316607
M1 Direct NN,922,924,3,-1.86,-0.8233601284303343
M1 Direct NN,923,925,3,-4.34,-0.5612422117288727
M1 Direct NN,924,926,3,-11.45,-1.2891132977799982
M1 Direct NN,925,927,3,-4.02,-2.0983655409390654
M1 Direct NN,797,802,6,3.66,0.65094775816937
M1 Direct NN,798,803,6,1.48,-0.20823704502715276
M1 Direct NN,799,804,6,7.96,-0.622780179973039
M1 Direct NN,800,805,6,12.08,-0.7653092004633977
M1 Direct NN,801,806,6,6.72,0.5210061613217598
M1 Direct NN,802,807,6,-0.82,1.0985166880607755
M1 Direct NN,803,808,6,1.54,0.3816979809073525
M1 Direct NN,804,809,6,1.43,1.346951563955395
M1 Direct NN,805,810,6,9.82,1.8133500586345623
M1 Direct NN,806,811,6,10.38,1.3553537986290598
M1 Direct NN,807,812,6,8.9,0.7653846404779499
M1 Direct NN,808,813,6,10.15,1.0874444452285803
M1 Direct NN,809,814,6,-10.68,1.2464524171508211
M1 Direct NN,810,815,6,-17.34,1.6032718507057115
M1 Direct NN,811,816,6,-3.24,1.5144559340967452
M1 Direct NN,812,817,6,-2.65,1.1689961986964352
M1 Direct NN,813,818,6,1.81,1.3403081520602638
M1 Direct NN,814,819,6,-4.48,1.7298150785786433
M1 Direct NN,815,820,6,-0.97,2.7410569208737647
M1 Direct NN,816,821,6,1.24,2.304187054913012
M1 Direct NN,817,822,6,3.06,0.050012104998963344
M1 Direct NN,818,823,6,2.22,-0.09191589887246984
M1 Direct NN,819,824,6,-0.14,0.13434468255525794
M1 Direct NN,820,825,6,-1.68,-1.0715945841052466
M1 Direct NN,821,826,6,-5.44,0.6357674444914255
M1 Direct NN,822,827,6,-2.38,0.7727254252737905
M1 Direct NN,823,828,6,-5.73,0.274166521800275
M1 Direct NN,824,829,6,-2.56,1.9442726360735778
M1 Direct NN,825,830,6,-3.09,2.053289529247283
M1 Direct NN,826,831,6,-0.83,1.5273467414296278
M1 Direct NN,827,832,6,-6.68,0.6457030638244992
M1 Direct NN,828,833,6,-0.41,0.7437791542292241
M1 Direct NN,829,834,6,-1.5,0.34503580166336617
M1 Direct NN,830,835,6,0.79,0.6917036934143237
M1 Direct NN,831,836,6,4.09,0.48836136465831426
M1 Direct NN,832,837,6,2.09,-0.9324096106496856
M1 Direct NN,833,838,6,4.12,-1.3929901552345616
M1 Direct NN,834,839,6,11.34,-1.606726343846204
M1 Direct NN,835,840,6,-5.44,-1.8215319258333529
M1 Direct NN,836,841,6,3.12,-0.8555249930493697
M1 Direct NN,837,842,6,7.31,-0.04786217091776562
M1 Direct NN,838,843,6,7.33,0.9932681570897416
M1 Direct NN,839,844,6,5.34,1.6374171409834744
M1 Direct NN,840,845,6,6.5,2.5165351173046377
M1 Direct NN,841,846,6,3.66,1.4121251491182145
M1 Direct NN,842,847,6,11.61,1.3109933358211365
M1 Direct NN,843,848,6,8.74,2.267489750515211
M1 Direct NN,844,849,6,8.07,2.575284398716735
M1 Direct NN,845,850,6,-0.04,2.319832766535907
M1 Direct NN,846,851,6,-9.0,3.108213161767079
M1 Direct NN,847,852,6,-4.1,2.708581420004678
M1 Direct NN,848,853,6,5.89,1.4923710246649735
M1 Direct NN,849,854,6,2.71,2.3436099719531214
M1 Direct NN,850,855,6,-2.45,3.1604118709132094
M1 Direct NN,851,856,6,6.59,1.2624790856834058
M1 Direct NN,852,857,6,0.97,1.3998830607627362
M1 Direct NN,853,858,6,1.83,0.7085670770361318
M1 Direct NN,854,859,6,1.68,0.9799450910913029
M1 Direct NN,855,860,6,8.82,0.5171950200742776
M1 Direct NN,856,861,6,4.12,0.23793200888724705
M1 Direct NN,857,862,6,6.4,0.8291084959413294
M1 Direct NN,858,863,6,1.1,0.2861213410090949
M1 Direct NN,859,864,6,-10.9,1.2199932883285527
M1 Direct NN,860,865,6,-6.37,1.5548926400285832
M1 Direct NN,861,866,6,-0.0,1.4734737746573752
M1 Direct NN,862,867,6,6.59,0.11983358787087219
M1 Direct NN,863,868,6,2.56,-0.04221314426637873
M1 Direct NN,864,869,6,2.47,0.19577292924697048
M1 Direct NN,865,870,6,0.43,-0.39903539114336506
M1 Direct NN,866,871,6,2.64,-1.1559651208236437
M1 Direct NN,867,872,6,2.77,-0.9387859224352427
M1 Direct NN,868,873,6,7.86,-2.1387962162096277
M1 Direct NN,869,874,6,-0.66,-0.9449383268798742
M1 Direct NN,870,875,6,-9.0,0.11729940524823575
M1 Direct NN,871,876,6,-17.07,0.774803063641602
M1 Direct NN,872,877,6,-7.06,-0.6015238766432732
M1 Direct NN,873,878,6,-7.08,0.7235795429531497
M1 Direct NN,874,879,6,4.65,1.6649468216079948
M1 Direct NN,875,880,6,-1.4,2.0492092192710385
M1 Direct NN,876,881,6,2.55,0.5435367340714268
M1 Direct NN,877,882,6,-1.88,-0.7640855708412225
M1 Direct NN,878,883,6,5.25,-3.1643247700657966
M1 Direct NN,879,884,6,-3.21,-3.413220037846931
M1 Direct NN,880,885,6,-0.39,-1.6741006088461463
M1 Direct NN,881,886,6,1.34,-1.800094080483635
M1 Direct NN,882,887,6,2.26,-0.2968636416080196
M1 Direct NN,883,888,6,3.8,-0.19342395262748882
M1 Direct NN,884,889,6,-2.13,-0.19353238964533173
M1 Direct NN,885,890,6,-1.84,0.2532193322357946
M1 Direct NN,886,891,6,-2.4,1.6463906455321389
M1 Direct NN,887,892,6,3.06,0.06203483697573022
M1 Direct NN,888,893,6,5.98,2.4788553015372323
M1 Direct NN,889,894,6,-0.64,1.5069945074298514
M1 Direct NN,890,895,6,6.06,0.3444033006603971
M1 Direct NN,891,896,6,7.88,0.1410281222316798
M1 Direct NN,892,897,6,8.01,-0.7516925560297766
M1 Direct NN,893,898,6,2.08,-0.17448723336578068
M1 Direct NN,894,899,6,4.2,-0.7340017247327081
M1 Direct NN,895,900,6,-3.29,-0.709948813750097
M1 Direct NN,896,901,6,-14.91,1.0500222139224835
M1 Direct NN,897,902,6,8.79,0.8142281734180505
M1 Direct NN,898,903,6,1.92,-0.06938540886757044
M1 Direct NN,899,904,6,0.61,1.242872216549504
M1 Direct NN,900,905,6,-3.59,1.4000917430664368
M1 Direct NN,901,906,6,-6.57,1.113465523251566
M1 Direct NN,902,907,6,-5.01,-0.5413638383172406
M1 Direct NN,903,908,6,-8.02,0.19037919088959332
M1 Direct NN,904,909,6,-0.63,-1.59951778518887
M1 Direct NN,905,910,6,-5.01,0.004296076037044641
M1 Direct NN,906,911,6,-5.37,-0.1200855689014205
M1 Direct NN,907,912,6,1.3,0.29097380446970045
M1 Direct NN,908,913,6,-6.16,-2.278184079835163
M1 Direct NN,909,914,6,-6.11,-0.8928792909013278
M1 Direct NN,910,915,6,-2.67,-1.2691943846225646
M1 Direct NN,911,916,6,-1.64,-1.6544968840134107
M1 Direct NN,912,917,6,-1.23,-3.394459482195286
M1 Direct NN,913,918,6,-0.05,-1.0800967744580827
M1 Direct NN,914,919,6,8.04,-1.2343247466498788
M1 Direct NN,915,920,6,1.02,-1.3977699894754712
M1 Direct NN,916,921,6,-2.21,-1.70951983756474
M1 Direct NN,917,922,6,-4.18,-1.646514661779708
M1 Direct NN,918,923,6,-2.02,-2.8352749769612524
M1 Direct NN,919,924,6,-1.86,-2.970687781954836
M1 Direct NN,920,925,6,-4.34,-0.9750812527524023
M1 Direct NN,921,926,6,-11.45,-0.5420480547999134
M1 Direct NN,922,927,6,-4.02,-0.3954158040327057
M1 Direct NN,923,928,6,-7.11,-0.1787031620160002
M1 Direct NN,924,929,6,-3.21,-0.3747478987448176
M1 Direct NN,925,930,6,-4.44,-1.440610927372546
M1 Direct NN,797,805,9,12.08,1.3761252099212233
M1 Direct NN,798,806,9,6.72,0.7154211767984395
M1 Direct NN,799,807,9,-0.82,1.2263256814586656
M1 Direct NN,800,808,9,1.54,2.419911888315317
M1 Direct NN,801,809,9,1.43,2.290967442662423
M1 Direct NN,802,810,9,9.82,1.446967134065194
M1 Direct NN,803,811,9,10.38,0.7431339502329981
M1 Direct NN,804,812,9,8.9,0.30331141596927125
M1 Direct NN,805,813,9,10.15,0.8956302573579176
M1 Direct NN,806,814,9,-10.68,1.6651194815068544
M1 Direct NN,807,815,9,-17.34,1.9933129009541384
M1 Direct NN,808,816,9,-3.24,2.225848343558494
M1 Direct NN,809,817,9,-2.65,2.7332323627893715
M1 Direct NN,810,818,9,1.81,1.5053781683430398
M1 Direct NN,811,819,9,-4.48,2.3927002517438134
M1 Direct NN,812,820,9,-0.97,2.2301359351141627
M1 Direct NN,813,821,9,1.24,3.68691156544318
M1 Direct NN,814,822,9,3.06,1.6031356196440105
M1 Direct NN,815,823,9,2.22,1.9068881465190066
M1 Direct NN,816,824,9,-0.14,1.3032767537883252
M1 Direct NN,817,825,9,-1.68,1.1675307220170272
M1 Direct NN,818,826,9,-5.44,2.571996858863177
M1 Direct NN,819,827,9,-2.38,0.9414373336309745
M1 Direct NN,820,828,9,-5.73,0.18275458370050846
M1 Direct NN,821,829,9,-2.56,2.5150899380312466
M1 Direct NN,822,830,9,-3.09,0.9944401746258817
M1 Direct NN,823,831,9,-0.83,0.9264073621907971
M1 Direct NN,824,832,9,-6.68,0.39278813979281935
M1 Direct NN,825,833,9,-0.41,1.7327362854347153
M1 Direct NN,826,834,9,-1.5,1.386285128282201
M1 Direct NN,827,835,9,0.79,3.0098240241569543
M1 Direct NN,828,836,9,4.09,2.2331555730920596
M1 Direct NN,829,837,9,2.09,-0.03792825476526576
M1 Direct NN,830,838,9,4.12,0.571377507643194
M1 Direct NN,831,839,9,11.34,-0.4257148825362291
M1 Direct NN,832,840,9,-5.44,-0.016869674254095524
M1 Direct NN,833,841,9,3.12,-0.1594965185701515
M1 Direct NN,834,842,9,7.31,-0.14224626399988743
M1 Direct NN,835,843,9,7.33,1.9407352469487253
M1 Direct NN,836,844,9,5.34,0.5665684790677376
M1 Direct NN,837,845,9,6.5,1.1000921129476573
M1 Direct NN,838,846,9,3.66,0.11340903899416625
M1 Direct NN,839,847,9,11.61,1.7611037492600399
M1 Direct NN,840,848,9,8.74,1.6804778110830259
M1 Direct NN,841,849,9,8.07,1.0806647389206856
M1 Direct NN,842,850,9,-0.04,2.1314857730511196
M1 Direct NN,843,851,9,-9.0,1.7382670238593168
M1 Direct NN,844,852,9,-4.1,1.6165297540143393
M1 Direct NN,845,853,9,5.89,0.610729547520322
M1 Direct NN,846,854,9,2.71,1.5193122620757562
M1 Direct NN,847,855,9,-2.45,2.188074341119621
M1 Direct NN,848,856,9,6.59,1.7806062876147926
M1 Direct NN,849,857,9,0.97,2.0503339326467263
M1 Direct NN,850,858,9,1.83,1.9514960664868042
M1 Direct NN,851,859,9,1.68,2.1561547219666637
M1 Direct NN,852,860,9,8.82,2.9192782138714906
M1 Direct NN,853,861,9,4.12,1.6576873915388015
M1 Direct NN,854,862,9,6.4,1.1538558583916745
M1 Direct NN,855,863,9,1.1,1.7491206204884522
M1 Direct NN,856,864,9,-10.9,1.6448583539958168
M1 Direct NN,857,865,9,-6.37,0.517275977513824
M1 Direct NN,858,866,9,-0.0,-0.6647380237031513
M1 Direct NN,859,867,9,6.59,-2.7428603551799386
M1 Direct NN,860,868,9,2.56,-1.5789656288883593
M1 Direct NN,861,869,9,2.47,-0.010845778457782035
M1 Direct NN,862,870,9,0.43,-2.1122915119543206
M1 Direct NN,863,871,9,2.64,-1.073129134843865
M1 Direct NN,864,872,9,2.77,-1.2373189524146813
M1 Direct NN,865,873,9,7.86,-1.190466769498253
M1 Direct NN,866,874,9,-0.66,-1.6282770662300199
M1 Direct NN,867,875,9,-9.0,-1.0758514230718161
M1 Direct NN,868,876,9,-17.07,0.7079636186093123
M1 Direct NN,869,877,9,-7.06,-0.2164973741395509
M1 Direct NN,870,878,9,-7.08,0.10594891744512566
M1 Direct NN,871,879,9,4.65,0.6206604172696899
M1 Direct NN,872,880,9,-1.4,0.4110980542756401
M1 Direct NN,873,881,9,2.55,0.9798369612667581
M1 Direct NN,874,882,9,-1.88,2.218031088091207
M1 Direct NN,875,883,9,5.25,1.3351914942885443
M1 Direct NN,876,884,9,-3.21,0.3841333271461104
M1 Direct NN,877,885,9,-0.39,-0.7773391480609211
M1 Direct NN,878,886,9,1.34,0.9371152607500204
M1 Direct NN,879,887,9,2.26,0.2659095244991059
M1 Direct NN,880,888,9,3.8,-1.5559446723299948
M1 Direct NN,881,889,9,-2.13,-1.4053057675293674
M1 Direct NN,882,890,9,-1.84,-0.8672026084752635
M1 Direct NN,883,891,9,-2.4,0.010865218495844098
M1 Direct NN,884,892,9,3.06,-0.14619731120564516
M1 Direct NN,885,893,9,5.98,0.8852553475203382
M1 Direct NN,886,894,9,-0.64,0.8748873835612336
M1 Direct NN,887,895,9,6.06,0.5667546534175715
M1 Direct NN,888,896,9,7.88,0.45724206767149767
M1 Direct NN,889,897,9,8.01,0.6849479128043185
M1 Direct NN,890,898,9,2.08,-0.4374340679257737
M1 Direct NN,891,899,9,4.2,-1.2939815271645512
M1 Direct NN,892,900,9,-3.29,-0.7122496516295398
M1 Direct NN,893,901,9,-14.91,-0.5054052356893943
M1 Direct NN,894,902,9,8.79,-0.737489072159343
M1 Direct NN,895,903,9,1.92,-1.7422417326836195
M1 Direct NN,896,904,9,0.61,-1.0213060182322935
M1 Direct NN,897,905,9,-3.59,0.4506504496711548
M1 Direct NN,898,906,9,-6.57,1.068028284127318
M1 Direct NN,899,907,9,-5.01,-0.3394802301798307
M1 Direct NN,900,908,9,-8.02,0.7061953964032948
M1 Direct NN,901,909,9,-0.63,0.653329033651515
M1 Direct NN,902,910,9,-5.01,-1.4427030387500115
M1 Direct NN,903,911,9,-5.37,1.113992469556353
M1 Direct NN,904,912,9,1.3,2.2386522436365226
M1 Direct NN,905,913,9,-6.16,-0.19977074784835552
M1 Direct NN,906,914,9,-6.11,-1.4578708528023023
M1 Direct NN,907,915,9,-2.67,-1.3878640051668691
M1 Direct NN,908,916,9,-1.64,-1.5096788373214822
M1 Direct NN,909,917,9,-1.23,-2.365323415047563
M1 Direct NN,910,918,9,-0.05,-1.4857941111613566
M1 Direct NN,911,919,9,8.04,-1.3802027012091473
M1 Direct NN,912,920,9,1.02,-2.8632019995856552
M1 Direct NN,913,921,9,-2.21,-2.0286922416559086
M1 Direct NN,914,922,9,-4.18,-0.8996774017720293
M1 Direct NN,915,923,9,-2.02,-2.2595065948010404
M1 Direct NN,916,924,9,-1.86,-2.329235607297481
M1 Direct NN,917,925,9,-4.34,-0.40508942716138124
M1 Direct NN,918,926,9,-11.45,0.1862262412579597
M1 Direct NN,919,927,9,-4.02,-1.5186403435784661
M1 Direct NN,920,928,9,-7.11,-1.6213459064024482
M1 Direct NN,921,929,9,-3.21,-0.6431346051768554
M1 Direct NN,922,930,9,-4.44,-2.4316849995081893
M1 Direct NN,923,931,9,-1.5,-2.041020018302294
M1 Direct NN,924,932,9,1.74,-0.09707175880221558
M1 Direct NN,925,933,9,-5.2,-0.9048324839357844
M1 Direct NN,797,808,12,1.54,1.3458588198337704
M1 Direct NN,798,809,12,1.43,1.588634437201443
M1 Direct NN,799,810,12,9.82,0.9552352913929368
M1 Direct NN,800,811,12,10.38,1.1062987571770817
M1 Direct NN,801,812,12,8.9,0.09279858008564408
M1 Direct NN,802,813,12,10.15,0.4955618437060705
M1 Direct NN,803,814,12,-10.68,-0.08590257308042396
M1 Direct NN,804,815,12,-17.34,-0.04139795036343702
M1 Direct NN,805,816,12,-3.24,0.7666352824135788
M1 Direct NN,806,817,12,-2.65,2.0393936700669926
M1 Direct NN,807,818,12,1.81,2.723062220308844
M1 Direct NN,808,819,12,-4.48,1.4563129839980478
M1 Direct NN,809,820,12,-0.97,0.5566231269463052
M1 Direct NN,810,821,12,1.24,0.5421766690492722
M1 Direct NN,811,822,12,3.06,1.725205069273855
M1 Direct NN,812,823,12,2.22,2.205149488623446
M1 Direct NN,813,824,12,-0.14,1.7986270942150693
M1 Direct NN,814,825,12,-1.68,1.7168933690371202
M1 Direct NN,815,826,12,-5.44,-0.21608859521440746
M1 Direct NN,816,827,12,-2.38,-0.46340096272518305
M1 Direct NN,817,828,12,-5.73,0.35275723034137546
M1 Direct NN,818,829,12,-2.56,3.0568846509051486
M1 Direct NN,819,830,12,-3.09,1.847827340310585
M1 Direct NN,820,831,12,-0.83,1.4241829951149774
M1 Direct NN,821,832,12,-6.68,2.0979121158585445
M1 Direct NN,822,833,12,-0.41,1.599875934684717
M1 Direct NN,823,834,12,-1.5,1.1289494470895844
M1 Direct NN,824,835,12,0.79,1.4412485529115329
M1 Direct NN,825,836,12,4.09,1.8260706936596047
M1 Direct NN,826,837,12,2.09,2.942082043016923
M1 Direct NN,827,838,12,4.12,1.5540505287650745
M1 Direct NN,828,839,12,11.34,0.40436229946102653
M1 Direct NN,829,840,12,-5.44,1.1490598141531352
M1 Direct NN,830,841,12,3.12,1.3828585578209631
M1 Direct NN,831,842,12,7.31,1.8700471679873152
M1 Direct NN,832,843,12,7.33,2.043284456640008
M1 Direct NN,833,844,12,5.34,0.7353634316057166
M1 Direct NN,834,845,12,6.5,-0.1072690033207819
M1 Direct NN,835,846,12,3.66,0.5284605993165541
M1 Direct NN,836,847,12,11.61,0.6642747903225266
M1 Direct NN,837,848,12,8.74,1.125108952511177
M1 Direct NN,838,849,12,8.07,1.0766814717688755
M1 Direct NN,839,850,12,-0.04,-0.009787525191055219
M1 Direct NN,840,851,12,-9.0,1.7248835302919352
M1 Direct NN,841,852,12,-4.1,2.446089695525606
M1 Direct NN,842,853,12,5.89,1.2637937446126584
M1 Direct NN,843,854,12,2.71,2.2734748733635533
M1 Direct NN,844,855,12,-2.45,2.260142548038872
M1 Direct NN,845,856,12,6.59,1.8363822014720952
M1 Direct NN,846,857,12,0.97,1.763393182359866
M1 Direct NN,847,858,12,1.83,1.9306935422720342
M1 Direct NN,848,859,12,1.68,3.183844400362084
M1 Direct NN,849,860,12,8.82,2.795274928894469
M1 Direct NN,850,861,12,4.12,2.317584580254028
M1 Direct NN,851,862,12,6.4,1.4635193321500135
M1 Direct NN,852,863,12,1.1,1.2802191100516223
M1 Direct NN,853,864,12,-10.9,1.3896227486498425
M1 Direct NN,854,865,12,-6.37,0.7431328027596132
M1 Direct NN,855,866,12,-0.0,1.3299065289276928
M1 Direct NN,856,867,12,6.59,-0.10663985871282547
M1 Direct NN,857,868,12,2.56,-0.24513164497926201
M1 Direct NN,858,869,12,2.47,-1.3309164337805823
M1 Direct NN,859,870,12,0.43,-1.5338502383444623
M1 Direct NN,860,871,12,2.64,-1.4917731524950772
M1 Direct NN,861,872,12,2.77,0.5484716603022273
M1 Direct NN,862,873,12,7.86,-2.196569617009416
M1 Direct NN,863,874,12,-0.66,-0.8658345355260391
M1 Direct NN,864,875,12,-9.0,-1.0296869257554202
M1 Direct NN,865,876,12,-17.07,-0.7822833730872077
M1 Direct NN,866,877,12,-7.06,-2.5131656378723126
M1 Direct NN,867,878,12,-7.08,-0.7349138380413152
M1 Direct NN,868,879,12,4.65,1.2929564233679656
M1 Direct NN,869,880,12,-1.4,0.7798148354989012
M1 Direct NN,870,881,12,2.55,-1.276095356497537
M1 Direct NN,871,882,12,-1.88,0.05840072111211542
M1 Direct NN,872,883,12,5.25,-0.2722182537079737
M1 Direct NN,873,884,12,-3.21,-0.4829161941115573
M1 Direct NN,874,885,12,-0.39,1.5551409581432467
M1 Direct NN,875,886,12,1.34,1.88701288380769
M1 Direct NN,876,887,12,2.26,0.5131917436388417
M1 Direct NN,877,888,12,3.8,-0.020577476825200364
M1 Direct NN,878,889,12,-2.13,0.08597346174198539
M1 Direct NN,879,890,12,-1.84,0.46041210910741603
M1 Direct NN,880,891,12,-2.4,2.072864723842347
M1 Direct NN,881,892,12,3.06,0.26878247121107457
M1 Direct NN,882,893,12,5.98,1.4984030138526025
M1 Direct NN,883,894,12,-0.64,0.766013516713028
M1 Direct NN,884,895,12,6.06,0.6385863402668629
M1 Direct NN,885,896,12,7.88,-0.375843342125738
M1 Direct NN,886,897,12,8.01,1.4016990932436089
M1 Direct NN,887,898,12,2.08,0.8576547236058012
M1 Direct NN,888,899,12,4.2,0.0292731127784579
M1 Direct NN,889,900,12,-3.29,0.6141894875678034
M1 Direct NN,890,901,12,-14.91,-0.02927172600452682
M1 Direct NN,891,902,12,8.79,-2.055441046199452
M1 Direct NN,892,903,12,1.92,-0.9469972404504556
M1 Direct NN,893,904,12,0.61,0.13105983298430543
M1 Direct NN,894,905,12,-3.59,-0.40844582842044497
M1 Direct NN,895,906,12,-6.57,-1.4104348378189968
M1 Direct NN,896,907,12,-5.01,-0.19368445974432283
M1 Direct NN,897,908,12,-8.02,0.6074709305405886
M1 Direct NN,898,909,12,-0.63,0.6647669923025423
M1 Direct NN,899,910,12,-5.01,-0.604865747885986
M1 Direct NN,900,911,12,-5.37,0.8524898182054552
M1 Direct NN,901,912,12,1.3,1.4289860454918244
M1 Direct NN,902,913,12,-6.16,-0.6888476076688043
M1 Direct NN,903,914,12,-6.11,1.0594703145256352
M1 Direct NN,904,915,12,-2.67,1.4808088954373064
M1 Direct NN,905,916,12,-1.64,0.5094107337720893
M1 Direct NN,906,917,12,-1.23,-1.1794186430331675
M1 Direct NN,907,918,12,-0.05,-0.41343248580055747
M1 Direct NN,908,919,12,8.04,-0.5918199220387851
M1 Direct NN,909,920,12,1.02,-0.9865391150962421
M1 Direct NN,910,921,12,-2.21,-0.9535805449905319
M1 Direct NN,911,922,12,-4.18,-1.4430365821006685
M1 Direct NN,912,923,12,-2.02,-1.9039173674416974
M1 Direct NN,913,924,12,-1.86,-0.39978839133225375
M1 Direct NN,914,925,12,-4.34,-1.0116552669870347
M1 Direct NN,915,926,12,-11.45,-1.0048069813474994
M1 Direct NN,916,927,12,-4.02,-2.785964421778446
M1 Direct NN,917,928,12,-7.11,-1.3662693975049889
M1 Direct NN,918,929,12,-3.21,-1.1181725573242216
M1 Direct NN,919,930,12,-4.44,-1.9457159510652042
M1 Direct NN,920,931,12,-1.5,-1.4315317524357916
M1 Direct NN,921,932,12,1.74,-0.38670707252820247
M1 Direct NN,922,933,12,-5.2,-0.873511402388214
M1 Direct NN,923,934,12,-3.7,-1.2247411290067298
M1 Direct NN,924,935,12,5.28,0.35159890677048244
M1 Direct NN,925,936,12,1.47,0.09139263027572644
M2 HHSA single ResNet,797,797,1,-5.05,2.460370982016598
M2 HHSA single ResNet,798,798,1,1.4,7.022824929851279
M2 HHSA single ResNet,799,799,1,8.25,12.468529948004786
M2 HHSA single ResNet,800,800,1,0.09,5.082636042250561
M2 HHSA single ResNet,801,801,1,0.14,7.5095146002356605
M2 HHSA single ResNet,802,802,1,3.66,7.951318375316545
M2 HHSA single ResNet,803,803,1,1.48,3.4004571652634596
M2 HHSA single ResNet,804,804,1,7.96,12.495593180070149
M2 HHSA single ResNet,805,805,1,12.08,19.595387925386767
M2 HHSA single ResNet,806,806,1,6.72,13.179736802901564
M2 HHSA single ResNet,807,807,1,-0.82,5.475525998807221
M2 HHSA single ResNet,808,808,1,1.54,7.924398000970162
M2 HHSA single ResNet,809,809,1,1.43,3.52751880725126
M2 HHSA single ResNet,810,810,1,9.82,8.658688669890578
M2 HHSA single ResNet,811,811,1,10.38,12.74855632647673
M2 HHSA single ResNet,812,812,1,8.9,17.143930862964798
M2 HHSA single ResNet,813,813,1,10.15,16.960550721428064
M2 HHSA single ResNet,814,814,1,-10.68,-2.703120771769184
M2 HHSA single ResNet,815,815,1,-17.34,-7.92615695173482
M2 HHSA single ResNet,816,816,1,-3.24,-2.5028390670544822
M2 HHSA single ResNet,817,817,1,-2.65,-6.870284255027462
M2 HHSA single ResNet,818,818,1,1.81,3.2675217454348098
M2 HHSA single ResNet,819,819,1,-4.48,1.9534715955781026
M2 HHSA single ResNet,820,820,1,-0.97,2.549668352105678
M2 HHSA single ResNet,821,821,1,1.24,2.2028526677380764
M2 HHSA single ResNet,822,822,1,3.06,4.499879871488225
M2 HHSA single ResNet,823,823,1,2.22,4.456721890129877
M2 HHSA single ResNet,824,824,1,-0.14,3.1610954026127818
M2 HHSA single ResNet,825,825,1,-1.68,2.7143141988208335
M2 HHSA single ResNet,826,826,1,-5.44,-3.8043074385960978
M2 HHSA single ResNet,827,827,1,-2.38,-1.2066261984350615
M2 HHSA single ResNet,828,828,1,-5.73,-2.9542402230327913
M2 HHSA single ResNet,829,829,1,-2.56,0.8047280924436466
M2 HHSA single ResNet,830,830,1,-3.09,-2.5493641716264612
M2 HHSA single ResNet,831,831,1,-0.83,-4.011484353842357
M2 HHSA single ResNet,832,832,1,-6.68,-8.179779901466736
M2 HHSA single ResNet,833,833,1,-0.41,-1.7966883787278352
M2 HHSA single ResNet,834,834,1,-1.5,-1.867694312924174
M2 HHSA single ResNet,835,835,1,0.79,2.1930484753753845
M2 HHSA single ResNet,836,836,1,4.09,5.977655930795307
M2 HHSA single ResNet,837,837,1,2.09,3.748836311085758
M2 HHSA single ResNet,838,838,1,4.12,8.654017554707186
M2 HHSA single ResNet,839,839,1,11.34,10.731728259370318
M2 HHSA single ResNet,840,840,1,-5.44,-7.904138258285716
M2 HHSA single ResNet,841,841,1,3.12,4.583435357956071
M2 HHSA single ResNet,842,842,1,7.31,8.892787288392231
M2 HHSA single ResNet,843,843,1,7.33,8.143656028060576
M2 HHSA single ResNet,844,844,1,5.34,7.5874777053463225
M2 HHSA single ResNet,845,845,1,6.5,8.004990352564562
M2 HHSA single ResNet,846,846,1,3.66,1.516131127533581
M2 HHSA single ResNet,847,847,1,11.61,8.882837082151653
M2 HHSA single ResNet,848,848,1,8.74,9.418031931538525
M2 HHSA single ResNet,849,849,1,8.07,10.137598288586403
M2 HHSA single ResNet,850,850,1,-0.04,0.21955334880466087
M2 HHSA single ResNet,851,851,1,-9.0,-12.052068607501372
M2 HHSA single ResNet,852,852,1,-4.1,-5.38576664029354
M2 HHSA single ResNet,853,853,1,5.89,-0.24654329833194918
M2 HHSA single ResNet,854,854,1,2.71,-4.5288156760389215
M2 HHSA single ResNet,855,855,1,-2.45,-3.9661044366129903
M2 HHSA single ResNet,856,856,1,6.59,6.276350823092649
M2 HHSA single ResNet,857,857,1,0.97,-6.351577844228902
M2 HHSA single ResNet,858,858,1,1.83,0.3665534432941394
M2 HHSA single ResNet,859,859,1,1.68,2.772851311968251
M2 HHSA single ResNet,860,860,1,8.82,8.471398213580834
M2 HHSA single ResNet,861,861,1,4.12,6.769226564936115
M2 HHSA single ResNet,862,862,1,6.4,7.1556115118703865
M2 HHSA single ResNet,863,863,1,1.1,-2.3087877861372
M2 HHSA single ResNet,864,864,1,-10.9,-15.200739112905154
M2 HHSA single ResNet,865,865,1,-6.37,-7.845173900890372
M2 HHSA single ResNet,866,866,1,-0.0,-0.6115596374952886
M2 HHSA single ResNet,867,867,1,6.59,5.986988858798992
M2 HHSA single ResNet,868,868,1,2.56,0.012464058496498287
M2 HHSA single ResNet,869,869,1,2.47,2.9526659906210484
M2 HHSA single ResNet,870,870,1,0.43,-1.1814403825788982
M2 HHSA single ResNet,871,871,1,2.64,0.029941454561493594
M2 HHSA single ResNet,872,872,1,2.77,-1.0822401486328541
M2 HHSA single ResNet,873,873,1,7.86,3.513568584879242
M2 HHSA single ResNet,874,874,1,-0.66,-4.589628878099668
M2 HHSA single ResNet,875,875,1,-9.0,-16.433179963544678
M2 HHSA single ResNet,876,876,1,-17.07,-20.87214138677528
M2 HHSA single ResNet,877,877,1,-7.06,-16.943182020303063
M2 HHSA single ResNet,878,878,1,-7.08,-14.752423683656811
M2 HHSA single ResNet,879,879,1,4.65,-6.114323731274058
M2 HHSA single ResNet,880,880,1,-1.4,-5.777276524839404
M2 HHSA single ResNet,881,881,1,2.55,-2.222906875008888
M2 HHSA single ResNet,882,882,1,-1.88,-4.223367268133616
M2 HHSA single ResNet,883,883,1,5.25,-2.6126650913609795
M2 HHSA single ResNet,884,884,1,-3.21,-5.714286902041359
M2 HHSA single ResNet,885,885,1,-0.39,-0.014355028065991399
M2 HHSA single ResNet,886,886,1,1.34,3.126569681980611
M2 HHSA single ResNet,887,887,1,2.26,1.4377492499699556
M2 HHSA single ResNet,888,888,1,3.8,2.641458423277331
M2 HHSA single ResNet,889,889,1,-2.13,-2.80999047186093
M2 HHSA single ResNet,890,890,1,-1.84,-2.585446543054633
M2 HHSA single ResNet,891,891,1,-2.4,1.3595294993060099
M2 HHSA single ResNet,892,892,1,3.06,6.852067430581809
M2 HHSA single ResNet,893,893,1,5.98,8.212600492149308
M2 HHSA single ResNet,894,894,1,-0.64,2.3489087384869003
M2 HHSA single ResNet,895,895,1,6.06,11.625515252577541
M2 HHSA single ResNet,896,896,1,7.88,6.6066531518279294
M2 HHSA single ResNet,897,897,1,8.01,2.5513215149188038
M2 HHSA single ResNet,898,898,1,2.08,0.5290611584629573
M2 HHSA single ResNet,899,899,1,4.2,1.6021097134744047
M2 HHSA single ResNet,900,900,1,-3.29,-7.23017540740877
M2 HHSA single ResNet,901,901,1,-14.91,-14.917665546064642
M2 HHSA single ResNet,902,902,1,8.79,-3.324319124140889
M2 HHSA single ResNet,903,903,1,1.92,-6.277799473602592
M2 HHSA single ResNet,904,904,1,0.61,0.6888636301638127
M2 HHSA single ResNet,905,905,1,-3.59,-3.810029056354871
M2 HHSA single ResNet,906,906,1,-6.57,-4.151215149912903
M2 HHSA single ResNet,907,907,1,-5.01,-2.9979500338591047
M2 HHSA single ResNet,908,908,1,-8.02,-7.363575280937731
M2 HHSA single ResNet,909,909,1,-0.63,-2.923030794844476
M2 HHSA single ResNet,910,910,1,-5.01,-4.959048972564191
M2 HHSA single ResNet,911,911,1,-5.37,-3.94892596201928
M2 HHSA single ResNet,912,912,1,1.3,-1.332287502549605
M2 HHSA single ResNet,913,913,1,-6.16,-8.086942317764981
M2 HHSA single ResNet,914,914,1,-6.11,-6.47876573257301
M2 HHSA single ResNet,915,915,1,-2.67,-1.307619795095184
M2 HHSA single ResNet,916,916,1,-1.64,-1.095075250228695
M2 HHSA single ResNet,917,917,1,-1.23,-1.003553452564196
M2 HHSA single ResNet,918,918,1,-0.05,0.7697168216805709
M2 HHSA single ResNet,919,919,1,8.04,5.99971316260581
M2 HHSA single ResNet,920,920,1,1.02,-1.8044668154126662
M2 HHSA single ResNet,921,921,1,-2.21,-1.8051653232130274
M2 HHSA single ResNet,922,922,1,-4.18,-1.647518341932502
M2 HHSA single ResNet,923,923,1,-2.02,-0.5434945789464158
M2 HHSA single ResNet,924,924,1,-1.86,-1.7772718552413138
M2 HHSA single ResNet,925,925,1,-4.34,-4.72690252140376
M2 HHSA single ResNet,797,799,3,8.25,5.668617534425673
M2 HHSA single ResNet,798,800,3,0.09,6.976914298246554
M2 HHSA single ResNet,799,801,3,0.14,4.734491137691976
M2 HHSA single ResNet,800,802,3,3.66,4.188514266923209
M2 HHSA single ResNet,801,803,3,1.48,5.7678166747833215
M2 HHSA single ResNet,802,804,3,7.96,9.5431420794511
M2 HHSA single ResNet,803,805,3,12.08,12.244666989999413
M2 HHSA single ResNet,804,806,3,6.72,11.077112336862717
M2 HHSA single ResNet,805,807,3,-0.82,3.895451020683945
M2 HHSA single ResNet,806,808,3,1.54,3.7367519228500417
M2 HHSA single ResNet,807,809,3,1.43,7.256619269694788
M2 HHSA single ResNet,808,810,3,9.82,10.238485260014718
M2 HHSA single ResNet,809,811,3,10.38,11.592379936502448
M2 HHSA single ResNet,810,812,3,8.9,8.225988781429535
M2 HHSA single ResNet,811,813,3,10.15,2.4509231536958924
M2 HHSA single ResNet,812,814,3,-10.68,-3.514196218250739
M2 HHSA single ResNet,813,815,3,-17.34,-6.479620363931066
M2 HHSA single ResNet,814,816,3,-3.24,-0.9411006515006632
M2 HHSA single ResNet,815,817,3,-2.65,3.1778996503619488
M2 HHSA single ResNet,816,818,3,1.81,4.940630611791205
M2 HHSA single ResNet,817,819,3,-4.48,1.9251000281395134
M2 HHSA single ResNet,818,820,3,-0.97,0.5974740273583915
M2 HHSA single ResNet,819,821,3,1.24,-2.1444461611967855
M2 HHSA single ResNet,820,822,3,3.06,-3.696192038764772
M2 HHSA single ResNet,821,823,3,2.22,-0.399626638317869
M2 HHSA single ResNet,822,824,3,-0.14,0.9151137423024677
M2 HHSA single ResNet,823,825,3,-1.68,-0.6043288286390701
M2 HHSA single ResNet,824,826,3,-5.44,-2.7921073634783924
M2 HHSA single ResNet,825,827,3,-2.38,-5.110540173290498
M2 HHSA single ResNet,826,828,3,-5.73,-3.355354144976824
M2 HHSA single ResNet,827,829,3,-2.56,-2.6354718116363145
M2 HHSA single ResNet,828,830,3,-3.09,-2.1177895156763964
M2 HHSA single ResNet,829,831,3,-0.83,-4.740722945005315
M2 HHSA single ResNet,830,832,3,-6.68,-5.8939241216192375
M2 HHSA single ResNet,831,833,3,-0.41,-4.846804764183495
M2 HHSA single ResNet,832,834,3,-1.5,-4.560076455206386
M2 HHSA single ResNet,833,835,3,0.79,-1.9742731188211633
M2 HHSA single ResNet,834,836,3,4.09,0.9886004707748008
M2 HHSA single ResNet,835,837,3,2.09,2.3115159768943094
M2 HHSA single ResNet,836,838,3,4.12,0.5141707690009264
M2 HHSA single ResNet,837,839,3,11.34,1.0033911476592747
M2 HHSA single ResNet,838,840,3,-5.44,-1.6378133514410527
M2 HHSA single ResNet,839,841,3,3.12,-3.759115463721291
M2 HHSA single ResNet,840,842,3,7.31,-1.8472917323147053
M2 HHSA single ResNet,841,843,3,7.33,3.4243777252826213
M2 HHSA single ResNet,842,844,3,5.34,3.0838155225630275
M2 HHSA single ResNet,843,845,3,6.5,1.6280382685241073
M2 HHSA single ResNet,844,846,3,3.66,0.8276677126523915
M2 HHSA single ResNet,845,847,3,11.61,1.8665203095774965
M2 HHSA single ResNet,846,848,3,8.74,4.891572825860755
M2 HHSA single ResNet,847,849,3,8.07,3.6234716874213064
M2 HHSA single ResNet,848,850,3,-0.04,0.4940994332435454
M2 HHSA single ResNet,849,851,3,-9.0,-3.905706659940928
M2 HHSA single ResNet,850,852,3,-4.1,-5.05371504800445
M2 HHSA single ResNet,851,853,3,5.89,-2.6036419043038603
M2 HHSA single ResNet,852,854,3,2.71,-0.20381995293360383
M2 HHSA single ResNet,853,855,3,-2.45,-1.3964236466649393
M2 HHSA single ResNet,854,856,3,6.59,-3.60399207573433
M2 HHSA single ResNet,855,857,3,0.97,-5.154950264535589
M2 HHSA single ResNet,856,858,3,1.83,-4.945354888712761
M2 HHSA single ResNet,857,859,3,1.68,0.09991424210356681
M2 HHSA single ResNet,858,860,3,8.82,5.020487359462362
M2 HHSA single ResNet,859,861,3,4.12,5.589281720417889
M2 HHSA single ResNet,860,862,3,6.4,2.9890727810473887
M2 HHSA single ResNet,861,863,3,1.1,1.9574788353961767
M2 HHSA single ResNet,862,864,3,-10.9,-3.172218823444369
M2 HHSA single ResNet,863,865,3,-6.37,-4.706732850874361
M2 HHSA single ResNet,864,866,3,-0.0,-2.7762106127038333
M2 HHSA single ResNet,865,867,3,6.59,0.8182733657433338
M2 HHSA single ResNet,866,868,3,2.56,2.8411766029759846
M2 HHSA single ResNet,867,869,3,2.47,0.9130961999823121
M2 HHSA single ResNet,868,870,3,0.43,-1.7301329571140047
M2 HHSA single ResNet,869,871,3,2.64,-2.9518827486523795
M2 HHSA single ResNet,870,872,3,2.77,1.0298238976121463
M2 HHSA single ResNet,871,873,3,7.86,3.6063695742566546
M2 HHSA single ResNet,872,874,3,-0.66,1.9962046600158296
M2 HHSA single ResNet,873,875,3,-9.0,-5.249937255761247
M2 HHSA single ResNet,874,876,3,-17.07,-6.442781020811559
M2 HHSA single ResNet,875,877,3,-7.06,-5.366230566203547
M2 HHSA single ResNet,876,878,3,-7.08,-3.5194436154761433
M2 HHSA single ResNet,877,879,3,4.65,-2.024294830605854
M2 HHSA single ResNet,878,880,3,-1.4,-1.7497598113530182
M2 HHSA single ResNet,879,881,3,2.55,-3.152569629292854
M2 HHSA single ResNet,880,882,3,-1.88,-3.2485915376502583
M2 HHSA single ResNet,881,883,3,5.25,-4.200337340633647
M2 HHSA single ResNet,882,884,3,-3.21,-2.011983718528238
M2 HHSA single ResNet,883,885,3,-0.39,-1.0345777956028712
M2 HHSA single ResNet,884,886,3,1.34,-0.5267428917035042
M2 HHSA single ResNet,885,887,3,2.26,0.3020862304829061
M2 HHSA single ResNet,886,888,3,3.8,-0.46847626287817795
M2 HHSA single ResNet,887,889,3,-2.13,-0.7461021745064604
M2 HHSA single ResNet,888,890,3,-1.84,-1.820431048926801
M2 HHSA single ResNet,889,891,3,-2.4,0.3801250057189236
M2 HHSA single ResNet,890,892,3,3.06,2.0815176417240746
M2 HHSA single ResNet,891,893,3,5.98,3.983267065477383
M2 HHSA single ResNet,892,894,3,-0.64,5.662370302005191
M2 HHSA single ResNet,893,895,3,6.06,3.189926797329543
M2 HHSA single ResNet,894,896,3,7.88,2.445057520077107
M2 HHSA single ResNet,895,897,3,8.01,0.608560539899038
M2 HHSA single ResNet,896,898,3,2.08,0.1732332557513037
M2 HHSA single ResNet,897,899,3,4.2,-1.2900514086242372
M2 HHSA single ResNet,898,900,3,-3.29,-3.0537226321485655
M2 HHSA single ResNet,899,901,3,-14.91,-5.712388999745239
M2 HHSA single ResNet,900,902,3,8.79,-3.823723483561273
M2 HHSA single ResNet,901,903,3,1.92,-1.4613639520182802
M2 HHSA single ResNet,902,904,3,0.61,2.1893080505065527
M2 HHSA single ResNet,903,905,3,-3.59,0.05185525711298602
M2 HHSA single ResNet,904,906,3,-6.57,-5.549024335295976
M2 HHSA single ResNet,905,907,3,-5.01,-7.075671734870361
M2 HHSA single ResNet,906,908,3,-8.02,-4.9489554206847055
M2 HHSA single ResNet,907,909,3,-0.63,-2.6863270503785692
M2 HHSA single ResNet,908,910,3,-5.01,-1.9080561288385576
M2 HHSA single ResNet,909,911,3,-5.37,-4.555425119942694
M2 HHSA single ResNet,910,912,3,1.3,-3.67649253843992
M2 HHSA single ResNet,911,913,3,-6.16,-6.924073419595338
M2 HHSA single ResNet,912,914,3,-6.11,-8.57132192666569
M2 HHSA single ResNet,913,915,3,-2.67,-4.962309392974068
M2 HHSA single ResNet,914,916,3,-1.64,-3.934736631573166
M2 HHSA single ResNet,915,917,3,-1.23,-1.384430754229848
M2 HHSA single ResNet,916,918,3,-0.05,2.248291873263601
M2 HHSA single ResNet,917,919,3,8.04,3.6598811113357805
M2 HHSA single ResNet,918,920,3,1.02,3.2148756806498002
M2 HHSA single ResNet,919,921,3,-2.21,-0.9479515580011915
M2 HHSA single ResNet,920,922,3,-4.18,-1.0280710892357028
M2 HHSA single ResNet,921,923,3,-2.02,-0.3957310540200686
M2 HHSA single ResNet,922,924,3,-1.86,0.43716740733915543
M2 HHSA single ResNet,923,925,3,-4.34,-0.2709225549660697
M2 HHSA single ResNet,924,926,3,-11.45,-1.3652526840108692
M2 HHSA single ResNet,925,927,3,-4.02,-3.033772593842027
M2 HHSA single ResNet,797,802,6,3.66,7.01788654744015
M2 HHSA single ResNet,798,803,6,1.48,7.669222245372589
M2 HHSA single ResNet,799,804,6,7.96,8.63221776508723
M2 HHSA single ResNet,800,805,6,12.08,8.578299950650978
M2 HHSA single ResNet,801,806,6,6.72,9.621113720953803
M2 HHSA single ResNet,802,807,6,-0.82,5.778747907998048
M2 HHSA single ResNet,803,808,6,1.54,3.0588049371609967
M2 HHSA single ResNet,804,809,6,1.43,5.162060092061325
M2 HHSA single ResNet,805,810,6,9.82,8.409569468544428
M2 HHSA single ResNet,806,811,6,10.38,6.5460295459368245
M2 HHSA single ResNet,807,812,6,8.9,2.25838435080711
M2 HHSA single ResNet,808,813,6,10.15,-0.6637146784263139
M2 HHSA single ResNet,809,814,6,-10.68,-2.9755379492481424
M2 HHSA single ResNet,810,815,6,-17.34,-2.9043397175617516
M2 HHSA single ResNet,811,816,6,-3.24,-0.4591940641807336
M2 HHSA single ResNet,812,817,6,-2.65,3.2284902938847986
M2 HHSA single ResNet,813,818,6,1.81,4.801741382287758
M2 HHSA single ResNet,814,819,6,-4.48,3.4744934665513623
M2 HHSA single ResNet,815,820,6,-0.97,2.9408502851781986
M2 HHSA single ResNet,816,821,6,1.24,1.8788703443733161
M2 HHSA single ResNet,817,822,6,3.06,1.4442903571090793
M2 HHSA single ResNet,818,823,6,2.22,2.135906869831338
M2 HHSA single ResNet,819,824,6,-0.14,0.9648681670003821
M2 HHSA single ResNet,820,825,6,-1.68,-0.7270609281430883
M2 HHSA single ResNet,821,826,6,-5.44,-2.6586135743768646
M2 HHSA single ResNet,822,827,6,-2.38,-3.55951444172833
M2 HHSA single ResNet,823,828,6,-5.73,-2.2403147785501227
M2 HHSA single ResNet,824,829,6,-2.56,-1.2579528459960112
M2 HHSA single ResNet,825,830,6,-3.09,-2.184363428707151
M2 HHSA single ResNet,826,831,6,-0.83,-1.130324834220813
M2 HHSA single ResNet,827,832,6,-6.68,0.49837546740338634
M2 HHSA single ResNet,828,833,6,-0.41,1.1439255270732538
M2 HHSA single ResNet,829,834,6,-1.5,2.595009758357734
M2 HHSA single ResNet,830,835,6,0.79,2.1500239546189563
M2 HHSA single ResNet,831,836,6,4.09,2.4852266486367376
M2 HHSA single ResNet,832,837,6,2.09,0.49814237539326556
M2 HHSA single ResNet,833,838,6,4.12,2.2756953836212337
M2 HHSA single ResNet,834,839,6,11.34,1.775381132649421
M2 HHSA single ResNet,835,840,6,-5.44,1.7847298019740487
M2 HHSA single ResNet,836,841,6,3.12,0.499721393791965
M2 HHSA single ResNet,837,842,6,7.31,1.475763487864356
M2 HHSA single ResNet,838,843,6,7.33,5.969604340941064
M2 HHSA single ResNet,839,844,6,5.34,7.382562596671638
M2 HHSA single ResNet,840,845,6,6.5,2.979324285224319
M2 HHSA single ResNet,841,846,6,3.66,9.977541771758295
M2 HHSA single ResNet,842,847,6,11.61,7.156885179679242
M2 HHSA single ResNet,843,848,6,8.74,5.161132357727823
M2 HHSA single ResNet,844,849,6,8.07,5.881505655977013
M2 HHSA single ResNet,845,850,6,-0.04,3.6418583290146636
M2 HHSA single ResNet,846,851,6,-9.0,-2.589200147326011
M2 HHSA single ResNet,847,852,6,-4.1,0.40692139937138705
M2 HHSA single ResNet,848,853,6,5.89,1.2609531066806905
M2 HHSA single ResNet,849,854,6,2.71,3.6950751297804345
M2 HHSA single ResNet,850,855,6,-2.45,1.057173430455922
M2 HHSA single ResNet,851,856,6,6.59,0.7219618413756318
M2 HHSA single ResNet,852,857,6,0.97,3.7954895459430618
M2 HHSA single ResNet,853,858,6,1.83,3.495967719598792
M2 HHSA single ResNet,854,859,6,1.68,3.5930667184161855
M2 HHSA single ResNet,855,860,6,8.82,5.679434990180728
M2 HHSA single ResNet,856,861,6,4.12,2.7229248944762476
M2 HHSA single ResNet,857,862,6,6.4,-0.12755369789448373
M2 HHSA single ResNet,858,863,6,1.1,-1.975360240797998
M2 HHSA single ResNet,859,864,6,-10.9,-4.403704031291864
M2 HHSA single ResNet,860,865,6,-6.37,-4.8954197770014405
M2 HHSA single ResNet,861,866,6,-0.0,-2.179553309881327
M2 HHSA single ResNet,862,867,6,6.59,-0.3910113828020618
M2 HHSA single ResNet,863,868,6,2.56,1.2220559498934418
M2 HHSA single ResNet,864,869,6,2.47,2.316274907021822
M2 HHSA single ResNet,865,870,6,0.43,2.4732850892769136
M2 HHSA single ResNet,866,871,6,2.64,1.4220075221933852
M2 HHSA single ResNet,867,872,6,2.77,0.998206199326161
M2 HHSA single ResNet,868,873,6,7.86,-0.7215044515141793
M2 HHSA single ResNet,869,874,6,-0.66,-3.4548618385730183
M2 HHSA single ResNet,870,875,6,-9.0,-5.599389090578128
M2 HHSA single ResNet,871,876,6,-17.07,-7.206434134975934
M2 HHSA single ResNet,872,877,6,-7.06,-7.1838990940088205
M2 HHSA single ResNet,873,878,6,-7.08,-6.420601120157819
M2 HHSA single ResNet,874,879,6,4.65,-1.3310419611099074
M2 HHSA single ResNet,875,880,6,-1.4,1.2179633936916037
M2 HHSA single ResNet,876,881,6,2.55,1.20321099457892
M2 HHSA single ResNet,877,882,6,-1.88,1.5080326232832333
M2 HHSA single ResNet,878,883,6,5.25,2.3148151238331276
M2 HHSA single ResNet,879,884,6,-3.21,2.8481716773315813
M2 HHSA single ResNet,880,885,6,-0.39,1.7101570731784106
M2 HHSA single ResNet,881,886,6,1.34,1.3749285627931613
M2 HHSA single ResNet,882,887,6,2.26,0.4238824218188758
M2 HHSA single ResNet,883,888,6,3.8,-0.26743935404145525
M2 HHSA single ResNet,884,889,6,-2.13,-0.5664265664427395
M2 HHSA single ResNet,885,890,6,-1.84,0.29317411195536924
M2 HHSA single ResNet,886,891,6,-2.4,0.10885629465941313
M2 HHSA single ResNet,887,892,6,3.06,2.045916639481642
M2 HHSA single ResNet,888,893,6,5.98,6.037453064438001
M2 HHSA single ResNet,889,894,6,-0.64,7.371587992665124
M2 HHSA single ResNet,890,895,6,6.06,9.20482942923725
M2 HHSA single ResNet,891,896,6,7.88,7.2421639229660055
M2 HHSA single ResNet,892,897,6,8.01,6.411142997664706
M2 HHSA single ResNet,893,898,6,2.08,3.677591160402181
M2 HHSA single ResNet,894,899,6,4.2,-0.03378120422117212
M2 HHSA single ResNet,895,900,6,-3.29,-0.8785358164297579
M2 HHSA single ResNet,896,901,6,-14.91,-2.898374812760334
M2 HHSA single ResNet,897,902,6,8.79,-2.866452543406926
M2 HHSA single ResNet,898,903,6,1.92,-2.523575437690639
M2 HHSA single ResNet,899,904,6,0.61,-1.5645268433869908
M2 HHSA single ResNet,900,905,6,-3.59,-3.297077827252023
M2 HHSA single ResNet,901,906,6,-6.57,-3.1853366453522907
M2 HHSA single ResNet,902,907,6,-5.01,-0.19376461283539356
M2 HHSA single ResNet,903,908,6,-8.02,-1.0072320631537173
M2 HHSA single ResNet,904,909,6,-0.63,2.4986068085247695
M2 HHSA single ResNet,905,910,6,-5.01,0.03480096889511536
M2 HHSA single ResNet,906,911,6,-5.37,-3.7076669621092937
M2 HHSA single ResNet,907,912,6,1.3,-5.097127358757821
M2 HHSA single ResNet,908,913,6,-6.16,-4.949366717595861
M2 HHSA single ResNet,909,914,6,-6.11,-3.023988651404413
M2 HHSA single ResNet,910,915,6,-2.67,-0.7676384656692559
M2 HHSA single ResNet,911,916,6,-1.64,0.8398265911685131
M2 HHSA single ResNet,912,917,6,-1.23,1.258915599525129
M2 HHSA single ResNet,913,918,6,-0.05,0.4423996251092269
M2 HHSA single ResNet,914,919,6,8.04,1.1564694683406673
M2 HHSA single ResNet,915,920,6,1.02,0.08557729548747314
M2 HHSA single ResNet,916,921,6,-2.21,-0.8458150600697234
M2 HHSA single ResNet,917,922,6,-4.18,-0.9608337622111626
M2 HHSA single ResNet,918,923,6,-2.02,-1.1673385546096335
M2 HHSA single ResNet,919,924,6,-1.86,-3.306735465538593
M2 HHSA single ResNet,920,925,6,-4.34,-2.0854069753483326
M2 HHSA single ResNet,921,926,6,-11.45,-1.1887280770151163
M2 HHSA single ResNet,922,927,6,-4.02,-1.3670491741465411
M2 HHSA single ResNet,923,928,6,-7.11,-2.404375145977504
M2 HHSA single ResNet,924,929,6,-3.21,-1.8092866931767084
M2 HHSA single ResNet,925,930,6,-4.44,-0.24474457430063293
M2 HHSA single ResNet,797,805,9,12.08,5.121441862310188
M2 HHSA single ResNet,798,806,9,6.72,6.440555142610123
M2 HHSA single ResNet,799,807,9,-0.82,7.440298584418615
M2 HHSA single ResNet,800,808,9,1.54,5.845871519012404
M2 HHSA single ResNet,801,809,9,1.43,6.3569492571893536
M2 HHSA single ResNet,802,810,9,9.82,3.9638632548450405
M2 HHSA single ResNet,803,811,9,10.38,2.5399935584124043
M2 HHSA single ResNet,804,812,9,8.9,4.2173977418593545
M2 HHSA single ResNet,805,813,9,10.15,4.287069533547407
M2 HHSA single ResNet,806,814,9,-10.68,3.1145996241444904
M2 HHSA single ResNet,807,815,9,-17.34,1.734067082674878
M2 HHSA single ResNet,808,816,9,-3.24,0.7745759162072674
M2 HHSA single ResNet,809,817,9,-2.65,-0.0029061122185047306
M2 HHSA single ResNet,810,818,9,1.81,0.8774585162433279
M2 HHSA single ResNet,811,819,9,-4.48,2.2968716047440756
M2 HHSA single ResNet,812,820,9,-0.97,4.099019465769185
M2 HHSA single ResNet,813,821,9,1.24,3.74084862709295
M2 HHSA single ResNet,814,822,9,3.06,1.9894428889972535
M2 HHSA single ResNet,815,823,9,2.22,-0.5432094609685361
M2 HHSA single ResNet,816,824,9,-0.14,-2.324706894531901
M2 HHSA single ResNet,817,825,9,-1.68,-0.7935399134692522
M2 HHSA single ResNet,818,826,9,-5.44,0.11331786658708778
M2 HHSA single ResNet,819,827,9,-2.38,-0.09193490956945669
M2 HHSA single ResNet,820,828,9,-5.73,0.7745705000758378
M2 HHSA single ResNet,821,829,9,-2.56,0.9760223509596129
M2 HHSA single ResNet,822,830,9,-3.09,1.704036577089012
M2 HHSA single ResNet,823,831,9,-0.83,1.995527974675369
M2 HHSA single ResNet,824,832,9,-6.68,1.3142883691527627
M2 HHSA single ResNet,825,833,9,-0.41,0.26641114716020897
M2 HHSA single ResNet,826,834,9,-1.5,-0.5095281520428889
M2 HHSA single ResNet,827,835,9,0.79,0.5980731233263393
M2 HHSA single ResNet,828,836,9,4.09,-0.7028775116522472
M2 HHSA single ResNet,829,837,9,2.09,0.6913313818452478
M2 HHSA single ResNet,830,838,9,4.12,-1.4665735423970698
M2 HHSA single ResNet,831,839,9,11.34,-2.0749415388585284
M2 HHSA single ResNet,832,840,9,-5.44,-2.701837004639323
M2 HHSA single ResNet,833,841,9,3.12,-0.8046599341513145
M2 HHSA single ResNet,834,842,9,7.31,-1.2979243054673628
M2 HHSA single ResNet,835,843,9,7.33,0.15532430699897848
M2 HHSA single ResNet,836,844,9,5.34,0.3081609208246493
M2 HHSA single ResNet,837,845,9,6.5,0.5471845994702631
M2 HHSA single ResNet,838,846,9,3.66,1.8848437473985893
M2 HHSA single ResNet,839,847,9,11.61,1.9640621529160998
M2 HHSA single ResNet,840,848,9,8.74,-2.0695770053831457
M2 HHSA single ResNet,841,849,9,8.07,2.013757598110582
M2 HHSA single ResNet,842,850,9,-0.04,-0.014387235892227984
M2 HHSA single ResNet,843,851,9,-9.0,-1.929431503799317
M2 HHSA single ResNet,844,852,9,-4.1,-2.199756825136203
M2 HHSA single ResNet,845,853,9,5.89,-2.104636492362838
M2 HHSA single ResNet,846,854,9,2.71,-3.4509923349312954
M2 HHSA single ResNet,847,855,9,-2.45,-0.5846360032168092
M2 HHSA single ResNet,848,856,9,6.59,-1.7310820212674154
M2 HHSA single ResNet,849,857,9,0.97,-0.4426790330645543
M2 HHSA single ResNet,850,858,9,1.83,-1.9975770213815585
M2 HHSA single ResNet,851,859,9,1.68,-2.605463271557371
M2 HHSA single ResNet,852,860,9,8.82,-0.6115273851772058
M2 HHSA single ResNet,853,861,9,4.12,-1.3950399245216485
M2 HHSA single ResNet,854,862,9,6.4,-1.4362643747819162
M2 HHSA single ResNet,855,863,9,1.1,-0.9804394460915378
M2 HHSA single ResNet,856,864,9,-10.9,-1.3249083818297867
M2 HHSA single ResNet,857,865,9,-6.37,-1.383161149305242
M2 HHSA single ResNet,858,866,9,-0.0,-1.443251763149522
M2 HHSA single ResNet,859,867,9,6.59,-0.8920610806463347
M2 HHSA single ResNet,860,868,9,2.56,0.5971223648655841
M2 HHSA single ResNet,861,869,9,2.47,-0.24844093176653737
M2 HHSA single ResNet,862,870,9,0.43,-0.8664557611611619
M2 HHSA single ResNet,863,871,9,2.64,-2.3341354284272864
M2 HHSA single ResNet,864,872,9,2.77,-2.890192691070436
M2 HHSA single ResNet,865,873,9,7.86,-5.023457194112374
M2 HHSA single ResNet,866,874,9,-0.66,-5.666363075155678
M2 HHSA single ResNet,867,875,9,-9.0,-5.226786209998483
M2 HHSA single ResNet,868,876,9,-17.07,-4.316117375263264
M2 HHSA single ResNet,869,877,9,-7.06,-4.354108022959329
M2 HHSA single ResNet,870,878,9,-7.08,-4.065991330043379
M2 HHSA single ResNet,871,879,9,4.65,-3.5885541351005514
M2 HHSA single ResNet,872,880,9,-1.4,-1.6918846098753815
M2 HHSA single ResNet,873,881,9,2.55,-1.5692390837307924
M2 HHSA single ResNet,874,882,9,-1.88,-2.0727038083432254
M2 HHSA single ResNet,875,883,9,5.25,-2.318969598911703
M2 HHSA single ResNet,876,884,9,-3.21,-2.669046504628071
M2 HHSA single ResNet,877,885,9,-0.39,-1.9118855532596966
M2 HHSA single ResNet,878,886,9,1.34,-0.9217328812223944
M2 HHSA single ResNet,879,887,9,2.26,-0.14537724275595487
M2 HHSA single ResNet,880,888,9,3.8,-0.35076132909128516
M2 HHSA single ResNet,881,889,9,-2.13,0.018155031652578826
M2 HHSA single ResNet,882,890,9,-1.84,0.47852190335325107
M2 HHSA single ResNet,883,891,9,-2.4,0.8041849558099654
M2 HHSA single ResNet,884,892,9,3.06,-0.920841493484793
M2 HHSA single ResNet,885,893,9,5.98,2.160433217729091
M2 HHSA single ResNet,886,894,9,-0.64,2.617640210857899
M2 HHSA single ResNet,887,895,9,6.06,2.821654388042131
M2 HHSA single ResNet,888,896,9,7.88,3.8255820601194643
M2 HHSA single ResNet,889,897,9,8.01,2.0955955920814513
M2 HHSA single ResNet,890,898,9,2.08,2.5437425136301566
M2 HHSA single ResNet,891,899,9,4.2,0.8154202036545832
M2 HHSA single ResNet,892,900,9,-3.29,-0.2632594673583802
M2 HHSA single ResNet,893,901,9,-14.91,-1.472541209653349
M2 HHSA single ResNet,894,902,9,8.79,-2.5920881556638187
M2 HHSA single ResNet,895,903,9,1.92,-0.2792703787550664
M2 HHSA single ResNet,896,904,9,0.61,-3.413741588670858
M2 HHSA single ResNet,897,905,9,-3.59,-4.177880171101362
M2 HHSA single ResNet,898,906,9,-6.57,-4.213041861721469
M2 HHSA single ResNet,899,907,9,-5.01,-3.074048109762104
M2 HHSA single ResNet,900,908,9,-8.02,-4.899548675731781
M2 HHSA single ResNet,901,909,9,-0.63,-5.388477661233131
M2 HHSA single ResNet,902,910,9,-5.01,-3.596887535489741
M2 HHSA single ResNet,903,911,9,-5.37,-4.3236357925780755
M2 HHSA single ResNet,904,912,9,1.3,-1.926575920855873
M2 HHSA single ResNet,905,913,9,-6.16,-2.813349114479077
M2 HHSA single ResNet,906,914,9,-6.11,-3.832444435230642
M2 HHSA single ResNet,907,915,9,-2.67,-3.2380386467719164
M2 HHSA single ResNet,908,916,9,-1.64,-2.257160210901024
M2 HHSA single ResNet,909,917,9,-1.23,-0.35451921472421943
M2 HHSA single ResNet,910,918,9,-0.05,-0.9646400532322157
M2 HHSA single ResNet,911,919,9,8.04,-0.08573091706697475
M2 HHSA single ResNet,912,920,9,1.02,0.33726142289615546
M2 HHSA single ResNet,913,921,9,-2.21,-1.2546731470949792
M2 HHSA single ResNet,914,922,9,-4.18,-0.642450436147086
M2 HHSA single ResNet,915,923,9,-2.02,-1.1064702611023052
M2 HHSA single ResNet,916,924,9,-1.86,-2.1455245636512537
M2 HHSA single ResNet,917,925,9,-4.34,-2.22958275806318
M2 HHSA single ResNet,918,926,9,-11.45,-2.028712087022979
M2 HHSA single ResNet,919,927,9,-4.02,-1.987628704246974
M2 HHSA single ResNet,920,928,9,-7.11,-2.1426798956596986
M2 HHSA single ResNet,921,929,9,-3.21,-1.3560541970450375
M2 HHSA single ResNet,922,930,9,-4.44,-1.7471083128235816
M2 HHSA single ResNet,923,931,9,-1.5,-2.079761317007815
M2 HHSA single ResNet,924,932,9,1.74,-2.0525043668481664
M2 HHSA single ResNet,925,933,9,-5.2,-1.9829876997793847
M2 HHSA single ResNet,797,808,12,1.54,7.282179604345029
M2 HHSA single ResNet,798,809,12,1.43,8.683446487551626
M2 HHSA single ResNet,799,810,12,9.82,7.3402531720990325
M2 HHSA single ResNet,800,811,12,10.38,7.42241940843061
M2 HHSA single ResNet,801,812,12,8.9,8.490158357769984
M2 HHSA single ResNet,802,813,12,10.15,7.871763375100356
M2 HHSA single ResNet,803,814,12,-10.68,7.657692284661701
M2 HHSA single ResNet,804,815,12,-17.34,6.947057496694626
M2 HHSA single ResNet,805,816,12,-3.24,1.024723987680451
M2 HHSA single ResNet,806,817,12,-2.65,2.1737318322541674
M2 HHSA single ResNet,807,818,12,1.81,5.536537546047305
M2 HHSA single ResNet,808,819,12,-4.48,5.240910648667364
M2 HHSA single ResNet,809,820,12,-0.97,3.8392107596317815
M2 HHSA single ResNet,810,821,12,1.24,4.863449277228471
M2 HHSA single ResNet,811,822,12,3.06,2.8818546587594134
M2 HHSA single ResNet,812,823,12,2.22,0.621580926749105
M2 HHSA single ResNet,813,824,12,-0.14,-1.1668533942950974
M2 HHSA single ResNet,814,825,12,-1.68,0.2959276062179376
M2 HHSA single ResNet,815,826,12,-5.44,0.6530389816058558
M2 HHSA single ResNet,816,827,12,-2.38,-0.6065552291212427
M2 HHSA single ResNet,817,828,12,-5.73,-1.069332105104885
M2 HHSA single ResNet,818,829,12,-2.56,0.10677459141262385
M2 HHSA single ResNet,819,830,12,-3.09,0.41210190764762233
M2 HHSA single ResNet,820,831,12,-0.83,1.072182811628246
M2 HHSA single ResNet,821,832,12,-6.68,2.8089794149792486
M2 HHSA single ResNet,822,833,12,-0.41,3.651381207520639
M2 HHSA single ResNet,823,834,12,-1.5,3.4586926242714386
M2 HHSA single ResNet,824,835,12,0.79,2.502913548436548
M2 HHSA single ResNet,825,836,12,4.09,1.5238860499663551
M2 HHSA single ResNet,826,837,12,2.09,1.769374137207146
M2 HHSA single ResNet,827,838,12,4.12,1.7507049243497386
M2 HHSA single ResNet,828,839,12,11.34,0.9076948460112699
M2 HHSA single ResNet,829,840,12,-5.44,-0.7873142214658609
M2 HHSA single ResNet,830,841,12,3.12,-2.9792264986579626
M2 HHSA single ResNet,831,842,12,7.31,-3.3281028897123965
M2 HHSA single ResNet,832,843,12,7.33,-1.3652048561371557
M2 HHSA single ResNet,833,844,12,5.34,-0.1599504035709364
M2 HHSA single ResNet,834,845,12,6.5,0.6417466974526173
M2 HHSA single ResNet,835,846,12,3.66,1.2362471702480158
M2 HHSA single ResNet,836,847,12,11.61,0.8359684445243258
M2 HHSA single ResNet,837,848,12,8.74,0.6915572080466381
M2 HHSA single ResNet,838,849,12,8.07,-2.787694136609389
M2 HHSA single ResNet,839,850,12,-0.04,-5.924197417091642
M2 HHSA single ResNet,840,851,12,-9.0,-5.489811114077235
M2 HHSA single ResNet,841,852,12,-4.1,-6.0667773653984565
M2 HHSA single ResNet,842,853,12,5.89,-7.912725735145175
M2 HHSA single ResNet,843,854,12,2.71,-8.332446562748327
M2 HHSA single ResNet,844,855,12,-2.45,-8.262059536012863
M2 HHSA single ResNet,845,856,12,6.59,-5.859995811017603
M2 HHSA single ResNet,846,857,12,0.97,-2.765156067786451
M2 HHSA single ResNet,847,858,12,1.83,-1.962964456297883
M2 HHSA single ResNet,848,859,12,1.68,-4.017215342255829
M2 HHSA single ResNet,849,860,12,8.82,-5.692828518776414
M2 HHSA single ResNet,850,861,12,4.12,-5.602841794837404
M2 HHSA single ResNet,851,862,12,6.4,-5.652561944732916
M2 HHSA single ResNet,852,863,12,1.1,-5.048970946574448
M2 HHSA single ResNet,853,864,12,-10.9,-6.952719823278217
M2 HHSA single ResNet,854,865,12,-6.37,-7.285265661670407
M2 HHSA single ResNet,855,866,12,-0.0,-7.421257853358934
M2 HHSA single ResNet,856,867,12,6.59,-5.530243239473475
M2 HHSA single ResNet,857,868,12,2.56,0.032385641040651586
M2 HHSA single ResNet,858,869,12,2.47,1.484416562814447
M2 HHSA single ResNet,859,870,12,0.43,2.9418792261206352
M2 HHSA single ResNet,860,871,12,2.64,2.980582296253075
M2 HHSA single ResNet,861,872,12,2.77,0.7784593013524308
M2 HHSA single ResNet,862,873,12,7.86,-2.6281095580207974
M2 HHSA single ResNet,863,874,12,-0.66,-4.587255479014712
M2 HHSA single ResNet,864,875,12,-9.0,-5.194029548202401
M2 HHSA single ResNet,865,876,12,-17.07,-6.551818424949156
M2 HHSA single ResNet,866,877,12,-7.06,-7.511026260573811
M2 HHSA single ResNet,867,878,12,-7.08,-7.815865662015219
M2 HHSA single ResNet,868,879,12,4.65,-4.669434906689138
M2 HHSA single ResNet,869,880,12,-1.4,-2.78739766117888
M2 HHSA single ResNet,870,881,12,2.55,0.28226780580705546
M2 HHSA single ResNet,871,882,12,-1.88,1.6050599675321924
M2 HHSA single ResNet,872,883,12,5.25,2.1234447843997626
M2 HHSA single ResNet,873,884,12,-3.21,0.23981268492770938
M2 HHSA single ResNet,874,885,12,-0.39,-1.8555354792781142
M2 HHSA single ResNet,875,886,12,1.34,-3.5950564247107986
M2 HHSA single ResNet,876,887,12,2.26,-3.9868660197654524
M2 HHSA single ResNet,877,888,12,3.8,-3.19681374153275
M2 HHSA single ResNet,878,889,12,-2.13,-2.8309307414951124
M2 HHSA single ResNet,879,890,12,-1.84,-2.0076974541379258
M2 HHSA single ResNet,880,891,12,-2.4,-0.7199758789543553
M2 HHSA single ResNet,881,892,12,3.06,0.3985309839091785
M2 HHSA single ResNet,882,893,12,5.98,2.05132342586336
M2 HHSA single ResNet,883,894,12,-0.64,3.606978487927153
M2 HHSA single ResNet,884,895,12,6.06,3.2933635456561174
M2 HHSA single ResNet,885,896,12,7.88,4.979689411703557
M2 HHSA single ResNet,886,897,12,8.01,3.6055914182266866
M2 HHSA single ResNet,887,898,12,2.08,2.4415586341491062
M2 HHSA single ResNet,888,899,12,4.2,0.4028579092551058
M2 HHSA single ResNet,889,900,12,-3.29,-0.15861032802936595
M2 HHSA single ResNet,890,901,12,-14.91,-1.3204451458278457
M2 HHSA single ResNet,891,902,12,8.79,-3.7497064517235272
M2 HHSA single ResNet,892,903,12,1.92,-4.391530248641904
M2 HHSA single ResNet,893,904,12,0.61,-5.388366389740458
M2 HHSA single ResNet,894,905,12,-3.59,-2.9973833927375115
M2 HHSA single ResNet,895,906,12,-6.57,-2.7739062152810954
M2 HHSA single ResNet,896,907,12,-5.01,-2.5603298001992405
M2 HHSA single ResNet,897,908,12,-8.02,-3.6633588894927067
M2 HHSA single ResNet,898,909,12,-0.63,-5.212399152685373
M2 HHSA single ResNet,899,910,12,-5.01,-6.151188768282763
M2 HHSA single ResNet,900,911,12,-5.37,-6.7329593066692235
M2 HHSA single ResNet,901,912,12,1.3,-6.687908892141901
M2 HHSA single ResNet,902,913,12,-6.16,-5.215720073247356
M2 HHSA single ResNet,903,914,12,-6.11,-5.487293546294696
M2 HHSA single ResNet,904,915,12,-2.67,-7.416930433337651
M2 HHSA single ResNet,905,916,12,-1.64,-6.8771868536977525
M2 HHSA single ResNet,906,917,12,-1.23,-3.342765726855083
M2 HHSA single ResNet,907,918,12,-0.05,-0.9553900674457054
M2 HHSA single ResNet,908,919,12,8.04,-0.19239982906566036
M2 HHSA single ResNet,909,920,12,1.02,-0.35750024399730074
M2 HHSA single ResNet,910,921,12,-2.21,-1.2597829419317093
M2 HHSA single ResNet,911,922,12,-4.18,-2.796802758845928
M2 HHSA single ResNet,912,923,12,-2.02,-3.354313758167787
M2 HHSA single ResNet,913,924,12,-1.86,-1.9926772964958444
M2 HHSA single ResNet,914,925,12,-4.34,-1.5187426880560129
M2 HHSA single ResNet,915,926,12,-11.45,-1.0047281630739826
M2 HHSA single ResNet,916,927,12,-4.02,0.15629786051612968
M2 HHSA single ResNet,917,928,12,-7.11,0.8938493774498023
M2 HHSA single ResNet,918,929,12,-3.21,0.939886834205726
M2 HHSA single ResNet,919,930,12,-4.44,-0.6326289076110141
M2 HHSA single ResNet,920,931,12,-1.5,-0.340251408981051
M2 HHSA single ResNet,921,932,12,1.74,0.6775508875483177
M2 HHSA single ResNet,922,933,12,-5.2,0.7909411148469871
M2 HHSA single ResNet,923,934,12,-3.7,0.2716057380583797
M2 HHSA single ResNet,924,935,12,5.28,-0.3358546107409758
M2 HHSA single ResNet,925,936,12,1.47,-0.8652208083000361
M4 Dual physical reconstruction,797,797,1,-5.05,-6.888222752350316
M4 Dual physical reconstruction,798,798,1,1.4,-6.788701894654462
M4 Dual physical reconstruction,799,799,1,8.25,-1.957437103503344
M4 Dual physical reconstruction,800,800,1,0.09,-1.896535939681411
M4 Dual physical reconstruction,801,801,1,0.14,0.8765087996039393
M4 Dual physical reconstruction,802,802,1,3.66,-0.874763151119123
M4 Dual physical reconstruction,803,803,1,1.48,5.470065475627811
M4 Dual physical reconstruction,804,804,1,7.96,8.914963137609655
M4 Dual physical reconstruction,805,805,1,12.08,10.66768600908604
M4 Dual physical reconstruction,806,806,1,6.72,5.418002103079376
M4 Dual physical reconstruction,807,807,1,-0.82,0.8480787587907688
M4 Dual physical reconstruction,808,808,1,1.54,0.23726542534943484
M4 Dual physical reconstruction,809,809,1,1.43,-1.808667773397169
M4 Dual physical reconstruction,810,810,1,9.82,8.20658557014893
M4 Dual physical reconstruction,811,811,1,10.38,2.5076441570983694
M4 Dual physical reconstruction,812,812,1,8.9,-1.5895433350726171
M4 Dual physical reconstruction,813,813,1,10.15,1.078546626217579
M4 Dual physical reconstruction,814,814,1,-10.68,-2.952564750750714
M4 Dual physical reconstruction,815,815,1,-17.34,-4.563587835812801
M4 Dual physical reconstruction,816,816,1,-3.24,-3.860257376855555
M4 Dual physical reconstruction,817,817,1,-2.65,1.4410085907225398
M4 Dual physical reconstruction,818,818,1,1.81,-0.16818399677550316
M4 Dual physical reconstruction,819,819,1,-4.48,-3.319717863150965
M4 Dual physical reconstruction,820,820,1,-0.97,-0.6449310739727795
M4 Dual physical reconstruction,821,821,1,1.24,0.5063663842322765
M4 Dual physical reconstruction,822,822,1,3.06,0.6302147875806489
M4 Dual physical reconstruction,823,823,1,2.22,2.173069064520208
M4 Dual physical reconstruction,824,824,1,-0.14,1.1251607948864035
M4 Dual physical reconstruction,825,825,1,-1.68,-0.7668155696636202
M4 Dual physical reconstruction,826,826,1,-5.44,-4.974434153366915
M4 Dual physical reconstruction,827,827,1,-2.38,-5.2194493212904725
M4 Dual physical reconstruction,828,828,1,-5.73,-5.109891613749534
M4 Dual physical reconstruction,829,829,1,-2.56,-3.213251713510765
M4 Dual physical reconstruction,830,830,1,-3.09,-3.5316891060830793
M4 Dual physical reconstruction,831,831,1,-0.83,-4.321745973207075
M4 Dual physical reconstruction,832,832,1,-6.68,-6.580620643182873
M4 Dual physical reconstruction,833,833,1,-0.41,-3.642245999728574
M4 Dual physical reconstruction,834,834,1,-1.5,-0.2316190800811453
M4 Dual physical reconstruction,835,835,1,0.79,0.5185961441699523
M4 Dual physical reconstruction,836,836,1,4.09,2.815617131852343
M4 Dual physical reconstruction,837,837,1,2.09,6.5720864628983655
M4 Dual physical reconstruction,838,838,1,4.12,3.0143203308187942
M4 Dual physical reconstruction,839,839,1,11.34,6.537377896505954
M4 Dual physical reconstruction,840,840,1,-5.44,-4.334140699544633
M4 Dual physical reconstruction,841,841,1,3.12,-2.02219841624386
M4 Dual physical reconstruction,842,842,1,7.31,5.325356385188296
M4 Dual physical reconstruction,843,843,1,7.33,8.298047885883138
M4 Dual physical reconstruction,844,844,1,5.34,9.838535480177786
M4 Dual physical reconstruction,845,845,1,6.5,12.911454933342847
M4 Dual physical reconstruction,846,846,1,3.66,4.761041499017132
M4 Dual physical reconstruction,847,847,1,11.61,4.508912626860514
M4 Dual physical reconstruction,848,848,1,8.74,8.281692768339296
M4 Dual physical reconstruction,849,849,1,8.07,4.396258784857026
M4 Dual physical reconstruction,850,850,1,-0.04,-3.2275555017633772
M4 Dual physical reconstruction,851,851,1,-9.0,-8.89765766038805
M4 Dual physical reconstruction,852,852,1,-4.1,-9.371975601212858
M4 Dual physical reconstruction,853,853,1,5.89,-2.6866759187672296
M4 Dual physical reconstruction,854,854,1,2.71,-0.19243929805336268
M4 Dual physical reconstruction,855,855,1,-2.45,-3.3517664892288375
M4 Dual physical reconstruction,856,856,1,6.59,-0.8243866549495089
M4 Dual physical reconstruction,857,857,1,0.97,3.8105881763163554
M4 Dual physical reconstruction,858,858,1,1.83,7.079167804868966
M4 Dual physical reconstruction,859,859,1,1.68,4.216090673034827
M4 Dual physical reconstruction,860,860,1,8.82,2.794935204344199
M4 Dual physical reconstruction,861,861,1,4.12,2.0943703767707715
M4 Dual physical reconstruction,862,862,1,6.4,1.5712727693708552
M4 Dual physical reconstruction,863,863,1,1.1,-2.8144594317266627
M4 Dual physical reconstruction,864,864,1,-10.9,-5.168769813414325
M4 Dual physical reconstruction,865,865,1,-6.37,1.2671224323635406
M4 Dual physical reconstruction,866,866,1,-0.0,6.1194849063324614
M4 Dual physical reconstruction,867,867,1,6.59,8.652388875665256
M4 Dual physical reconstruction,868,868,1,2.56,5.61429192325878
M4 Dual physical reconstruction,869,869,1,2.47,3.9341131197910104
M4 Dual physical reconstruction,870,870,1,0.43,1.1624303417941366
M4 Dual physical reconstruction,871,871,1,2.64,3.4312230728476916
M4 Dual physical reconstruction,872,872,1,2.77,3.303578794888659
M4 Dual physical reconstruction,873,873,1,7.86,1.3086667196814248
M4 Dual physical reconstruction,874,874,1,-0.66,-6.331857679190657
M4 Dual physical reconstruction,875,875,1,-9.0,-9.735148612498538
M4 Dual physical reconstruction,876,876,1,-17.07,-8.029204405260023
M4 Dual physical reconstruction,877,877,1,-7.06,-13.172678474537795
M4 Dual physical reconstruction,878,878,1,-7.08,-9.110212775946117
M4 Dual physical reconstruction,879,879,1,4.65,-2.4432358192525214
M4 Dual physical reconstruction,880,880,1,-1.4,-4.37657399413372
M4 Dual physical reconstruction,881,881,1,2.55,-2.356001909002991
M4 Dual physical reconstruction,882,882,1,-1.88,-2.266607755135259
M4 Dual physical reconstruction,883,883,1,5.25,-2.943686963537094
M4 Dual physical reconstruction,884,884,1,-3.21,-4.757691349404857
M4 Dual physical reconstruction,885,885,1,-0.39,0.5331129078732316
M4 Dual physical reconstruction,886,886,1,1.34,1.8526912003827283
M4 Dual physical reconstruction,887,887,1,2.26,1.7767361134927828
M4 Dual physical reconstruction,888,888,1,3.8,2.0011057856542744
M4 Dual physical reconstruction,889,889,1,-2.13,-0.766041133343671
M4 Dual physical reconstruction,890,890,1,-1.84,-0.09045443800596487
M4 Dual physical reconstruction,891,891,1,-2.4,-1.388806006790917
M4 Dual physical reconstruction,892,892,1,3.06,-0.44625902082446456
M4 Dual physical reconstruction,893,893,1,5.98,5.264384231161002
M4 Dual physical reconstruction,894,894,1,-0.64,0.6416828363194347
M4 Dual physical reconstruction,895,895,1,6.06,2.491789136720176
M4 Dual physical reconstruction,896,896,1,7.88,5.915439198238195
M4 Dual physical reconstruction,897,897,1,8.01,4.874367630008612
M4 Dual physical reconstruction,898,898,1,2.08,0.1318636982943035
M4 Dual physical reconstruction,899,899,1,4.2,-5.081306444079324
M4 Dual physical reconstruction,900,900,1,-3.29,-3.308834137935491
M4 Dual physical reconstruction,901,901,1,-14.91,-11.546875762900308
M4 Dual physical reconstruction,902,902,1,8.79,-5.688719653411568
M4 Dual physical reconstruction,903,903,1,1.92,1.3659147126822335
M4 Dual physical reconstruction,904,904,1,0.61,1.2838014926134913
M4 Dual physical reconstruction,905,905,1,-3.59,-2.9474799169367456
M4 Dual physical reconstruction,906,906,1,-6.57,-3.9427905103088006
M4 Dual physical reconstruction,907,907,1,-5.01,-0.4926316543207514
M4 Dual physical reconstruction,908,908,1,-8.02,-0.15879432186997022
M4 Dual physical reconstruction,909,909,1,-0.63,-0.7229023017068319
M4 Dual physical reconstruction,910,910,1,-5.01,0.6422314387561654
M4 Dual physical reconstruction,911,911,1,-5.37,0.01702461119572507
M4 Dual physical reconstruction,912,912,1,1.3,-0.2681466105498831
M4 Dual physical reconstruction,913,913,1,-6.16,-3.4963983561235006
M4 Dual physical reconstruction,914,914,1,-6.11,-5.237449165211271
M4 Dual physical reconstruction,915,915,1,-2.67,-4.403296464671743
M4 Dual physical reconstruction,916,916,1,-1.64,-3.4038742786575513
M4 Dual physical reconstruction,917,917,1,-1.23,-3.226466876058504
M4 Dual physical reconstruction,918,918,1,-0.05,-2.8806039399564707
M4 Dual physical reconstruction,919,919,1,8.04,-0.8535014891888602
M4 Dual physical reconstruction,920,920,1,1.02,1.31737506815471
M4 Dual physical reconstruction,921,921,1,-2.21,-2.189783256438462
M4 Dual physical reconstruction,922,922,1,-4.18,-5.120400909164356
M4 Dual physical reconstruction,923,923,1,-2.02,-3.1140137403353925
M4 Dual physical reconstruction,924,924,1,-1.86,-3.625329541054329
M4 Dual physical reconstruction,925,925,1,-4.34,-6.6329045042892005
M4 Dual physical reconstruction,797,799,3,8.25,0.9299604645120174
M4 Dual physical reconstruction,798,800,3,0.09,0.6984982620306968
M4 Dual physical reconstruction,799,801,3,0.14,-1.0611392082202258
M4 Dual physical reconstruction,800,802,3,3.66,-1.1310293131455627
M4 Dual physical reconstruction,801,803,3,1.48,1.7723603863762216
M4 Dual physical reconstruction,802,804,3,7.96,6.433281427327812
M4 Dual physical reconstruction,803,805,3,12.08,3.5775266700486976
M4 Dual physical reconstruction,804,806,3,6.72,1.3468370600631392
M4 Dual physical reconstruction,805,807,3,-0.82,-3.7339488756420343
M4 Dual physical reconstruction,806,808,3,1.54,-2.546031526863286
M4 Dual physical reconstruction,807,809,3,1.43,2.068451059112248
M4 Dual physical reconstruction,808,810,3,9.82,4.437285107337766
M4 Dual physical reconstruction,809,811,3,10.38,10.37646198008851
M4 Dual physical reconstruction,810,812,3,8.9,8.048375863482818
M4 Dual physical reconstruction,811,813,3,10.15,-2.2443185063037343
M4 Dual physical reconstruction,812,814,3,-10.68,-5.074844305568071
M4 Dual physical reconstruction,813,815,3,-17.34,-6.04417516021679
M4 Dual physical reconstruction,814,816,3,-3.24,-11.377200612986792
M4 Dual physical reconstruction,815,817,3,-2.65,-3.2794620229610274
M4 Dual physical reconstruction,816,818,3,1.81,-1.556329001220044
M4 Dual physical reconstruction,817,819,3,-4.48,-3.6348556811833834
M4 Dual physical reconstruction,818,820,3,-0.97,-1.2041582364973036
M4 Dual physical reconstruction,819,821,3,1.24,1.4125473482416164
M4 Dual physical reconstruction,820,822,3,3.06,0.40102128712427876
M4 Dual physical reconstruction,821,823,3,2.22,-0.43807551967741
M4 Dual physical reconstruction,822,824,3,-0.14,-0.20656579479870263
M4 Dual physical reconstruction,823,825,3,-1.68,-3.9390052330778382
M4 Dual physical reconstruction,824,826,3,-5.44,-5.321475550508896
M4 Dual physical reconstruction,825,827,3,-2.38,-6.564485373329628
M4 Dual physical reconstruction,826,828,3,-5.73,-2.5266954767483325
M4 Dual physical reconstruction,827,829,3,-2.56,-2.0450012231283425
M4 Dual physical reconstruction,828,830,3,-3.09,-0.8688654501594186
M4 Dual physical reconstruction,829,831,3,-0.83,-3.2372184792826895
M4 Dual physical reconstruction,830,832,3,-6.68,-1.9380402875888292
M4 Dual physical reconstruction,831,833,3,-0.41,4.745289757886223
M4 Dual physical reconstruction,832,834,3,-1.5,6.120121438961428
M4 Dual physical reconstruction,833,835,3,0.79,7.543290433967012
M4 Dual physical reconstruction,834,836,3,4.09,8.829311859437997
M4 Dual physical reconstruction,835,837,3,2.09,8.7451748213754
M4 Dual physical reconstruction,836,838,3,4.12,5.105618261174738
M4 Dual physical reconstruction,837,839,3,11.34,3.3777350191148274
M4 Dual physical reconstruction,838,840,3,-5.44,-1.9560552550102146
M4 Dual physical reconstruction,839,841,3,3.12,-1.3491533003500444
M4 Dual physical reconstruction,840,842,3,7.31,4.243085990491679
M4 Dual physical reconstruction,841,843,3,7.33,8.51070603391941
M4 Dual physical reconstruction,842,844,3,5.34,6.036297797576458
M4 Dual physical reconstruction,843,845,3,6.5,5.5903449848757285
M4 Dual physical reconstruction,844,846,3,3.66,3.9627445669099455
M4 Dual physical reconstruction,845,847,3,11.61,4.083361915630019
M4 Dual physical reconstruction,846,848,3,8.74,4.65869721394648
M4 Dual physical reconstruction,847,849,3,8.07,6.098571212301563
M4 Dual physical reconstruction,848,850,3,-0.04,4.620171735855303
M4 Dual physical reconstruction,849,851,3,-9.0,-2.73117795656481
M4 Dual physical reconstruction,850,852,3,-4.1,-10.857071486716428
M4 Dual physical reconstruction,851,853,3,5.89,-1.7277011096521822
M4 Dual physical reconstruction,852,854,3,2.71,-1.2258344720933732
M4 Dual physical reconstruction,853,855,3,-2.45,0.8514841568423843
M4 Dual physical reconstruction,854,856,3,6.59,3.998507183760571
M4 Dual physical reconstruction,855,857,3,0.97,4.295904830723067
M4 Dual physical reconstruction,856,858,3,1.83,4.728317374541959
M4 Dual physical reconstruction,857,859,3,1.68,3.9684855991750583
M4 Dual physical reconstruction,858,860,3,8.82,0.7815257027886913
M4 Dual physical reconstruction,859,861,3,4.12,1.04670533114231
M4 Dual physical reconstruction,860,862,3,6.4,0.6004661104850397
M4 Dual physical reconstruction,861,863,3,1.1,-2.970502655135639
M4 Dual physical reconstruction,862,864,3,-10.9,-4.514323399605059
M4 Dual physical reconstruction,863,865,3,-6.37,-1.8140487481227159
M4 Dual physical reconstruction,864,866,3,-0.0,4.188826716708375
M4 Dual physical reconstruction,865,867,3,6.59,10.415419854454735
M4 Dual physical reconstruction,866,868,3,2.56,7.805665068787086
M4 Dual physical reconstruction,867,869,3,2.47,3.3623161188034327
M4 Dual physical reconstruction,868,870,3,0.43,1.5647416200322364
M4 Dual physical reconstruction,869,871,3,2.64,4.178281730987003
M4 Dual physical reconstruction,870,872,3,2.77,8.09173923317775
M4 Dual physical reconstruction,871,873,3,7.86,3.978093642735148
M4 Dual physical reconstruction,872,874,3,-0.66,-4.494914980324074
M4 Dual physical reconstruction,873,875,3,-9.0,-6.791336642816828
M4 Dual physical reconstruction,874,876,3,-17.07,-9.234226994984358
M4 Dual physical reconstruction,875,877,3,-7.06,-9.72226287465065
M4 Dual physical reconstruction,876,878,3,-7.08,-6.218546621024971
M4 Dual physical reconstruction,877,879,3,4.65,-2.91307135556176
M4 Dual physical reconstruction,878,880,3,-1.4,3.7853074497612833
M4 Dual physical reconstruction,879,881,3,2.55,-1.6267908578319406
M4 Dual physical reconstruction,880,882,3,-1.88,-0.9167110855656504
M4 Dual physical reconstruction,881,883,3,5.25,0.6184333732018892
M4 Dual physical reconstruction,882,884,3,-3.21,0.5658639984412739
M4 Dual physical reconstruction,883,885,3,-0.39,0.47728377248430676
M4 Dual physical reconstruction,884,886,3,1.34,1.7730855432499335
M4 Dual physical reconstruction,885,887,3,2.26,4.419076670435972
M4 Dual physical reconstruction,886,888,3,3.8,3.2049885779179434
M4 Dual physical reconstruction,887,889,3,-2.13,2.561626310706501
M4 Dual physical reconstruction,888,890,3,-1.84,-0.33659945516083123
M4 Dual physical reconstruction,889,891,3,-2.4,-1.032298652241919
M4 Dual physical reconstruction,890,892,3,3.06,0.13407641738958054
M4 Dual physical reconstruction,891,893,3,5.98,7.391696618380284
M4 Dual physical reconstruction,892,894,3,-0.64,4.959163377725465
M4 Dual physical reconstruction,893,895,3,6.06,5.427525291961426
M4 Dual physical reconstruction,894,896,3,7.88,4.8763978935367644
M4 Dual physical reconstruction,895,897,3,8.01,3.771681865269853
M4 Dual physical reconstruction,896,898,3,2.08,1.7057043654736428
M4 Dual physical reconstruction,897,899,3,4.2,-2.924167812893335
M4 Dual physical reconstruction,898,900,3,-3.29,1.311510368432229
M4 Dual physical reconstruction,899,901,3,-14.91,-0.9037086956510105
M4 Dual physical reconstruction,900,902,3,8.79,-5.8962663129152455
M4 Dual physical reconstruction,901,903,3,1.92,-0.8530796184215244
M4 Dual physical reconstruction,902,904,3,0.61,-0.6081665537515151
M4 Dual physical reconstruction,903,905,3,-3.59,-3.547192603403299
M4 Dual physical reconstruction,904,906,3,-6.57,-6.317439266825879
M4 Dual physical reconstruction,905,907,3,-5.01,-5.02035445914356
M4 Dual physical reconstruction,906,908,3,-8.02,-4.748749432488898
M4 Dual physical reconstruction,907,909,3,-0.63,-5.072192706116074
M4 Dual physical reconstruction,908,910,3,-5.01,-3.3913845461449066
M4 Dual physical reconstruction,909,911,3,-5.37,-5.040130300050983
M4 Dual physical reconstruction,910,912,3,1.3,-7.125302496916338
M4 Dual physical reconstruction,911,913,3,-6.16,-8.483934234029482
M4 Dual physical reconstruction,912,914,3,-6.11,-6.81138277791589
M4 Dual physical reconstruction,913,915,3,-2.67,-5.384211973877395
M4 Dual physical reconstruction,914,916,3,-1.64,0.021847253515355103
M4 Dual physical reconstruction,915,917,3,-1.23,1.909070970764033
M4 Dual physical reconstruction,916,918,3,-0.05,4.718897673799082
M4 Dual physical reconstruction,917,919,3,8.04,5.752448511481789
M4 Dual physical reconstruction,918,920,3,1.02,6.310590825432832
M4 Dual physical reconstruction,919,921,3,-2.21,-3.170903052616779
M4 Dual physical reconstruction,920,922,3,-4.18,-5.929582750967535
M4 Dual physical reconstruction,921,923,3,-2.02,-6.047735775077559
M4 Dual physical reconstruction,922,924,3,-1.86,-4.691918918452911
M4 Dual physical reconstruction,923,925,3,-4.34,-5.878648281612918
M4 Dual physical reconstruction,924,926,3,-11.45,-7.556298030588313
M4 Dual physical reconstruction,925,927,3,-4.02,-6.627426227942953
M4 Dual physical reconstruction,797,802,6,3.66,3.0123609662866757
M4 Dual physical reconstruction,798,803,6,1.48,5.19130956197526
M4 Dual physical reconstruction,799,804,6,7.96,7.124379552955359
M4 Dual physical reconstruction,800,805,6,12.08,7.2604871107786915
M4 Dual physical reconstruction,801,806,6,6.72,-0.003445257757610398
M4 Dual physical reconstruction,802,807,6,-0.82,-0.6882421637058808
M4 Dual physical reconstruction,803,808,6,1.54,-2.8639948495403953
M4 Dual physical reconstruction,804,809,6,1.43,-3.9389072600007973
M4 Dual physical reconstruction,805,810,6,9.82,-1.2554953408200593
M4 Dual physical reconstruction,806,811,6,10.38,-7.987694801213925
M4 Dual physical reconstruction,807,812,6,8.9,-11.088371765249702
M4 Dual physical reconstruction,808,813,6,10.15,-14.794083049067133
M4 Dual physical reconstruction,809,814,6,-10.68,-14.650700688444124
M4 Dual physical reconstruction,810,815,6,-17.34,-7.2054880846037985
M4 Dual physical reconstruction,811,816,6,-3.24,-6.4721775439225055
M4 Dual physical reconstruction,812,817,6,-2.65,-4.25194920284112
M4 Dual physical reconstruction,813,818,6,1.81,-1.8261813141872396
M4 Dual physical reconstruction,814,819,6,-4.48,-1.0021009327368016
M4 Dual physical reconstruction,815,820,6,-0.97,1.7805781945975776
M4 Dual physical reconstruction,816,821,6,1.24,1.9821020775472813
M4 Dual physical reconstruction,817,822,6,3.06,1.929784321947602
M4 Dual physical reconstruction,818,823,6,2.22,-0.6836343409922837
M4 Dual physical reconstruction,819,824,6,-0.14,0.15950729182541246
M4 Dual physical reconstruction,820,825,6,-1.68,-0.836282651714154
M4 Dual physical reconstruction,821,826,6,-5.44,-0.5199499912545644
M4 Dual physical reconstruction,822,827,6,-2.38,-4.417545684105759
M4 Dual physical reconstruction,823,828,6,-5.73,-3.7721251737763266
M4 Dual physical reconstruction,824,829,6,-2.56,1.2824046560902564
M4 Dual physical reconstruction,825,830,6,-3.09,1.0379632805533099
M4 Dual physical reconstruction,826,831,6,-0.83,1.6687003917547032
M4 Dual physical reconstruction,827,832,6,-6.68,-1.5877443648149803
M4 Dual physical reconstruction,828,833,6,-0.41,-1.9996946146701018
M4 Dual physical reconstruction,829,834,6,-1.5,-1.9246523870702978
M4 Dual physical reconstruction,830,835,6,0.79,1.018616848720947
M4 Dual physical reconstruction,831,836,6,4.09,3.204881714472754
M4 Dual physical reconstruction,832,837,6,2.09,3.101434100054939
M4 Dual physical reconstruction,833,838,6,4.12,0.7410827651519574
M4 Dual physical reconstruction,834,839,6,11.34,-2.708373999772211
M4 Dual physical reconstruction,835,840,6,-5.44,-4.240953361813091
M4 Dual physical reconstruction,836,841,6,3.12,-2.641398309466478
M4 Dual physical reconstruction,837,842,6,7.31,1.3972452574247862
M4 Dual physical reconstruction,838,843,6,7.33,6.447284018759023
M4 Dual physical reconstruction,839,844,6,5.34,8.535373742242466
M4 Dual physical reconstruction,840,845,6,6.5,7.943062356994278
M4 Dual physical reconstruction,841,846,6,3.66,6.899229771670732
M4 Dual physical reconstruction,842,847,6,11.61,1.3011128693723886
M4 Dual physical reconstruction,843,848,6,8.74,-0.1958644354795256
M4 Dual physical reconstruction,844,849,6,8.07,0.6041514678248268
M4 Dual physical reconstruction,845,850,6,-0.04,-2.548982841851264
M4 Dual physical reconstruction,846,851,6,-9.0,-2.6741851761354933
M4 Dual physical reconstruction,847,852,6,-4.1,-2.2588324636038335
M4 Dual physical reconstruction,848,853,6,5.89,-9.075422672066669
M4 Dual physical reconstruction,849,854,6,2.71,-9.338756524961715
M4 Dual physical reconstruction,850,855,6,-2.45,-7.013455654477861
M4 Dual physical reconstruction,851,856,6,6.59,-3.4933017690923025
M4 Dual physical reconstruction,852,857,6,0.97,-1.3810710962845971
M4 Dual physical reconstruction,853,858,6,1.83,0.4564023997556388
M4 Dual physical reconstruction,854,859,6,1.68,-0.10734047041671935
M4 Dual physical reconstruction,855,860,6,8.82,0.14967332853238458
M4 Dual physical reconstruction,856,861,6,4.12,-1.486226367986636
M4 Dual physical reconstruction,857,862,6,6.4,-0.11383493832852754
M4 Dual physical reconstruction,858,863,6,1.1,-6.984194766870376
M4 Dual physical reconstruction,859,864,6,-10.9,-7.674200530692596
M4 Dual physical reconstruction,860,865,6,-6.37,-8.034186711358618
M4 Dual physical reconstruction,861,866,6,-0.0,-6.994925709141193
M4 Dual physical reconstruction,862,867,6,6.59,-1.7916818123820668
M4 Dual physical reconstruction,863,868,6,2.56,7.02923376872314
M4 Dual physical reconstruction,864,869,6,2.47,7.450663024348626
M4 Dual physical reconstruction,865,870,6,0.43,-0.9468612997840875
M4 Dual physical reconstruction,866,871,6,2.64,-3.6399664587843956
M4 Dual physical reconstruction,867,872,6,2.77,-6.1247153694613035
M4 Dual physical reconstruction,868,873,6,7.86,-10.806914616852128
M4 Dual physical reconstruction,869,874,6,-0.66,-10.998572473836719
M4 Dual physical reconstruction,870,875,6,-9.0,-4.167054133905179
M4 Dual physical reconstruction,871,876,6,-17.07,-4.507806037725354
M4 Dual physical reconstruction,872,877,6,-7.06,-7.222743738214607
M4 Dual physical reconstruction,873,878,6,-7.08,-10.243271633794523
M4 Dual physical reconstruction,874,879,6,4.65,-4.708024517905003
M4 Dual physical reconstruction,875,880,6,-1.4,-6.254345682354323
M4 Dual physical reconstruction,876,881,6,2.55,-2.656852982582172
M4 Dual physical reconstruction,877,882,6,-1.88,-1.3972487646827196
M4 Dual physical reconstruction,878,883,6,5.25,-2.0067092826288118
M4 Dual physical reconstruction,879,884,6,-3.21,-0.6969691806750412
M4 Dual physical reconstruction,880,885,6,-0.39,0.8449899269425002
M4 Dual physical reconstruction,881,886,6,1.34,2.0476717373581788
M4 Dual physical reconstruction,882,887,6,2.26,1.0972254340792431
M4 Dual physical reconstruction,883,888,6,3.8,0.18932009718835685
M4 Dual physical reconstruction,884,889,6,-2.13,-2.8610514222741648
M4 Dual physical reconstruction,885,890,6,-1.84,-2.7021169523570867
M4 Dual physical reconstruction,886,891,6,-2.4,-1.6074987340262252
M4 Dual physical reconstruction,887,892,6,3.06,0.7736797821984673
M4 Dual physical reconstruction,888,893,6,5.98,2.515575217245391
M4 Dual physical reconstruction,889,894,6,-0.64,4.177886245000329
M4 Dual physical reconstruction,890,895,6,6.06,4.283245566877856
M4 Dual physical reconstruction,891,896,6,7.88,3.615865721001342
M4 Dual physical reconstruction,892,897,6,8.01,2.283353314412845
M4 Dual physical reconstruction,893,898,6,2.08,-4.5439838854547
M4 Dual physical reconstruction,894,899,6,4.2,-5.00895259503847
M4 Dual physical reconstruction,895,900,6,-3.29,-1.6963341400666296
M4 Dual physical reconstruction,896,901,6,-14.91,-1.9350858623522822
M4 Dual physical reconstruction,897,902,6,8.79,-3.47165436902207
M4 Dual physical reconstruction,898,903,6,1.92,-2.4193237745221645
M4 Dual physical reconstruction,899,904,6,0.61,-1.0337848690326803
M4 Dual physical reconstruction,900,905,6,-3.59,-4.3582306059021745
M4 Dual physical reconstruction,901,906,6,-6.57,-6.439931996966885
M4 Dual physical reconstruction,902,907,6,-5.01,-6.788707681761804
M4 Dual physical reconstruction,903,908,6,-8.02,-4.730161563096046
M4 Dual physical reconstruction,904,909,6,-0.63,-7.817247773300792
M4 Dual physical reconstruction,905,910,6,-5.01,-8.72224578766877
M4 Dual physical reconstruction,906,911,6,-5.37,-5.973339388559215
M4 Dual physical reconstruction,907,912,6,1.3,-3.801793708441256
M4 Dual physical reconstruction,908,913,6,-6.16,-0.48292995760635593
M4 Dual physical reconstruction,909,914,6,-6.11,-5.3130064814231055
M4 Dual physical reconstruction,910,915,6,-2.67,-0.9009641717533594
M4 Dual physical reconstruction,911,916,6,-1.64,0.5385609228098667
M4 Dual physical reconstruction,912,917,6,-1.23,1.3665805571521306
M4 Dual physical reconstruction,913,918,6,-0.05,3.0570709379953565
M4 Dual physical reconstruction,914,919,6,8.04,2.3154190572395112
M4 Dual physical reconstruction,915,920,6,1.02,-1.441697363096992
M4 Dual physical reconstruction,916,921,6,-2.21,-3.1324667728149613
M4 Dual physical reconstruction,917,922,6,-4.18,-7.955356161980798
M4 Dual physical reconstruction,918,923,6,-2.02,-7.129347152520193
M4 Dual physical reconstruction,919,924,6,-1.86,-6.0161077032845665
M4 Dual physical reconstruction,920,925,6,-4.34,-0.8835721500560603
M4 Dual physical reconstruction,921,926,6,-11.45,-1.3785415202164555
M4 Dual physical reconstruction,922,927,6,-4.02,0.3426186345094395
M4 Dual physical reconstruction,923,928,6,-7.11,0.27979146274216227
M4 Dual physical reconstruction,924,929,6,-3.21,-1.2921720999347381
M4 Dual physical reconstruction,925,930,6,-4.44,-1.6504196464591485
M4 Dual physical reconstruction,797,805,9,12.08,0.8838466038470649
M4 Dual physical reconstruction,798,806,9,6.72,5.639793609146471
M4 Dual physical reconstruction,799,807,9,-0.82,10.471935524848776
M4 Dual physical reconstruction,800,808,9,1.54,9.649642582790367
M4 Dual physical reconstruction,801,809,9,1.43,-3.0842473934652492
M4 Dual physical reconstruction,802,810,9,9.82,-6.0807483241963896
M4 Dual physical reconstruction,803,811,9,10.38,-0.575267245548845
M4 Dual physical reconstruction,804,812,9,8.9,-7.95228908688395
M4 Dual physical reconstruction,805,813,9,10.15,-7.3282861492131905
M4 Dual physical reconstruction,806,814,9,-10.68,-7.374254275373183
M4 Dual physical reconstruction,807,815,9,-17.34,1.5062631705964857
M4 Dual physical reconstruction,808,816,9,-3.24,7.211174582597288
M4 Dual physical reconstruction,809,817,9,-2.65,1.5139513803822051
M4 Dual physical reconstruction,810,818,9,1.81,6.499646781890241
M4 Dual physical reconstruction,811,819,9,-4.48,8.724665767638028
M4 Dual physical reconstruction,812,820,9,-0.97,4.855269984531318
M4 Dual physical reconstruction,813,821,9,1.24,2.9795688307764903
M4 Dual physical reconstruction,814,822,9,3.06,-3.0419201427239773
M4 Dual physical reconstruction,815,823,9,2.22,-0.6969712045590104
M4 Dual physical reconstruction,816,824,9,-0.14,-1.7473069139692508
M4 Dual physical reconstruction,817,825,9,-1.68,0.4468174184699749
M4 Dual physical reconstruction,818,826,9,-5.44,-0.6488947983273676
M4 Dual physical reconstruction,819,827,9,-2.38,-6.1584163188326
M4 Dual physical reconstruction,820,828,9,-5.73,-6.405890262648297
M4 Dual physical reconstruction,821,829,9,-2.56,-3.3518350440736495
M4 Dual physical reconstruction,822,830,9,-3.09,-2.6863580702339855
M4 Dual physical reconstruction,823,831,9,-0.83,-1.2103420496792108
M4 Dual physical reconstruction,824,832,9,-6.68,-0.1319213995557964
M4 Dual physical reconstruction,825,833,9,-0.41,0.7277450109648917
M4 Dual physical reconstruction,826,834,9,-1.5,-1.6271019874451396
M4 Dual physical reconstruction,827,835,9,0.79,-3.01829750391489
M4 Dual physical reconstruction,828,836,9,4.09,-0.3648180104718801
M4 Dual physical reconstruction,829,837,9,2.09,0.2582388509846226
M4 Dual physical reconstruction,830,838,9,4.12,-2.8767619535189732
M4 Dual physical reconstruction,831,839,9,11.34,-1.8472736772349145
M4 Dual physical reconstruction,832,840,9,-5.44,-2.940344405072568
M4 Dual physical reconstruction,833,841,9,3.12,-2.645656105075851
M4 Dual physical reconstruction,834,842,9,7.31,-0.08372295627284232
M4 Dual physical reconstruction,835,843,9,7.33,3.7962269825942307
M4 Dual physical reconstruction,836,844,9,5.34,6.470041083800442
M4 Dual physical reconstruction,837,845,9,6.5,8.643966867145965
M4 Dual physical reconstruction,838,846,9,3.66,10.863261293603925
M4 Dual physical reconstruction,839,847,9,11.61,9.706479427514171
M4 Dual physical reconstruction,840,848,9,8.74,8.792115185719105
M4 Dual physical reconstruction,841,849,9,8.07,2.7994635468030324
M4 Dual physical reconstruction,842,850,9,-0.04,0.5002012240298828
M4 Dual physical reconstruction,843,851,9,-9.0,2.4624220498441183
M4 Dual physical reconstruction,844,852,9,-4.1,2.855920311871855
M4 Dual physical reconstruction,845,853,9,5.89,-3.432989252197409
M4 Dual physical reconstruction,846,854,9,2.71,-3.184164715031191
M4 Dual physical reconstruction,847,855,9,-2.45,-0.1388307874674486
M4 Dual physical reconstruction,848,856,9,6.59,3.2031385938752797
M4 Dual physical reconstruction,849,857,9,0.97,4.603310270825247
M4 Dual physical reconstruction,850,858,9,1.83,4.225617918079985
M4 Dual physical reconstruction,851,859,9,1.68,3.91296160921703
M4 Dual physical reconstruction,852,860,9,8.82,-0.9974329723214406
M4 Dual physical reconstruction,853,861,9,4.12,-2.4810261366321567
M4 Dual physical reconstruction,854,862,9,6.4,4.624055581763737
M4 Dual physical reconstruction,855,863,9,1.1,1.940115229736057
M4 Dual physical reconstruction,856,864,9,-10.9,6.246778767862024
M4 Dual physical reconstruction,857,865,9,-6.37,7.558157969276797
M4 Dual physical reconstruction,858,866,9,-0.0,0.526829903131647
M4 Dual physical reconstruction,859,867,9,6.59,-2.3911689393250306
M4 Dual physical reconstruction,860,868,9,2.56,-2.160977099110737
M4 Dual physical reconstruction,861,869,9,2.47,-3.0094133926308335
M4 Dual physical reconstruction,862,870,9,0.43,-3.5141024019834086
M4 Dual physical reconstruction,863,871,9,2.64,1.0089481498014035
M4 Dual physical reconstruction,864,872,9,2.77,-2.340583558913611
M4 Dual physical reconstruction,865,873,9,7.86,-10.617989659353189
M4 Dual physical reconstruction,866,874,9,-0.66,-12.54513784718137
M4 Dual physical reconstruction,867,875,9,-9.0,-14.53948399383812
M4 Dual physical reconstruction,868,876,9,-17.07,-3.765559803352228
M4 Dual physical reconstruction,869,877,9,-7.06,-10.133048677405448
M4 Dual physical reconstruction,870,878,9,-7.08,-11.666530235674745
M4 Dual physical reconstruction,871,879,9,4.65,-13.920039916184251
M4 Dual physical reconstruction,872,880,9,-1.4,-11.721337395623598
M4 Dual physical reconstruction,873,881,9,2.55,-6.239471037682833
M4 Dual physical reconstruction,874,882,9,-1.88,0.9050445237827316
M4 Dual physical reconstruction,875,883,9,5.25,1.9913822512677979
M4 Dual physical reconstruction,876,884,9,-3.21,0.35432528955384524
M4 Dual physical reconstruction,877,885,9,-0.39,-3.826898176717805
M4 Dual physical reconstruction,878,886,9,1.34,-1.7079201135510056
M4 Dual physical reconstruction,879,887,9,2.26,2.6050244030687475
M4 Dual physical reconstruction,880,888,9,3.8,2.065493585440197
M4 Dual physical reconstruction,881,889,9,-2.13,1.8752560909249192
M4 Dual physical reconstruction,882,890,9,-1.84,2.7119483247596436
M4 Dual physical reconstruction,883,891,9,-2.4,3.386174808100225
M4 Dual physical reconstruction,884,892,9,3.06,-0.0296523375830684
M4 Dual physical reconstruction,885,893,9,5.98,-0.3838597491833756
M4 Dual physical reconstruction,886,894,9,-0.64,5.794647419554978
M4 Dual physical reconstruction,887,895,9,6.06,6.716677156752924
M4 Dual physical reconstruction,888,896,9,7.88,6.307503232194738
M4 Dual physical reconstruction,889,897,9,8.01,2.8072496139430516
M4 Dual physical reconstruction,890,898,9,2.08,2.1798527269343984
M4 Dual physical reconstruction,891,899,9,4.2,-6.993932582299919
M4 Dual physical reconstruction,892,900,9,-3.29,-3.8170106317778854
M4 Dual physical reconstruction,893,901,9,-14.91,-0.35025265303389397
M4 Dual physical reconstruction,894,902,9,8.79,-7.801332521049424
M4 Dual physical reconstruction,895,903,9,1.92,-9.670612897381535
M4 Dual physical reconstruction,896,904,9,0.61,-8.350397047883295
M4 Dual physical reconstruction,897,905,9,-3.59,-4.403102804127552
M4 Dual physical reconstruction,898,906,9,-6.57,-2.619975599187987
M4 Dual physical reconstruction,899,907,9,-5.01,-1.973174793157376
M4 Dual physical reconstruction,900,908,9,-8.02,-2.323381924144261
M4 Dual physical reconstruction,901,909,9,-0.63,1.5913830155544861
M4 Dual physical reconstruction,902,910,9,-5.01,-3.1813623744149226
M4 Dual physical reconstruction,903,911,9,-5.37,1.4110249981579417
M4 Dual physical reconstruction,904,912,9,1.3,-2.532600907696154
M4 Dual physical reconstruction,905,913,9,-6.16,-5.587849049476485
M4 Dual physical reconstruction,906,914,9,-6.11,-2.1658463069991725
M4 Dual physical reconstruction,907,915,9,-2.67,0.7282223017683034
M4 Dual physical reconstruction,908,916,9,-1.64,1.3168060007471458
M4 Dual physical reconstruction,909,917,9,-1.23,2.700822607200558
M4 Dual physical reconstruction,910,918,9,-0.05,3.470870733645132
M4 Dual physical reconstruction,911,919,9,8.04,1.802495019521005
M4 Dual physical reconstruction,912,920,9,1.02,1.601666249541355
M4 Dual physical reconstruction,913,921,9,-2.21,1.8969453922900696
M4 Dual physical reconstruction,914,922,9,-4.18,1.0912405641340766
M4 Dual physical reconstruction,915,923,9,-2.02,-4.6967170043955875
M4 Dual physical reconstruction,916,924,9,-1.86,-4.168880202085617
M4 Dual physical reconstruction,917,925,9,-4.34,-2.461993186485406
M4 Dual physical reconstruction,918,926,9,-11.45,-4.509336087639134
M4 Dual physical reconstruction,919,927,9,-4.02,-4.367540611205398
M4 Dual physical reconstruction,920,928,9,-7.11,-2.9347865619624427
M4 Dual physical reconstruction,921,929,9,-3.21,-6.659311191192007
M4 Dual physical reconstruction,922,930,9,-4.44,-2.9195666946167145
M4 Dual physical reconstruction,923,931,9,-1.5,0.5027271859598219
M4 Dual physical reconstruction,924,932,9,1.74,0.7851486423827558
M4 Dual physical reconstruction,925,933,9,-5.2,0.8155490033779391
M4 Dual physical reconstruction,797,808,12,1.54,4.2690110101247205
M4 Dual physical reconstruction,798,809,12,1.43,-1.4795014166287466
M4 Dual physical reconstruction,799,810,12,9.82,-9.039716492157089
M4 Dual physical reconstruction,800,811,12,10.38,-11.17076810859825
M4 Dual physical reconstruction,801,812,12,8.9,-6.226888849589095
M4 Dual physical reconstruction,802,813,12,10.15,3.3373413657788005
M4 Dual physical reconstruction,803,814,12,-10.68,-0.4085602651329244
M4 Dual physical reconstruction,804,815,12,-17.34,10.637417591891305
M4 Dual physical reconstruction,805,816,12,-3.24,10.433708117599332
M4 Dual physical reconstruction,806,817,12,-2.65,-4.765769866484959
M4 Dual physical reconstruction,807,818,12,1.81,-4.806954469961251
M4 Dual physical reconstruction,808,819,12,-4.48,-2.7314727147657445
M4 Dual physical reconstruction,809,820,12,-0.97,-1.5736857303917091
M4 Dual physical reconstruction,810,821,12,1.24,-1.5154668174894799
M4 Dual physical reconstruction,811,822,12,3.06,-0.45243536028292086
M4 Dual physical reconstruction,812,823,12,2.22,-5.245150149376363
M4 Dual physical reconstruction,813,824,12,-0.14,-3.5877437736657223
M4 Dual physical reconstruction,814,825,12,-1.68,-4.272927429233213
M4 Dual physical reconstruction,815,826,12,-5.44,-1.9709093332104461
M4 Dual physical reconstruction,816,827,12,-2.38,-0.37132504180608633
M4 Dual physical reconstruction,817,828,12,-5.73,-0.9367824265985001
M4 Dual physical reconstruction,818,829,12,-2.56,-5.0396066706228675
M4 Dual physical reconstruction,819,830,12,-3.09,1.6231660764552096
M4 Dual physical reconstruction,820,831,12,-0.83,0.4185186462196271
M4 Dual physical reconstruction,821,832,12,-6.68,-1.0447345246405284
M4 Dual physical reconstruction,822,833,12,-0.41,2.865329148887067
M4 Dual physical reconstruction,823,834,12,-1.5,3.995842878110582
M4 Dual physical reconstruction,824,835,12,0.79,3.720270206247157
M4 Dual physical reconstruction,825,836,12,4.09,-2.359932450644093
M4 Dual physical reconstruction,826,837,12,2.09,0.20948097624514572
M4 Dual physical reconstruction,827,838,12,4.12,2.1850627415650354
M4 Dual physical reconstruction,828,839,12,11.34,-1.2504949855509526
M4 Dual physical reconstruction,829,840,12,-5.44,-3.887737263152878
M4 Dual physical reconstruction,830,841,12,3.12,-2.6802229178993877
M4 Dual physical reconstruction,831,842,12,7.31,4.05895225207097
M4 Dual physical reconstruction,832,843,12,7.33,4.567451484744733
M4 Dual physical reconstruction,833,844,12,5.34,6.933544200206043
M4 Dual physical reconstruction,834,845,12,6.5,7.230885203080057
M4 Dual physical reconstruction,835,846,12,3.66,6.869549989242472
M4 Dual physical reconstruction,836,847,12,11.61,6.341627124695029
M4 Dual physical reconstruction,837,848,12,8.74,4.119906921531564
M4 Dual physical reconstruction,838,849,12,8.07,-2.615031843567117
M4 Dual physical reconstruction,839,850,12,-0.04,11.723875890364795
M4 Dual physical reconstruction,840,851,12,-9.0,7.423446899019209
M4 Dual physical reconstruction,841,852,12,-4.1,6.014092504818743
M4 Dual physical reconstruction,842,853,12,5.89,-0.44253343048554794
M4 Dual physical reconstruction,843,854,12,2.71,-7.6583819826033
M4 Dual physical reconstruction,844,855,12,-2.45,-7.0377810698982906
M4 Dual physical reconstruction,845,856,12,6.59,-2.45322800035508
M4 Dual physical reconstruction,846,857,12,0.97,0.10605882291026081
M4 Dual physical reconstruction,847,858,12,1.83,2.6708871684069875
M4 Dual physical reconstruction,848,859,12,1.68,2.014232333707625
M4 Dual physical reconstruction,849,860,12,8.82,0.28089767993509396
M4 Dual physical reconstruction,850,861,12,4.12,-1.6437419250478587
M4 Dual physical reconstruction,851,862,12,6.4,-2.0651973324212785
M4 Dual physical reconstruction,852,863,12,1.1,0.7383008038003216
M4 Dual physical reconstruction,853,864,12,-10.9,2.988334903870781
M4 Dual physical reconstruction,854,865,12,-6.37,-1.5954694083399095
M4 Dual physical reconstruction,855,866,12,-0.0,0.09376347517984351
M4 Dual physical reconstruction,856,867,12,6.59,1.29394127606197
M4 Dual physical reconstruction,857,868,12,2.56,5.235589104146848
M4 Dual physical reconstruction,858,869,12,2.47,6.85941236255282
M4 Dual physical reconstruction,859,870,12,0.43,4.091609287934244
M4 Dual physical reconstruction,860,871,12,2.64,5.813627230036333
M4 Dual physical reconstruction,861,872,12,2.77,6.849187768826855
M4 Dual physical reconstruction,862,873,12,7.86,4.542134244471937
M4 Dual physical reconstruction,863,874,12,-0.66,-1.4314422377933593
M4 Dual physical reconstruction,864,875,12,-9.0,-8.9003341652063
M4 Dual physical reconstruction,865,876,12,-17.07,-2.2065593419134073
M4 Dual physical reconstruction,866,877,12,-7.06,-3.9889661252338886
M4 Dual physical reconstruction,867,878,12,-7.08,-3.7606738361152767
M4 Dual physical reconstruction,868,879,12,4.65,-0.26365232637604286
M4 Dual physical reconstruction,869,880,12,-1.4,0.253409740360246
M4 Dual physical reconstruction,870,881,12,2.55,-0.9468340531852484
M4 Dual physical reconstruction,871,882,12,-1.88,1.5143099763308088
M4 Dual physical reconstruction,872,883,12,5.25,3.6174990056932046
M4 Dual physical reconstruction,873,884,12,-3.21,0.5345903694981226
M4 Dual physical reconstruction,874,885,12,-0.39,1.2468151863498234
M4 Dual physical reconstruction,875,886,12,1.34,-4.289312842514585
M4 Dual physical reconstruction,876,887,12,2.26,-2.853120242120079
M4 Dual physical reconstruction,877,888,12,3.8,-1.5384930622842186
M4 Dual physical reconstruction,878,889,12,-2.13,-3.303640798975212
M4 Dual physical reconstruction,879,890,12,-1.84,-0.5783210470152712
M4 Dual physical reconstruction,880,891,12,-2.4,0.6489770438073612
M4 Dual physical reconstruction,881,892,12,3.06,0.732811538735337
M4 Dual physical reconstruction,882,893,12,5.98,0.8002681573478975
M4 Dual physical reconstruction,883,894,12,-0.64,3.3610666515969765
M4 Dual physical reconstruction,884,895,12,6.06,1.9979381253756445
M4 Dual physical reconstruction,885,896,12,7.88,1.7017774904369614
M4 Dual physical reconstruction,886,897,12,8.01,1.8312184951793031
M4 Dual physical reconstruction,887,898,12,2.08,1.432730545177466
M4 Dual physical reconstruction,888,899,12,4.2,-7.469482412706316
M4 Dual physical reconstruction,889,900,12,-3.29,-9.727629371783461
M4 Dual physical reconstruction,890,901,12,-14.91,-3.734055922787114
M4 Dual physical reconstruction,891,902,12,8.79,-0.36392656493239656
M4 Dual physical reconstruction,892,903,12,1.92,0.761182528348378
M4 Dual physical reconstruction,893,904,12,0.61,1.789319856983941
M4 Dual physical reconstruction,894,905,12,-3.59,-0.8311229340975723
M4 Dual physical reconstruction,895,906,12,-6.57,2.881572780272788
M4 Dual physical reconstruction,896,907,12,-5.01,0.2412358255184751
M4 Dual physical reconstruction,897,908,12,-8.02,-0.9451064191015461
M4 Dual physical reconstruction,898,909,12,-0.63,1.6815751423301921
M4 Dual physical reconstruction,899,910,12,-5.01,-2.193046777599745
M4 Dual physical reconstruction,900,911,12,-5.37,-3.5111454636230692
M4 Dual physical reconstruction,901,912,12,1.3,-1.2915579415126397
M4 Dual physical reconstruction,902,913,12,-6.16,-2.8124107430049685
M4 Dual physical reconstruction,903,914,12,-6.11,-5.116355921683462
M4 Dual physical reconstruction,904,915,12,-2.67,-5.739159448653208
M4 Dual physical reconstruction,905,916,12,-1.64,-3.357036235408675
M4 Dual physical reconstruction,906,917,12,-1.23,-5.293763219255727
M4 Dual physical reconstruction,907,918,12,-0.05,-4.644629361022824
M4 Dual physical reconstruction,908,919,12,8.04,-2.133751711467467
M4 Dual physical reconstruction,909,920,12,1.02,-1.0060779403936981
M4 Dual physical reconstruction,910,921,12,-2.21,-0.35527865144538007
M4 Dual physical reconstruction,911,922,12,-4.18,3.1079834057559728
M4 Dual physical reconstruction,912,923,12,-2.02,-2.9568013310283288
M4 Dual physical reconstruction,913,924,12,-1.86,-5.545174849310216
M4 Dual physical reconstruction,914,925,12,-4.34,-7.3685350208994205
M4 Dual physical reconstruction,915,926,12,-11.45,-6.572403026059424
M4 Dual physical reconstruction,916,927,12,-4.02,-2.107018954635631
M4 Dual physical reconstruction,917,928,12,-7.11,-2.9658558063569593
M4 Dual physical reconstruction,918,929,12,-3.21,-0.5838829723211307
M4 Dual physical reconstruction,919,930,12,-4.44,-0.3548578758708665
M4 Dual physical reconstruction,920,931,12,-1.5,-4.2329371470058295
M4 Dual physical reconstruction,921,932,12,1.74,-2.2438040393601186
M4 Dual physical reconstruction,922,933,12,-5.2,-1.0153714359965464
M4 Dual physical reconstruction,923,934,12,-3.7,-1.5579877067243408
M4 Dual physical reconstruction,924,935,12,5.28,-9.946510136793574
M4 Dual physical reconstruction,925,936,12,1.47,-9.370179359766263
M5 Dual fusion ResNet,797,797,1,-5.05,-8.570105844594924
M5 Dual fusion ResNet,798,798,1,1.4,-8.253237693179958
M5 Dual fusion ResNet,799,799,1,8.25,-6.496467138949646
M5 Dual fusion ResNet,800,800,1,0.09,-4.783941205888069
M5 Dual fusion ResNet,801,801,1,0.14,-5.772500394684974
M5 Dual fusion ResNet,802,802,1,3.66,-4.907785446228089
M5 Dual fusion ResNet,803,803,1,1.48,-2.808133623409293
M5 Dual fusion ResNet,804,804,1,7.96,-1.4291847544201572
M5 Dual fusion ResNet,805,805,1,12.08,-0.5489514931775226
M5 Dual fusion ResNet,806,806,1,6.72,-3.9442280032953114
M5 Dual fusion ResNet,807,807,1,-0.82,-5.956573946390497
M5 Dual fusion ResNet,808,808,1,1.54,-6.381865302619811
M5 Dual fusion ResNet,809,809,1,1.43,-5.313631851560739
M5 Dual fusion ResNet,810,810,1,9.82,-4.530801934782184
M5 Dual fusion ResNet,811,811,1,10.38,-4.032730442985358
M5 Dual fusion ResNet,812,812,1,8.9,-5.975626950106506
M5 Dual fusion ResNet,813,813,1,10.15,-5.703142772550866
M5 Dual fusion ResNet,814,814,1,-10.68,-5.65230231323698
M5 Dual fusion ResNet,815,815,1,-17.34,-6.999199992437346
M5 Dual fusion ResNet,816,816,1,-3.24,-5.366772623618445
M5 Dual fusion ResNet,817,817,1,-2.65,-0.0931301194270131
M5 Dual fusion ResNet,818,818,1,1.81,1.1145738050441754
M5 Dual fusion ResNet,819,819,1,-4.48,-0.8185807853673257
M5 Dual fusion ResNet,820,820,1,-0.97,0.5245352137398807
M5 Dual fusion ResNet,821,821,1,1.24,0.04222675337943338
M5 Dual fusion ResNet,822,822,1,3.06,-0.975034832468112
M5 Dual fusion ResNet,823,823,1,2.22,-0.7755818239928678
M5 Dual fusion ResNet,824,824,1,-0.14,0.2920696663899296
M5 Dual fusion ResNet,825,825,1,-1.68,-0.8465719444493032
M5 Dual fusion ResNet,826,826,1,-5.44,-2.772113010544015
M5 Dual fusion ResNet,827,827,1,-2.38,-3.0004514761216914
M5 Dual fusion ResNet,828,828,1,-5.73,-4.370774668996054
M5 Dual fusion ResNet,829,829,1,-2.56,-3.878350650750484
M5 Dual fusion ResNet,830,830,1,-3.09,-7.474521235100056
M5 Dual fusion ResNet,831,831,1,-0.83,-8.128228396231254
M5 Dual fusion ResNet,832,832,1,-6.68,-6.31304068324115
M5 Dual fusion ResNet,833,833,1,-0.41,-3.5031223162430103
M5 Dual fusion ResNet,834,834,1,-1.5,-2.421978550596792
M5 Dual fusion ResNet,835,835,1,0.79,-3.5320738310618056
M5 Dual fusion ResNet,836,836,1,4.09,-2.9125606911512048
M5 Dual fusion ResNet,837,837,1,2.09,-1.5413571426207973
M5 Dual fusion ResNet,838,838,1,4.12,-4.577806221708424
M5 Dual fusion ResNet,839,839,1,11.34,-7.124939826709012
M5 Dual fusion ResNet,840,840,1,-5.44,-10.558274805408159
M5 Dual fusion ResNet,841,841,1,3.12,-7.137239191677088
M5 Dual fusion ResNet,842,842,1,7.31,-3.260677796511695
M5 Dual fusion ResNet,843,843,1,7.33,-1.1087812025398496
M5 Dual fusion ResNet,844,844,1,5.34,0.04943222406914938
M5 Dual fusion ResNet,845,845,1,6.5,0.8577975990023621
M5 Dual fusion ResNet,846,846,1,3.66,-1.2940755093581875
M5 Dual fusion ResNet,847,847,1,11.61,-2.1324220232096334
M5 Dual fusion ResNet,848,848,1,8.74,-3.5554173224800394
M5 Dual fusion ResNet,849,849,1,8.07,-6.546786231883468
M5 Dual fusion ResNet,850,850,1,-0.04,-7.3128840342072845
M5 Dual fusion ResNet,851,851,1,-9.0,-10.562982144972505
M5 Dual fusion ResNet,852,852,1,-4.1,-10.172732739866472
M5 Dual fusion ResNet,853,853,1,5.89,-8.832055412844557
M5 Dual fusion ResNet,854,854,1,2.71,-6.864416707793177
M5 Dual fusion ResNet,855,855,1,-2.45,-8.218827512095881
M5 Dual fusion ResNet,856,856,1,6.59,-8.782709234418546
M5 Dual fusion ResNet,857,857,1,0.97,-5.652063625634568
M5 Dual fusion ResNet,858,858,1,1.83,-4.214547956936329
M5 Dual fusion ResNet,859,859,1,1.68,-2.664377292011377
M5 Dual fusion ResNet,860,860,1,8.82,-3.712563662962734
M5 Dual fusion ResNet,861,861,1,4.12,-5.690590529278687
M5 Dual fusion ResNet,862,862,1,6.4,-6.501973698833128
M5 Dual fusion ResNet,863,863,1,1.1,-9.082256782979723
M5 Dual fusion ResNet,864,864,1,-10.9,-9.96088770114112
M5 Dual fusion ResNet,865,865,1,-6.37,-6.9355342607507815
M5 Dual fusion ResNet,866,866,1,-0.0,-3.9414725947483165
M5 Dual fusion ResNet,867,867,1,6.59,-1.1692791438883297
M5 Dual fusion ResNet,868,868,1,2.56,-1.7595577709116978
M5 Dual fusion ResNet,869,869,1,2.47,-4.139462116158352
M5 Dual fusion ResNet,870,870,1,0.43,-4.589215829680587
M5 Dual fusion ResNet,871,871,1,2.64,-2.150830981929477
M5 Dual fusion ResNet,872,872,1,2.77,-3.273979663600606
M5 Dual fusion ResNet,873,873,1,7.86,-5.650587508844856
M5 Dual fusion ResNet,874,874,1,-0.66,-8.579947947658495
M5 Dual fusion ResNet,875,875,1,-9.0,-11.039385002917967
M5 Dual fusion ResNet,876,876,1,-17.07,-12.348310918724296
M5 Dual fusion ResNet,877,877,1,-7.06,-10.371816932004812
M5 Dual fusion ResNet,878,878,1,-7.08,-10.250872419647967
M5 Dual fusion ResNet,879,879,1,4.65,-6.012530153663343
M5 Dual fusion ResNet,880,880,1,-1.4,-5.933470916412386
M5 Dual fusion ResNet,881,881,1,2.55,-6.342664340645454
M5 Dual fusion ResNet,882,882,1,-1.88,-5.686237105814469
M5 Dual fusion ResNet,883,883,1,5.25,-3.771695039738543
M5 Dual fusion ResNet,884,884,1,-3.21,-4.9024009263791335
M5 Dual fusion ResNet,885,885,1,-0.39,-4.798139286742163
M5 Dual fusion ResNet,886,886,1,1.34,-4.252464660407812
M5 Dual fusion ResNet,887,887,1,2.26,-5.170841605395447
M5 Dual fusion ResNet,888,888,1,3.8,-5.191080951772674
M5 Dual fusion ResNet,889,889,1,-2.13,-6.853651925305773
M5 Dual fusion ResNet,890,890,1,-1.84,-6.334170354242358
M5 Dual fusion ResNet,891,891,1,-2.4,-7.3299412576377225
M5 Dual fusion ResNet,892,892,1,3.06,-3.9742516965802355
M5 Dual fusion ResNet,893,893,1,5.98,-1.0303469237912852
M5 Dual fusion ResNet,894,894,1,-0.64,-0.3317125687400999
M5 Dual fusion ResNet,895,895,1,6.06,-0.42674031878789753
M5 Dual fusion ResNet,896,896,1,7.88,-0.9505941869487762
M5 Dual fusion ResNet,897,897,1,8.01,-2.6416601781657048
M5 Dual fusion ResNet,898,898,1,2.08,-6.21518614541686
M5 Dual fusion ResNet,899,899,1,4.2,-7.369307399379741
M5 Dual fusion ResNet,900,900,1,-3.29,-5.143787884067059
M5 Dual fusion ResNet,901,901,1,-14.91,-6.133480909928933
M5 Dual fusion ResNet,902,902,1,8.79,-3.889056967546929
M5 Dual fusion ResNet,903,903,1,1.92,-2.5749483414080423
M5 Dual fusion ResNet,904,904,1,0.61,-4.258944986241208
M5 Dual fusion ResNet,905,905,1,-3.59,-3.634421712668968
M5 Dual fusion ResNet,906,906,1,-6.57,-6.04389387490878
M5 Dual fusion ResNet,907,907,1,-5.01,-5.129812313415453
M5 Dual fusion ResNet,908,908,1,-8.02,-3.0419178417137136
M5 Dual fusion ResNet,909,909,1,-0.63,-2.157123955023822
M5 Dual fusion ResNet,910,910,1,-5.01,-5.2431083213758445
M5 Dual fusion ResNet,911,911,1,-5.37,-5.888095012504985
M5 Dual fusion ResNet,912,912,1,1.3,-7.59786397604238
M5 Dual fusion ResNet,913,913,1,-6.16,-7.152731464525239
M5 Dual fusion ResNet,914,914,1,-6.11,-6.083335511183785
M5 Dual fusion ResNet,915,915,1,-2.67,-6.158745751402378
M5 Dual fusion ResNet,916,916,1,-1.64,-4.113055916548043
M5 Dual fusion ResNet,917,917,1,-1.23,-3.7673444544146633
M5 Dual fusion ResNet,918,918,1,-0.05,-4.27880146748686
M5 Dual fusion ResNet,919,919,1,8.04,-4.2982461345694905
M5 Dual fusion ResNet,920,920,1,1.02,-4.948736689348793
M5 Dual fusion ResNet,921,921,1,-2.21,-6.756812874094363
M5 Dual fusion ResNet,922,922,1,-4.18,-8.184708524210466
M5 Dual fusion ResNet,923,923,1,-2.02,-8.061994147538941
M5 Dual fusion ResNet,924,924,1,-1.86,-9.067992289641722
M5 Dual fusion ResNet,925,925,1,-4.34,-6.027633033657142
M5 Dual fusion ResNet,797,799,3,8.25,-0.36767055715622865
M5 Dual fusion ResNet,798,800,3,0.09,0.5558046830057899
M5 Dual fusion ResNet,799,801,3,0.14,-0.22931675742160218
M5 Dual fusion ResNet,800,802,3,3.66,0.8236947703952686
M5 Dual fusion ResNet,801,803,3,1.48,2.247626774468986
M5 Dual fusion ResNet,802,804,3,7.96,4.250348590247662
M5 Dual fusion ResNet,803,805,3,12.08,3.9195734800884567
M5 Dual fusion ResNet,804,806,3,6.72,3.8177992744494382
M5 Dual fusion ResNet,805,807,3,-0.82,2.154935739865725
M5 Dual fusion ResNet,806,808,3,1.54,-0.01770915914010107
M5 Dual fusion ResNet,807,809,3,1.43,-1.25276298176408
M5 Dual fusion ResNet,808,810,3,9.82,-1.4660248190385974
M5 Dual fusion ResNet,809,811,3,10.38,-1.7607359326959209
M5 Dual fusion ResNet,810,812,3,8.9,-1.435462357029094
M5 Dual fusion ResNet,811,813,3,10.15,-2.9433083382067293
M5 Dual fusion ResNet,812,814,3,-10.68,-3.705792015584404
M5 Dual fusion ResNet,813,815,3,-17.34,-4.552357689981155
M5 Dual fusion ResNet,814,816,3,-3.24,-3.9946051254388166
M5 Dual fusion ResNet,815,817,3,-2.65,-5.513374925006034
M5 Dual fusion ResNet,816,818,3,1.81,-3.9362357280284037
M5 Dual fusion ResNet,817,819,3,-4.48,-3.483646612048875
M5 Dual fusion ResNet,818,820,3,-0.97,-0.7153451536489681
M5 Dual fusion ResNet,819,821,3,1.24,-0.11036442641378308
M5 Dual fusion ResNet,820,822,3,3.06,0.1265667296556603
M5 Dual fusion ResNet,821,823,3,2.22,-0.1491664985287784
M5 Dual fusion ResNet,822,824,3,-0.14,-1.8460323603549869
M5 Dual fusion ResNet,823,825,3,-1.68,-2.7453556931910845
M5 Dual fusion ResNet,824,826,3,-5.44,-3.168747292637115
M5 Dual fusion ResNet,825,827,3,-2.38,-5.319658779561464
M5 Dual fusion ResNet,826,828,3,-5.73,-3.5998781742159576
M5 Dual fusion ResNet,827,829,3,-2.56,-3.367449807649648
M5 Dual fusion ResNet,828,830,3,-3.09,-3.3077035122735574
M5 Dual fusion ResNet,829,831,3,-0.83,-2.2330483512569135
M5 Dual fusion ResNet,830,832,3,-6.68,-2.588206107679176
M5 Dual fusion ResNet,831,833,3,-0.41,0.36716317166830414
M5 Dual fusion ResNet,832,834,3,-1.5,3.179798956196554
M5 Dual fusion ResNet,833,835,3,0.79,3.04218934767413
M5 Dual fusion ResNet,834,836,3,4.09,2.812710776236343
M5 Dual fusion ResNet,835,837,3,2.09,1.3937599496988753
M5 Dual fusion ResNet,836,838,3,4.12,0.2907846353687975
M5 Dual fusion ResNet,837,839,3,11.34,-2.276930321622258
M5 Dual fusion ResNet,838,840,3,-5.44,-3.1970513650745493
M5 Dual fusion ResNet,839,841,3,3.12,-1.871678905782411
M5 Dual fusion ResNet,840,842,3,7.31,0.2206062502732804
M5 Dual fusion ResNet,841,843,3,7.33,6.178811084004372
M5 Dual fusion ResNet,842,844,3,5.34,5.11226969843573
M5 Dual fusion ResNet,843,845,3,6.5,4.483015069157256
M5 Dual fusion ResNet,844,846,3,3.66,5.349299214661515
M5 Dual fusion ResNet,845,847,3,11.61,4.5092682890680384
M5 Dual fusion ResNet,846,848,3,8.74,3.3879740446233226
M5 Dual fusion ResNet,847,849,3,8.07,1.5813884379599061
M5 Dual fusion ResNet,848,850,3,-0.04,0.3179660751713893
M5 Dual fusion ResNet,849,851,3,-9.0,-0.9610294982941854
M5 Dual fusion ResNet,850,852,3,-4.1,-1.3372268094487187
M5 Dual fusion ResNet,851,853,3,5.89,0.5318059586432917
M5 Dual fusion ResNet,852,854,3,2.71,3.551973019665893
M5 Dual fusion ResNet,853,855,3,-2.45,4.359278569372076
M5 Dual fusion ResNet,854,856,3,6.59,1.636706362954083
M5 Dual fusion ResNet,855,857,3,0.97,2.77381784356637
M5 Dual fusion ResNet,856,858,3,1.83,1.590957929299452
M5 Dual fusion ResNet,857,859,3,1.68,2.028203437782121
M5 Dual fusion ResNet,858,860,3,8.82,3.7180436153619674
M5 Dual fusion ResNet,859,861,3,4.12,5.198524921284471
M5 Dual fusion ResNet,860,862,3,6.4,5.07951605482022
M5 Dual fusion ResNet,861,863,3,1.1,4.124543354271042
M5 Dual fusion ResNet,862,864,3,-10.9,5.365427395839457
M5 Dual fusion ResNet,863,865,3,-6.37,3.95668612277327
M5 Dual fusion ResNet,864,866,3,-0.0,6.315079994560006
M5 Dual fusion ResNet,865,867,3,6.59,9.01843706850045
M5 Dual fusion ResNet,866,868,3,2.56,8.274220473031832
M5 Dual fusion ResNet,867,869,3,2.47,5.018299693353824
M5 Dual fusion ResNet,868,870,3,0.43,1.2299657714627634
M5 Dual fusion ResNet,869,871,3,2.64,0.9107789876408581
M5 Dual fusion ResNet,870,872,3,2.77,-0.510110774295224
M5 Dual fusion ResNet,871,873,3,7.86,0.22926482849339402
M5 Dual fusion ResNet,872,874,3,-0.66,-0.8239376507120342
M5 Dual fusion ResNet,873,875,3,-9.0,-3.429883916887408
M5 Dual fusion ResNet,874,876,3,-17.07,-4.420560705184583
M5 Dual fusion ResNet,875,877,3,-7.06,-2.8401860792226605
M5 Dual fusion ResNet,876,878,3,-7.08,-2.4058186869862537
M5 Dual fusion ResNet,877,879,3,4.65,-0.9072527413801628
M5 Dual fusion ResNet,878,880,3,-1.4,0.7601267070090705
M5 Dual fusion ResNet,879,881,3,2.55,-0.39414761132308485
M5 Dual fusion ResNet,880,882,3,-1.88,-1.3716183948465892
M5 Dual fusion ResNet,881,883,3,5.25,-1.18645092961754
M5 Dual fusion ResNet,882,884,3,-3.21,-1.4411598907186403
M5 Dual fusion ResNet,883,885,3,-0.39,-2.481060673121465
M5 Dual fusion ResNet,884,886,3,1.34,-2.482248999379787
M5 Dual fusion ResNet,885,887,3,2.26,-1.576089978207826
M5 Dual fusion ResNet,886,888,3,3.8,-1.6383751770915935
M5 Dual fusion ResNet,887,889,3,-2.13,-1.3589632502153626
M5 Dual fusion ResNet,888,890,3,-1.84,-2.4616124761092406
M5 Dual fusion ResNet,889,891,3,-2.4,-2.8712629129295126
M5 Dual fusion ResNet,890,892,3,3.06,1.6234842773044127
M5 Dual fusion ResNet,891,893,3,5.98,3.996511313581941
M5 Dual fusion ResNet,892,894,3,-0.64,4.614967670682116
M5 Dual fusion ResNet,893,895,3,6.06,5.591626333911839
M5 Dual fusion ResNet,894,896,3,7.88,3.4855784719043577
M5 Dual fusion ResNet,895,897,3,8.01,3.5935231187881183
M5 Dual fusion ResNet,896,898,3,2.08,3.2162862475061518
M5 Dual fusion ResNet,897,899,3,4.2,1.6503423689097643
M5 Dual fusion ResNet,898,900,3,-3.29,0.7355470519871243
M5 Dual fusion ResNet,899,901,3,-14.91,0.5965243455001348
M5 Dual fusion ResNet,900,902,3,8.79,0.6849088782436348
M5 Dual fusion ResNet,901,903,3,1.92,1.0983197882551794
M5 Dual fusion ResNet,902,904,3,0.61,0.3837145034308582
M5 Dual fusion ResNet,903,905,3,-3.59,-1.464030357745274
M5 Dual fusion ResNet,904,906,3,-6.57,-1.5139361665710187
M5 Dual fusion ResNet,905,907,3,-5.01,0.036639586600974994
M5 Dual fusion ResNet,906,908,3,-8.02,0.2110886792508646
M5 Dual fusion ResNet,907,909,3,-0.63,-0.17467379655012083
M5 Dual fusion ResNet,908,910,3,-5.01,0.822931253287245
M5 Dual fusion ResNet,909,911,3,-5.37,0.07456535914129114
M5 Dual fusion ResNet,910,912,3,1.3,1.1064268573288856
M5 Dual fusion ResNet,911,913,3,-6.16,0.919784855093333
M5 Dual fusion ResNet,912,914,3,-6.11,-2.0803018790559813
M5 Dual fusion ResNet,913,915,3,-2.67,-1.9459779612692931
M5 Dual fusion ResNet,914,916,3,-1.64,0.4402407295831421
M5 Dual fusion ResNet,915,917,3,-1.23,-0.4292705520769782
M5 Dual fusion ResNet,916,918,3,-0.05,-1.831632620956627
M5 Dual fusion ResNet,917,919,3,8.04,-2.837480778309736
M5 Dual fusion ResNet,918,920,3,1.02,-3.240957564921221
M5 Dual fusion ResNet,919,921,3,-2.21,-5.062479853595988
M5 Dual fusion ResNet,920,922,3,-4.18,-6.003576560945859
M5 Dual fusion ResNet,921,923,3,-2.02,-4.955541595525938
M5 Dual fusion ResNet,922,924,3,-1.86,-3.8775263967638893
M5 Dual fusion ResNet,923,925,3,-4.34,-3.5042133313375015
M5 Dual fusion ResNet,924,926,3,-11.45,-4.3496306292755
M5 Dual fusion ResNet,925,927,3,-4.02,-4.999848375041581
M5 Dual fusion ResNet,797,802,6,3.66,3.0742341873913985
M5 Dual fusion ResNet,798,803,6,1.48,3.727988425983076
M5 Dual fusion ResNet,799,804,6,7.96,2.929779471131823
M5 Dual fusion ResNet,800,805,6,12.08,2.7352007611287443
M5 Dual fusion ResNet,801,806,6,6.72,5.102655915623128
M5 Dual fusion ResNet,802,807,6,-0.82,5.27990900650647
M5 Dual fusion ResNet,803,808,6,1.54,2.9956199128462555
M5 Dual fusion ResNet,804,809,6,1.43,3.5131277525669753
M5 Dual fusion ResNet,805,810,6,9.82,3.176649092870463
M5 Dual fusion ResNet,806,811,6,10.38,3.2590297317397163
M5 Dual fusion ResNet,807,812,6,8.9,4.262860784090547
M5 Dual fusion ResNet,808,813,6,10.15,3.1415316354748337
M5 Dual fusion ResNet,809,814,6,-10.68,1.1484762055380329
M5 Dual fusion ResNet,810,815,6,-17.34,-0.35353632937860935
M5 Dual fusion ResNet,811,816,6,-3.24,-0.8322920614418041
M5 Dual fusion ResNet,812,817,6,-2.65,-1.160463010401989
M5 Dual fusion ResNet,813,818,6,1.81,-0.6725453568602164
M5 Dual fusion ResNet,814,819,6,-4.48,-1.5007529401940944
M5 Dual fusion ResNet,815,820,6,-0.97,0.08484325062910392
M5 Dual fusion ResNet,816,821,6,1.24,-0.12161975749569276
M5 Dual fusion ResNet,817,822,6,3.06,-0.8900952281328849
M5 Dual fusion ResNet,818,823,6,2.22,-2.0412711264754435
M5 Dual fusion ResNet,819,824,6,-0.14,-2.4407165445355123
M5 Dual fusion ResNet,820,825,6,-1.68,-2.7690113597738044
M5 Dual fusion ResNet,821,826,6,-5.44,-2.8984737693806113
M5 Dual fusion ResNet,822,827,6,-2.38,-3.2453559629594975
M5 Dual fusion ResNet,823,828,6,-5.73,-3.581527361350179
M5 Dual fusion ResNet,824,829,6,-2.56,-2.673988012211512
M5 Dual fusion ResNet,825,830,6,-3.09,-2.4893899674505113
M5 Dual fusion ResNet,826,831,6,-0.83,-2.9565045396873444
M5 Dual fusion ResNet,827,832,6,-6.68,-3.1470971295347683
M5 Dual fusion ResNet,828,833,6,-0.41,-1.9179139711281459
M5 Dual fusion ResNet,829,834,6,-1.5,-0.22400177021220635
M5 Dual fusion ResNet,830,835,6,0.79,0.4349329354692557
M5 Dual fusion ResNet,831,836,6,4.09,1.56931650648144
M5 Dual fusion ResNet,832,837,6,2.09,1.4887887312278907
M5 Dual fusion ResNet,833,838,6,4.12,0.46032128575031805
M5 Dual fusion ResNet,834,839,6,11.34,-0.19841406118768257
M5 Dual fusion ResNet,835,840,6,-5.44,-1.1953226171416202
M5 Dual fusion ResNet,836,841,6,3.12,-1.415253781410976
M5 Dual fusion ResNet,837,842,6,7.31,-1.259113982761132
M5 Dual fusion ResNet,838,843,6,7.33,0.24082845329495806
M5 Dual fusion ResNet,839,844,6,5.34,1.6071843708743843
M5 Dual fusion ResNet,840,845,6,6.5,2.2732119002579494
M5 Dual fusion ResNet,841,846,6,3.66,5.261985597180372
M5 Dual fusion ResNet,842,847,6,11.61,2.715427348427164
M5 Dual fusion ResNet,843,848,6,8.74,0.5827738901274606
M5 Dual fusion ResNet,844,849,6,8.07,0.4363204380008674
M5 Dual fusion ResNet,845,850,6,-0.04,-0.22746752328900222
M5 Dual fusion ResNet,846,851,6,-9.0,-0.7716096339314142
M5 Dual fusion ResNet,847,852,6,-4.1,-1.7343446832689335
M5 Dual fusion ResNet,848,853,6,5.89,-1.470698537027144
M5 Dual fusion ResNet,849,854,6,2.71,-0.935192063662492
M5 Dual fusion ResNet,850,855,6,-2.45,-1.0245588392735738
M5 Dual fusion ResNet,851,856,6,6.59,1.3174245889372815
M5 Dual fusion ResNet,852,857,6,0.97,2.9735983513303146
M5 Dual fusion ResNet,853,858,6,1.83,3.2341330567527877
M5 Dual fusion ResNet,854,859,6,1.68,1.9693336865618538
M5 Dual fusion ResNet,855,860,6,8.82,3.312397237894778
M5 Dual fusion ResNet,856,861,6,4.12,3.9605854490147663
M5 Dual fusion ResNet,857,862,6,6.4,1.8894540417425714
M5 Dual fusion ResNet,858,863,6,1.1,0.11201038430412469
M5 Dual fusion ResNet,859,864,6,-10.9,-0.5182834489280173
M5 Dual fusion ResNet,860,865,6,-6.37,0.18373491220291394
M5 Dual fusion ResNet,861,866,6,-0.0,1.5971314845667055
M5 Dual fusion ResNet,862,867,6,6.59,2.770899991385495
M5 Dual fusion ResNet,863,868,6,2.56,3.686750054512722
M5 Dual fusion ResNet,864,869,6,2.47,4.622503385247601
M5 Dual fusion ResNet,865,870,6,0.43,4.815872213636844
M5 Dual fusion ResNet,866,871,6,2.64,3.5822883611309133
M5 Dual fusion ResNet,867,872,6,2.77,-0.35641344501775185
M5 Dual fusion ResNet,868,873,6,7.86,-1.0011570688385862
M5 Dual fusion ResNet,869,874,6,-0.66,-1.2039123475638198
M5 Dual fusion ResNet,870,875,6,-9.0,-1.8051612279093021
M5 Dual fusion ResNet,871,876,6,-17.07,-3.24469996686462
M5 Dual fusion ResNet,872,877,6,-7.06,-2.463871905275389
M5 Dual fusion ResNet,873,878,6,-7.08,-3.908632799321725
M5 Dual fusion ResNet,874,879,6,4.65,-2.1848814283155287
M5 Dual fusion ResNet,875,880,6,-1.4,-0.4647354616149584
M5 Dual fusion ResNet,876,881,6,2.55,0.4415758433844643
M5 Dual fusion ResNet,877,882,6,-1.88,-0.724482456880339
M5 Dual fusion ResNet,878,883,6,5.25,2.0235695616482636
M5 Dual fusion ResNet,879,884,6,-3.21,-0.37666823614866685
M5 Dual fusion ResNet,880,885,6,-0.39,-1.0708373830508313
M5 Dual fusion ResNet,881,886,6,1.34,-0.7414050681528175
M5 Dual fusion ResNet,882,887,6,2.26,-1.2670944820160812
M5 Dual fusion ResNet,883,888,6,3.8,-2.060458976497609
M5 Dual fusion ResNet,884,889,6,-2.13,-2.12036999722017
M5 Dual fusion ResNet,885,890,6,-1.84,-0.8758074701527592
M5 Dual fusion ResNet,886,891,6,-2.4,-0.2710169688585973
M5 Dual fusion ResNet,887,892,6,3.06,0.10655247391282163
M5 Dual fusion ResNet,888,893,6,5.98,-0.3896986325272742
M5 Dual fusion ResNet,889,894,6,-0.64,-0.39967715258918535
M5 Dual fusion ResNet,890,895,6,6.06,2.7178625569520336
M5 Dual fusion ResNet,891,896,6,7.88,4.002986794159318
M5 Dual fusion ResNet,892,897,6,8.01,4.040845505783553
M5 Dual fusion ResNet,893,898,6,2.08,3.7897747632070815
M5 Dual fusion ResNet,894,899,6,4.2,1.8769822502792883
M5 Dual fusion ResNet,895,900,6,-3.29,2.134715636428498
M5 Dual fusion ResNet,896,901,6,-14.91,1.9960889456449302
M5 Dual fusion ResNet,897,902,6,8.79,0.9943032510767327
M5 Dual fusion ResNet,898,903,6,1.92,1.2187909210314802
M5 Dual fusion ResNet,899,904,6,0.61,1.4050900936644166
M5 Dual fusion ResNet,900,905,6,-3.59,1.011138911046468
M5 Dual fusion ResNet,901,906,6,-6.57,1.1200768803754464
M5 Dual fusion ResNet,902,907,6,-5.01,1.5019790150348986
M5 Dual fusion ResNet,903,908,6,-8.02,-0.0885239178888555
M5 Dual fusion ResNet,904,909,6,-0.63,0.48037671813777116
M5 Dual fusion ResNet,905,910,6,-5.01,0.08375550127274067
M5 Dual fusion ResNet,906,911,6,-5.37,2.5634524885763432
M5 Dual fusion ResNet,907,912,6,1.3,2.1407015471647513
M5 Dual fusion ResNet,908,913,6,-6.16,1.002279316959338
M5 Dual fusion ResNet,909,914,6,-6.11,-0.34322745157107626
M5 Dual fusion ResNet,910,915,6,-2.67,3.028345065320343
M5 Dual fusion ResNet,911,916,6,-1.64,2.5283956682734163
M5 Dual fusion ResNet,912,917,6,-1.23,2.22820773651153
M5 Dual fusion ResNet,913,918,6,-0.05,1.8300880397942811
M5 Dual fusion ResNet,914,919,6,8.04,1.9535597477624633
M5 Dual fusion ResNet,915,920,6,1.02,1.0946078713201284
M5 Dual fusion ResNet,916,921,6,-2.21,-0.480946445120245
M5 Dual fusion ResNet,917,922,6,-4.18,-1.5785642022969573
M5 Dual fusion ResNet,918,923,6,-2.02,-2.3652654096516956
M5 Dual fusion ResNet,919,924,6,-1.86,-3.715436371911854
M5 Dual fusion ResNet,920,925,6,-4.34,-2.9229139500281356
M5 Dual fusion ResNet,921,926,6,-11.45,-2.6512902630923763
M5 Dual fusion ResNet,922,927,6,-4.02,-2.1993435179371748
M5 Dual fusion ResNet,923,928,6,-7.11,-1.9883156379243374
M5 Dual fusion ResNet,924,929,6,-3.21,-2.2199247339834067
M5 Dual fusion ResNet,925,930,6,-4.44,-2.148878369041214
M5 Dual fusion ResNet,797,805,9,12.08,2.8394504127679405
M5 Dual fusion ResNet,798,806,9,6.72,2.5722608862195675
M5 Dual fusion ResNet,799,807,9,-0.82,1.7955497236131088
M5 Dual fusion ResNet,800,808,9,1.54,1.9732301508220549
M5 Dual fusion ResNet,801,809,9,1.43,2.715791925997452
M5 Dual fusion ResNet,802,810,9,9.82,1.7098127965767351
M5 Dual fusion ResNet,803,811,9,10.38,1.8614859457727815
M5 Dual fusion ResNet,804,812,9,8.9,1.8757860508460653
M5 Dual fusion ResNet,805,813,9,10.15,1.790900538702584
M5 Dual fusion ResNet,806,814,9,-10.68,4.535788269076351
M5 Dual fusion ResNet,807,815,9,-17.34,5.659928776061582
M5 Dual fusion ResNet,808,816,9,-3.24,4.679425772076236
M5 Dual fusion ResNet,809,817,9,-2.65,2.1480357801538372
M5 Dual fusion ResNet,810,818,9,1.81,1.594569267591178
M5 Dual fusion ResNet,811,819,9,-4.48,-0.3502773104017618
M5 Dual fusion ResNet,812,820,9,-0.97,1.0043200027100787
M5 Dual fusion ResNet,813,821,9,1.24,1.2101951489960014
M5 Dual fusion ResNet,814,822,9,3.06,1.5719737576953743
M5 Dual fusion ResNet,815,823,9,2.22,1.5614961477049412
M5 Dual fusion ResNet,816,824,9,-0.14,1.6764991163500738
M5 Dual fusion ResNet,817,825,9,-1.68,-2.5196233354983644
M5 Dual fusion ResNet,818,826,9,-5.44,-5.032494471734106
M5 Dual fusion ResNet,819,827,9,-2.38,-5.103811595293224
M5 Dual fusion ResNet,820,828,9,-5.73,-5.906313327988016
M5 Dual fusion ResNet,821,829,9,-2.56,-5.057731927569335
M5 Dual fusion ResNet,822,830,9,-3.09,-4.292276778183026
M5 Dual fusion ResNet,823,831,9,-0.83,-4.527348008687293
M5 Dual fusion ResNet,824,832,9,-6.68,-3.8758361407391435
M5 Dual fusion ResNet,825,833,9,-0.41,-1.8958236842515217
M5 Dual fusion ResNet,826,834,9,-1.5,-1.8208245621566204
M5 Dual fusion ResNet,827,835,9,0.79,-0.5752279899456703
M5 Dual fusion ResNet,828,836,9,4.09,0.5727745320408153
M5 Dual fusion ResNet,829,837,9,2.09,-0.587995431858499
M5 Dual fusion ResNet,830,838,9,4.12,-0.897984046300885
M5 Dual fusion ResNet,831,839,9,11.34,-0.7386170385749393
M5 Dual fusion ResNet,832,840,9,-5.44,-0.49454137564260847
M5 Dual fusion ResNet,833,841,9,3.12,-0.42562447415001037
M5 Dual fusion ResNet,834,842,9,7.31,0.4871173069793828
M5 Dual fusion ResNet,835,843,9,7.33,2.977533211704047
M5 Dual fusion ResNet,836,844,9,5.34,4.243066767533524
M5 Dual fusion ResNet,837,845,9,6.5,4.980442678441584
M5 Dual fusion ResNet,838,846,9,3.66,6.41005642119398
M5 Dual fusion ResNet,839,847,9,11.61,5.681506485919725
M5 Dual fusion ResNet,840,848,9,8.74,4.311442917305627
M5 Dual fusion ResNet,841,849,9,8.07,-0.41580338736192024
M5 Dual fusion ResNet,842,850,9,-0.04,-1.0779383068606145
M5 Dual fusion ResNet,843,851,9,-9.0,-0.40593488662523436
M5 Dual fusion ResNet,844,852,9,-4.1,-0.9414158049813839
M5 Dual fusion ResNet,845,853,9,5.89,-0.7675969966349583
M5 Dual fusion ResNet,846,854,9,2.71,-0.15804952746734235
M5 Dual fusion ResNet,847,855,9,-2.45,1.21891902465461
M5 Dual fusion ResNet,848,856,9,6.59,2.3702704840042235
M5 Dual fusion ResNet,849,857,9,0.97,1.832495952245115
M5 Dual fusion ResNet,850,858,9,1.83,2.0862580230808727
M5 Dual fusion ResNet,851,859,9,1.68,1.563557927261082
M5 Dual fusion ResNet,852,860,9,8.82,-1.0969408284554238
M5 Dual fusion ResNet,853,861,9,4.12,-1.63134780633171
M5 Dual fusion ResNet,854,862,9,6.4,-0.06892701179469274
M5 Dual fusion ResNet,855,863,9,1.1,-0.8466241227371478
M5 Dual fusion ResNet,856,864,9,-10.9,0.19101225298212077
M5 Dual fusion ResNet,857,865,9,-6.37,-1.716050934758811
M5 Dual fusion ResNet,858,866,9,-0.0,-1.3152951514820346
M5 Dual fusion ResNet,859,867,9,6.59,-0.2643294931032263
M5 Dual fusion ResNet,860,868,9,2.56,0.7785705581180378
M5 Dual fusion ResNet,861,869,9,2.47,0.7608057441997778
M5 Dual fusion ResNet,862,870,9,0.43,-0.17769926400464753
M5 Dual fusion ResNet,863,871,9,2.64,-1.1100968902168704
M5 Dual fusion ResNet,864,872,9,2.77,-1.2139407097208867
M5 Dual fusion ResNet,865,873,9,7.86,-2.749727354940729
M5 Dual fusion ResNet,866,874,9,-0.66,-3.9735205828932174
M5 Dual fusion ResNet,867,875,9,-9.0,-3.6656413073971286
M5 Dual fusion ResNet,868,876,9,-17.07,-1.0729179550886856
M5 Dual fusion ResNet,869,877,9,-7.06,-2.1302183206181504
M5 Dual fusion ResNet,870,878,9,-7.08,-3.0482023791600072
M5 Dual fusion ResNet,871,879,9,4.65,-4.437162315210228
M5 Dual fusion ResNet,872,880,9,-1.4,-4.031115586138935
M5 Dual fusion ResNet,873,881,9,2.55,-0.8723301912790564
M5 Dual fusion ResNet,874,882,9,-1.88,1.1545736422794364
M5 Dual fusion ResNet,875,883,9,5.25,1.5587315945303417
M5 Dual fusion ResNet,876,884,9,-3.21,3.1248748203568533
M5 Dual fusion ResNet,877,885,9,-0.39,0.7730591956391724
M5 Dual fusion ResNet,878,886,9,1.34,-0.3941887353475084
M5 Dual fusion ResNet,879,887,9,2.26,0.40400938158358457
M5 Dual fusion ResNet,880,888,9,3.8,0.43989912272294074
M5 Dual fusion ResNet,881,889,9,-2.13,0.27882492196440634
M5 Dual fusion ResNet,882,890,9,-1.84,1.062823579381813
M5 Dual fusion ResNet,883,891,9,-2.4,1.5560257997460272
M5 Dual fusion ResNet,884,892,9,3.06,2.3672575166449534
M5 Dual fusion ResNet,885,893,9,5.98,2.5198937798520586
M5 Dual fusion ResNet,886,894,9,-0.64,2.248226398550973
M5 Dual fusion ResNet,887,895,9,6.06,1.4322009278307717
M5 Dual fusion ResNet,888,896,9,7.88,3.1743895268474556
M5 Dual fusion ResNet,889,897,9,8.01,2.163082582196733
M5 Dual fusion ResNet,890,898,9,2.08,-0.10176335282106796
M5 Dual fusion ResNet,891,899,9,4.2,-0.8529210150821753
M5 Dual fusion ResNet,892,900,9,-3.29,-0.42899231891595235
M5 Dual fusion ResNet,893,901,9,-14.91,0.8477195843405738
M5 Dual fusion ResNet,894,902,9,8.79,0.18035865870395273
M5 Dual fusion ResNet,895,903,9,1.92,-1.2777223606090677
M5 Dual fusion ResNet,896,904,9,0.61,-2.647175874599278
M5 Dual fusion ResNet,897,905,9,-3.59,0.10175214959360579
M5 Dual fusion ResNet,898,906,9,-6.57,1.2108380006916941
M5 Dual fusion ResNet,899,907,9,-5.01,2.609708597350839
M5 Dual fusion ResNet,900,908,9,-8.02,-0.6190579676177541
M5 Dual fusion ResNet,901,909,9,-0.63,-0.31790143735469956
M5 Dual fusion ResNet,902,910,9,-5.01,-0.1610479506706013
M5 Dual fusion ResNet,903,911,9,-5.37,-1.4099069225164127
M5 Dual fusion ResNet,904,912,9,1.3,-1.4627262066943088
M5 Dual fusion ResNet,905,913,9,-6.16,-1.339820670880518
M5 Dual fusion ResNet,906,914,9,-6.11,-0.673958229637726
M5 Dual fusion ResNet,907,915,9,-2.67,-0.5225272406392647
M5 Dual fusion ResNet,908,916,9,-1.64,-2.320248481579285
M5 Dual fusion ResNet,909,917,9,-1.23,-1.6772245830792432
M5 Dual fusion ResNet,910,918,9,-0.05,-2.2465126648755125
M5 Dual fusion ResNet,911,919,9,8.04,-0.3643394730827034
M5 Dual fusion ResNet,912,920,9,1.02,0.6722949557289573
M5 Dual fusion ResNet,913,921,9,-2.21,-0.41524227382301016
M5 Dual fusion ResNet,914,922,9,-4.18,-1.1787008014721085
M5 Dual fusion ResNet,915,923,9,-2.02,0.3710020012825179
M5 Dual fusion ResNet,916,924,9,-1.86,-0.8379882392224065
M5 Dual fusion ResNet,917,925,9,-4.34,0.07132228462083567
M5 Dual fusion ResNet,918,926,9,-11.45,0.1881136026890986
M5 Dual fusion ResNet,919,927,9,-4.02,1.9971599415903216
M5 Dual fusion ResNet,920,928,9,-7.11,1.7127472254935445
M5 Dual fusion ResNet,921,929,9,-3.21,1.3245767912963369
M5 Dual fusion ResNet,922,930,9,-4.44,3.091995719511805
M5 Dual fusion ResNet,923,931,9,-1.5,2.338274504312172
M5 Dual fusion ResNet,924,932,9,1.74,2.6566228087466475
M5 Dual fusion ResNet,925,933,9,-5.2,1.3856866807252692
M5 Dual fusion ResNet,797,808,12,1.54,-0.9217914411981978
M5 Dual fusion ResNet,798,809,12,1.43,-1.171165266737984
M5 Dual fusion ResNet,799,810,12,9.82,-0.565305733592099
M5 Dual fusion ResNet,800,811,12,10.38,-0.14826079045073337
M5 Dual fusion ResNet,801,812,12,8.9,-0.8360864360403593
M5 Dual fusion ResNet,802,813,12,10.15,-0.23055155076162626
M5 Dual fusion ResNet,803,814,12,-10.68,0.5377464207287832
M5 Dual fusion ResNet,804,815,12,-17.34,1.3089283450202855
M5 Dual fusion ResNet,805,816,12,-3.24,0.8504736013327938
M5 Dual fusion ResNet,806,817,12,-2.65,0.1757537448763946
M5 Dual fusion ResNet,807,818,12,1.81,-0.4112284653728442
M5 Dual fusion ResNet,808,819,12,-4.48,-0.76221446105512
M5 Dual fusion ResNet,809,820,12,-0.97,-1.4659122961551085
M5 Dual fusion ResNet,810,821,12,1.24,-1.4455568603720328
M5 Dual fusion ResNet,811,822,12,3.06,-1.8823831190629234
M5 Dual fusion ResNet,812,823,12,2.22,-2.8075292943512644
M5 Dual fusion ResNet,813,824,12,-0.14,-4.095732720561057
M5 Dual fusion ResNet,814,825,12,-1.68,-4.129899550274004
M5 Dual fusion ResNet,815,826,12,-5.44,-5.194268830031677
M5 Dual fusion ResNet,816,827,12,-2.38,-4.336719253214694
M5 Dual fusion ResNet,817,828,12,-5.73,-2.5449000180273793
M5 Dual fusion ResNet,818,829,12,-2.56,-1.9529888781795333
M5 Dual fusion ResNet,819,830,12,-3.09,-1.3279368074890567
M5 Dual fusion ResNet,820,831,12,-0.83,-0.3501488063902789
M5 Dual fusion ResNet,821,832,12,-6.68,-0.582897671527026
M5 Dual fusion ResNet,822,833,12,-0.41,-0.8933575416131481
M5 Dual fusion ResNet,823,834,12,-1.5,-1.3990463005112923
M5 Dual fusion ResNet,824,835,12,0.79,-1.3572018462494215
M5 Dual fusion ResNet,825,836,12,4.09,-2.494194578148745
M5 Dual fusion ResNet,826,837,12,2.09,-1.500274901448202
M5 Dual fusion ResNet,827,838,12,4.12,-1.4674827094633123
M5 Dual fusion ResNet,828,839,12,11.34,-2.5339147440085426
M5 Dual fusion ResNet,829,840,12,-5.44,-4.104426665634641
M5 Dual fusion ResNet,830,841,12,3.12,-4.655976398406323
M5 Dual fusion ResNet,831,842,12,7.31,-2.9763539495353464
M5 Dual fusion ResNet,832,843,12,7.33,-1.3324734602951236
M5 Dual fusion ResNet,833,844,12,5.34,0.3254821539150159
M5 Dual fusion ResNet,834,845,12,6.5,0.18119279394439758
M5 Dual fusion ResNet,835,846,12,3.66,-0.3783076913538479
M5 Dual fusion ResNet,836,847,12,11.61,-0.5213419977906568
M5 Dual fusion ResNet,837,848,12,8.74,-0.2584274391490009
M5 Dual fusion ResNet,838,849,12,8.07,-0.40445773600578594
M5 Dual fusion ResNet,839,850,12,-0.04,1.133377006346517
M5 Dual fusion ResNet,840,851,12,-9.0,1.4810427991210129
M5 Dual fusion ResNet,841,852,12,-4.1,0.5813743339264748
M5 Dual fusion ResNet,842,853,12,5.89,2.1009321415030118
M5 Dual fusion ResNet,843,854,12,2.71,0.23186920853316595
M5 Dual fusion ResNet,844,855,12,-2.45,1.285428019080221
M5 Dual fusion ResNet,845,856,12,6.59,1.0025275165954848
M5 Dual fusion ResNet,846,857,12,0.97,0.13735764017706265
M5 Dual fusion ResNet,847,858,12,1.83,-0.4221277519704527
M5 Dual fusion ResNet,848,859,12,1.68,-0.23565477722587858
M5 Dual fusion ResNet,849,860,12,8.82,0.18199040890991736
M5 Dual fusion ResNet,850,861,12,4.12,-0.8769299531811985
M5 Dual fusion ResNet,851,862,12,6.4,-3.074780267580524
M5 Dual fusion ResNet,852,863,12,1.1,-3.37937906088399
M5 Dual fusion ResNet,853,864,12,-10.9,-1.7998428863856315
M5 Dual fusion ResNet,854,865,12,-6.37,-0.24455451160461328
M5 Dual fusion ResNet,855,866,12,-0.0,-1.1581601953605922
M5 Dual fusion ResNet,856,867,12,6.59,-1.3684247648290366
M5 Dual fusion ResNet,857,868,12,2.56,-0.3504823069708398
M5 Dual fusion ResNet,858,869,12,2.47,-0.8142391003581673
M5 Dual fusion ResNet,859,870,12,0.43,-1.0098843569533185
M5 Dual fusion ResNet,860,871,12,2.64,-1.6118691590285323
M5 Dual fusion ResNet,861,872,12,2.77,-1.5270871580884346
M5 Dual fusion ResNet,862,873,12,7.86,-1.699428299703016
M5 Dual fusion ResNet,863,874,12,-0.66,-3.3409598810792143
M5 Dual fusion ResNet,864,875,12,-9.0,-3.8429984195238016
M5 Dual fusion ResNet,865,876,12,-17.07,-3.0437575298290946
M5 Dual fusion ResNet,866,877,12,-7.06,-2.8700388479574697
M5 Dual fusion ResNet,867,878,12,-7.08,-1.6672589904386519
M5 Dual fusion ResNet,868,879,12,4.65,-0.6524916090389046
M5 Dual fusion ResNet,869,880,12,-1.4,-0.1287337364404353
M5 Dual fusion ResNet,870,881,12,2.55,0.017613806834586132
M5 Dual fusion ResNet,871,882,12,-1.88,-0.23078984839142658
M5 Dual fusion ResNet,872,883,12,5.25,-0.27497736917773574
M5 Dual fusion ResNet,873,884,12,-3.21,-1.1932133122995996
M5 Dual fusion ResNet,874,885,12,-0.39,-2.67016986746262
M5 Dual fusion ResNet,875,886,12,1.34,-4.639169159182925
M5 Dual fusion ResNet,876,887,12,2.26,-4.1474390975607225
M5 Dual fusion ResNet,877,888,12,3.8,-5.027359626289082
M5 Dual fusion ResNet,878,889,12,-2.13,-4.932759240545988
M5 Dual fusion ResNet,879,890,12,-1.84,-1.348265249752557
M5 Dual fusion ResNet,880,891,12,-2.4,-1.4344683288844977
M5 Dual fusion ResNet,881,892,12,3.06,-2.025171436168118
M5 Dual fusion ResNet,882,893,12,5.98,-1.5210417707151294
M5 Dual fusion ResNet,883,894,12,-0.64,-1.606315750318457
M5 Dual fusion ResNet,884,895,12,6.06,-1.9133766138348127
M5 Dual fusion ResNet,885,896,12,7.88,-0.8847592348696725
M5 Dual fusion ResNet,886,897,12,8.01,-0.1593902475969795
M5 Dual fusion ResNet,887,898,12,2.08,0.30346269826391836
M5 Dual fusion ResNet,888,899,12,4.2,0.13045368472951901
M5 Dual fusion ResNet,889,900,12,-3.29,0.8199935639386351
M5 Dual fusion ResNet,890,901,12,-14.91,1.2004175891088775
M5 Dual fusion ResNet,891,902,12,8.79,-0.36588312577377735
M5 Dual fusion ResNet,892,903,12,1.92,0.3810951898042054
M5 Dual fusion ResNet,893,904,12,0.61,0.9354288832533917
M5 Dual fusion ResNet,894,905,12,-3.59,0.6283813713703745
M5 Dual fusion ResNet,895,906,12,-6.57,0.9993875607377727
M5 Dual fusion ResNet,896,907,12,-5.01,0.868708449438254
M5 Dual fusion ResNet,897,908,12,-8.02,0.0019204131097989574
M5 Dual fusion ResNet,898,909,12,-0.63,-0.2762692848296746
M5 Dual fusion ResNet,899,910,12,-5.01,-1.269825419774645
M5 Dual fusion ResNet,900,911,12,-5.37,-2.9905432164576617
M5 Dual fusion ResNet,901,912,12,1.3,-2.2120834909851403
M5 Dual fusion ResNet,902,913,12,-6.16,-1.8855364265539734
M5 Dual fusion ResNet,903,914,12,-6.11,-3.033576256339548
M5 Dual fusion ResNet,904,915,12,-2.67,-3.3161432582437236
M5 Dual fusion ResNet,905,916,12,-1.64,-1.4300030782915012
M5 Dual fusion ResNet,906,917,12,-1.23,-2.337310419272992
M5 Dual fusion ResNet,907,918,12,-0.05,-1.7255420627426215
M5 Dual fusion ResNet,908,919,12,8.04,-0.9142193235779374
M5 Dual fusion ResNet,909,920,12,1.02,-0.7646351702299503
M5 Dual fusion ResNet,910,921,12,-2.21,-1.8420047321921877
M5 Dual fusion ResNet,911,922,12,-4.18,-2.0785659240263943
M5 Dual fusion ResNet,912,923,12,-2.02,-3.8130751597524988
M5 Dual fusion ResNet,913,924,12,-1.86,-3.9352391217640084
M5 Dual fusion ResNet,914,925,12,-4.34,-3.170501936552756
M5 Dual fusion ResNet,915,926,12,-11.45,-3.115742643283365
M5 Dual fusion ResNet,916,927,12,-4.02,-2.985718415086449
M5 Dual fusion ResNet,917,928,12,-7.11,-3.099142354376712
M5 Dual fusion ResNet,918,929,12,-3.21,-2.815526850157737
M5 Dual fusion ResNet,919,930,12,-4.44,-3.525144792223646
M5 Dual fusion ResNet,920,931,12,-1.5,-3.4494490131496724
M5 Dual fusion ResNet,921,932,12,1.74,-1.459536891236026
M5 Dual fusion ResNet,922,933,12,-5.2,-1.3483624844736084
M5 Dual fusion ResNet,923,934,12,-3.7,-1.1404858256024455
M5 Dual fusion ResNet,924,935,12,5.28,-1.4817394964661783
M5 Dual fusion ResNet,925,936,12,1.47,-2.3586690416370635
