method,origin_index,target_index,lead_months,observed,predicted
M0 Persistence,797,797,1,0.47,1.49
M0 Persistence,798,798,1,-0.18,0.47
M0 Persistence,799,799,1,0.71,-0.18
M0 Persistence,800,800,1,1.82,0.71
M0 Persistence,801,801,1,1.79,1.82
M0 Persistence,802,802,1,2.41,1.79
M0 Persistence,803,803,1,3.38,2.41
M0 Persistence,804,804,1,4.82,3.38
M0 Persistence,805,805,1,7.62,4.82
M0 Persistence,806,806,1,8.58,7.62
M0 Persistence,807,807,1,6.17,8.58
M0 Persistence,808,808,1,2.13,6.17
M0 Persistence,809,809,1,2.62,2.13
M0 Persistence,810,810,1,2.0,2.62
M0 Persistence,811,811,1,2.83,2.0
M0 Persistence,812,812,1,3.42,2.83
M0 Persistence,813,813,1,2.8,3.42
M0 Persistence,814,814,1,0.26,2.8
M0 Persistence,815,815,1,-2.12,0.26
M0 Persistence,816,816,1,-3.31,-2.12
M0 Persistence,817,817,1,-1.11,-3.31
M0 Persistence,818,818,1,1.2,-1.11
M0 Persistence,819,819,1,2.36,1.2
M0 Persistence,820,820,1,2.8,2.36
M0 Persistence,821,821,1,4.19,2.8
M0 Persistence,822,822,1,4.79,4.19
M0 Persistence,823,823,1,5.64,4.79
M0 Persistence,824,824,1,3.63,5.64
M0 Persistence,825,825,1,1.67,3.63
M0 Persistence,826,826,1,1.94,1.67
M0 Persistence,827,827,1,1.4,1.94
M0 Persistence,828,828,1,1.03,1.4
M0 Persistence,829,829,1,-0.56,1.03
M0 Persistence,830,830,1,0.22,-0.56
M0 Persistence,831,831,1,-0.09,0.22
M0 Persistence,832,832,1,-0.06,-0.09
M0 Persistence,833,833,1,1.2,-0.06
M0 Persistence,834,834,1,1.43,1.2
M0 Persistence,835,835,1,2.55,1.43
M0 Persistence,836,836,1,4.02,2.55
M0 Persistence,837,837,1,3.28,4.02
M0 Persistence,838,838,1,6.03,3.28
M0 Persistence,839,839,1,7.48,6.03
M0 Persistence,840,840,1,6.88,7.48
M0 Persistence,841,841,1,6.66,6.88
M0 Persistence,842,842,1,5.16,6.66
M0 Persistence,843,843,1,6.9,5.16
M0 Persistence,844,844,1,5.21,6.9
M0 Persistence,845,845,1,3.09,5.21
M0 Persistence,846,846,1,2.58,3.09
M0 Persistence,847,847,1,4.79,2.58
M0 Persistence,848,848,1,5.19,4.79
M0 Persistence,849,849,1,3.07,5.19
M0 Persistence,850,850,1,2.82,3.07
M0 Persistence,851,851,1,1.75,2.82
M0 Persistence,852,852,1,0.98,1.75
M0 Persistence,853,853,1,1.55,0.98
M0 Persistence,854,854,1,1.16,1.55
M0 Persistence,855,855,1,2.06,1.16
M0 Persistence,856,856,1,3.01,2.06
M0 Persistence,857,857,1,3.15,3.01
M0 Persistence,858,858,1,3.66,3.15
M0 Persistence,859,859,1,5.24,3.66
M0 Persistence,860,860,1,5.85,5.24
M0 Persistence,861,861,1,5.29,5.85
M0 Persistence,862,862,1,5.17,5.29
M0 Persistence,863,863,1,6.12,5.17
M0 Persistence,864,864,1,3.11,6.12
M0 Persistence,865,865,1,0.47,3.11
M0 Persistence,866,866,1,-0.53,0.47
M0 Persistence,867,867,1,-1.05,-0.53
M0 Persistence,868,868,1,0.44,-1.05
M0 Persistence,869,869,1,1.54,0.44
M0 Persistence,870,870,1,1.97,1.54
M0 Persistence,871,871,1,2.31,1.97
M0 Persistence,872,872,1,4.26,2.31
M0 Persistence,873,873,1,4.82,4.26
M0 Persistence,874,874,1,5.03,4.82
M0 Persistence,875,875,1,2.46,5.03
M0 Persistence,876,876,1,-1.09,2.46
M0 Persistence,877,877,1,-2.64,-1.09
M0 Persistence,878,878,1,-3.69,-2.64
M0 Persistence,879,879,1,-1.22,-3.69
M0 Persistence,880,880,1,-2.11,-1.22
M0 Persistence,881,881,1,-2.6,-2.11
M0 Persistence,882,882,1,-1.38,-2.6
M0 Persistence,883,883,1,-0.34,-1.38
M0 Persistence,884,884,1,0.55,-0.34
M0 Persistence,885,885,1,-0.08,0.55
M0 Persistence,886,886,1,-0.05,-0.08
M0 Persistence,887,887,1,2.54,-0.05
M0 Persistence,888,888,1,4.46,2.54
M0 Persistence,889,889,1,3.95,4.46
M0 Persistence,890,890,1,0.67,3.95
M0 Persistence,891,891,1,0.19,0.67
M0 Persistence,892,892,1,-0.97,0.19
M0 Persistence,893,893,1,-0.58,-0.97
M0 Persistence,894,894,1,-1.11,-0.58
M0 Persistence,895,895,1,-0.12,-1.11
M0 Persistence,896,896,1,2.25,-0.12
M0 Persistence,897,897,1,3.69,2.25
M0 Persistence,898,898,1,2.16,3.69
M0 Persistence,899,899,1,1.47,2.16
M0 Persistence,900,900,1,0.31,1.47
M0 Persistence,901,901,1,-2.85,0.31
M0 Persistence,902,902,1,-4.08,-2.85
M0 Persistence,903,903,1,-4.28,-4.08
M0 Persistence,904,904,1,-5.09,-4.28
M0 Persistence,905,905,1,-5.59,-5.09
M0 Persistence,906,906,1,-7.85,-5.59
M0 Persistence,907,907,1,-6.17,-7.85
M0 Persistence,908,908,1,-5.27,-6.17
M0 Persistence,909,909,1,-4.26,-5.27
M0 Persistence,910,910,1,-4.0,-4.26
M0 Persistence,911,911,1,-3.46,-4.0
M0 Persistence,912,912,1,-3.36,-3.46
M0 Persistence,913,913,1,-1.89,-3.36
M0 Persistence,914,914,1,-1.1,-1.89
M0 Persistence,915,915,1,-0.97,-1.1
M0 Persistence,916,916,1,0.41,-0.97
M0 Persistence,917,917,1,1.12,0.41
M0 Persistence,918,918,1,1.72,1.12
M0 Persistence,919,919,1,2.76,1.72
M0 Persistence,920,920,1,2.68,2.76
M0 Persistence,921,921,1,1.32,2.68
M0 Persistence,922,922,1,0.43,1.32
M0 Persistence,923,923,1,0.44,0.43
M0 Persistence,924,924,1,-1.05,0.44
M0 Persistence,925,925,1,-1.81,-1.05
M0 Persistence,797,799,3,0.71,1.49
M0 Persistence,798,800,3,1.82,0.47
M0 Persistence,799,801,3,1.79,-0.18
M0 Persistence,800,802,3,2.41,0.71
M0 Persistence,801,803,3,3.38,1.82
M0 Persistence,802,804,3,4.82,1.79
M0 Persistence,803,805,3,7.62,2.41
M0 Persistence,804,806,3,8.58,3.38
M0 Persistence,805,807,3,6.17,4.82
M0 Persistence,806,808,3,2.13,7.62
M0 Persistence,807,809,3,2.62,8.58
M0 Persistence,808,810,3,2.0,6.17
M0 Persistence,809,811,3,2.83,2.13
M0 Persistence,810,812,3,3.42,2.62
M0 Persistence,811,813,3,2.8,2.0
M0 Persistence,812,814,3,0.26,2.83
M0 Persistence,813,815,3,-2.12,3.42
M0 Persistence,814,816,3,-3.31,2.8
M0 Persistence,815,817,3,-1.11,0.26
M0 Persistence,816,818,3,1.2,-2.12
M0 Persistence,817,819,3,2.36,-3.31
M0 Persistence,818,820,3,2.8,-1.11
M0 Persistence,819,821,3,4.19,1.2
M0 Persistence,820,822,3,4.79,2.36
M0 Persistence,821,823,3,5.64,2.8
M0 Persistence,822,824,3,3.63,4.19
M0 Persistence,823,825,3,1.67,4.79
M0 Persistence,824,826,3,1.94,5.64
M0 Persistence,825,827,3,1.4,3.63
M0 Persistence,826,828,3,1.03,1.67
M0 Persistence,827,829,3,-0.56,1.94
M0 Persistence,828,830,3,0.22,1.4
M0 Persistence,829,831,3,-0.09,1.03
M0 Persistence,830,832,3,-0.06,-0.56
M0 Persistence,831,833,3,1.2,0.22
M0 Persistence,832,834,3,1.43,-0.09
M0 Persistence,833,835,3,2.55,-0.06
M0 Persistence,834,836,3,4.02,1.2
M0 Persistence,835,837,3,3.28,1.43
M0 Persistence,836,838,3,6.03,2.55
M0 Persistence,837,839,3,7.48,4.02
M0 Persistence,838,840,3,6.88,3.28
M0 Persistence,839,841,3,6.66,6.03
M0 Persistence,840,842,3,5.16,7.48
M0 Persistence,841,843,3,6.9,6.88
M0 Persistence,842,844,3,5.21,6.66
M0 Persistence,843,845,3,3.09,5.16
M0 Persistence,844,846,3,2.58,6.9
M0 Persistence,845,847,3,4.79,5.21
M0 Persistence,846,848,3,5.19,3.09
M0 Persistence,847,849,3,3.07,2.58
M0 Persistence,848,850,3,2.82,4.79
M0 Persistence,849,851,3,1.75,5.19
M0 Persistence,850,852,3,0.98,3.07
M0 Persistence,851,853,3,1.55,2.82
M0 Persistence,852,854,3,1.16,1.75
M0 Persistence,853,855,3,2.06,0.98
M0 Persistence,854,856,3,3.01,1.55
M0 Persistence,855,857,3,3.15,1.16
M0 Persistence,856,858,3,3.66,2.06
M0 Persistence,857,859,3,5.24,3.01
M0 Persistence,858,860,3,5.85,3.15
M0 Persistence,859,861,3,5.29,3.66
M0 Persistence,860,862,3,5.17,5.24
M0 Persistence,861,863,3,6.12,5.85
M0 Persistence,862,864,3,3.11,5.29
M0 Persistence,863,865,3,0.47,5.17
M0 Persistence,864,866,3,-0.53,6.12
M0 Persistence,865,867,3,-1.05,3.11
M0 Persistence,866,868,3,0.44,0.47
M0 Persistence,867,869,3,1.54,-0.53
M0 Persistence,868,870,3,1.97,-1.05
M0 Persistence,869,871,3,2.31,0.44
M0 Persistence,870,872,3,4.26,1.54
M0 Persistence,871,873,3,4.82,1.97
M0 Persistence,872,874,3,5.03,2.31
M0 Persistence,873,875,3,2.46,4.26
M0 Persistence,874,876,3,-1.09,4.82
M0 Persistence,875,877,3,-2.64,5.03
M0 Persistence,876,878,3,-3.69,2.46
M0 Persistence,877,879,3,-1.22,-1.09
M0 Persistence,878,880,3,-2.11,-2.64
M0 Persistence,879,881,3,-2.6,-3.69
M0 Persistence,880,882,3,-1.38,-1.22
M0 Persistence,881,883,3,-0.34,-2.11
M0 Persistence,882,884,3,0.55,-2.6
M0 Persistence,883,885,3,-0.08,-1.38
M0 Persistence,884,886,3,-0.05,-0.34
M0 Persistence,885,887,3,2.54,0.55
M0 Persistence,886,888,3,4.46,-0.08
M0 Persistence,887,889,3,3.95,-0.05
M0 Persistence,888,890,3,0.67,2.54
M0 Persistence,889,891,3,0.19,4.46
M0 Persistence,890,892,3,-0.97,3.95
M0 Persistence,891,893,3,-0.58,0.67
M0 Persistence,892,894,3,-1.11,0.19
M0 Persistence,893,895,3,-0.12,-0.97
M0 Persistence,894,896,3,2.25,-0.58
M0 Persistence,895,897,3,3.69,-1.11
M0 Persistence,896,898,3,2.16,-0.12
M0 Persistence,897,899,3,1.47,2.25
M0 Persistence,898,900,3,0.31,3.69
M0 Persistence,899,901,3,-2.85,2.16
M0 Persistence,900,902,3,-4.08,1.47
M0 Persistence,901,903,3,-4.28,0.31
M0 Persistence,902,904,3,-5.09,-2.85
M0 Persistence,903,905,3,-5.59,-4.08
M0 Persistence,904,906,3,-7.85,-4.28
M0 Persistence,905,907,3,-6.17,-5.09
M0 Persistence,906,908,3,-5.27,-5.59
M0 Persistence,907,909,3,-4.26,-7.85
M0 Persistence,908,910,3,-4.0,-6.17
M0 Persistence,909,911,3,-3.46,-5.27
M0 Persistence,910,912,3,-3.36,-4.26
M0 Persistence,911,913,3,-1.89,-4.0
M0 Persistence,912,914,3,-1.1,-3.46
M0 Persistence,913,915,3,-0.97,-3.36
M0 Persistence,914,916,3,0.41,-1.89
M0 Persistence,915,917,3,1.12,-1.1
M0 Persistence,916,918,3,1.72,-0.97
M0 Persistence,917,919,3,2.76,0.41
M0 Persistence,918,920,3,2.68,1.12
M0 Persistence,919,921,3,1.32,1.72
M0 Persistence,920,922,3,0.43,2.76
M0 Persistence,921,923,3,0.44,2.68
M0 Persistence,922,924,3,-1.05,1.32
M0 Persistence,923,925,3,-1.81,0.43
M0 Persistence,924,926,3,-4.26,0.44
M0 Persistence,925,927,3,-2.43,-1.05
M0 Persistence,797,802,6,2.41,1.49
M0 Persistence,798,803,6,3.38,0.47
M0 Persistence,799,804,6,4.82,-0.18
M0 Persistence,800,805,6,7.62,0.71
M0 Persistence,801,806,6,8.58,1.82
M0 Persistence,802,807,6,6.17,1.79
M0 Persistence,803,808,6,2.13,2.41
M0 Persistence,804,809,6,2.62,3.38
M0 Persistence,805,810,6,2.0,4.82
M0 Persistence,806,811,6,2.83,7.62
M0 Persistence,807,812,6,3.42,8.58
M0 Persistence,808,813,6,2.8,6.17
M0 Persistence,809,814,6,0.26,2.13
M0 Persistence,810,815,6,-2.12,2.62
M0 Persistence,811,816,6,-3.31,2.0
M0 Persistence,812,817,6,-1.11,2.83
M0 Persistence,813,818,6,1.2,3.42
M0 Persistence,814,819,6,2.36,2.8
M0 Persistence,815,820,6,2.8,0.26
M0 Persistence,816,821,6,4.19,-2.12
M0 Persistence,817,822,6,4.79,-3.31
M0 Persistence,818,823,6,5.64,-1.11
M0 Persistence,819,824,6,3.63,1.2
M0 Persistence,820,825,6,1.67,2.36
M0 Persistence,821,826,6,1.94,2.8
M0 Persistence,822,827,6,1.4,4.19
M0 Persistence,823,828,6,1.03,4.79
M0 Persistence,824,829,6,-0.56,5.64
M0 Persistence,825,830,6,0.22,3.63
M0 Persistence,826,831,6,-0.09,1.67
M0 Persistence,827,832,6,-0.06,1.94
M0 Persistence,828,833,6,1.2,1.4
M0 Persistence,829,834,6,1.43,1.03
M0 Persistence,830,835,6,2.55,-0.56
M0 Persistence,831,836,6,4.02,0.22
M0 Persistence,832,837,6,3.28,-0.09
M0 Persistence,833,838,6,6.03,-0.06
M0 Persistence,834,839,6,7.48,1.2
M0 Persistence,835,840,6,6.88,1.43
M0 Persistence,836,841,6,6.66,2.55
M0 Persistence,837,842,6,5.16,4.02
M0 Persistence,838,843,6,6.9,3.28
M0 Persistence,839,844,6,5.21,6.03
M0 Persistence,840,845,6,3.09,7.48
M0 Persistence,841,846,6,2.58,6.88
M0 Persistence,842,847,6,4.79,6.66
M0 Persistence,843,848,6,5.19,5.16
M0 Persistence,844,849,6,3.07,6.9
M0 Persistence,845,850,6,2.82,5.21
M0 Persistence,846,851,6,1.75,3.09
M0 Persistence,847,852,6,0.98,2.58
M0 Persistence,848,853,6,1.55,4.79
M0 Persistence,849,854,6,1.16,5.19
M0 Persistence,850,855,6,2.06,3.07
M0 Persistence,851,856,6,3.01,2.82
M0 Persistence,852,857,6,3.15,1.75
M0 Persistence,853,858,6,3.66,0.98
M0 Persistence,854,859,6,5.24,1.55
M0 Persistence,855,860,6,5.85,1.16
M0 Persistence,856,861,6,5.29,2.06
M0 Persistence,857,862,6,5.17,3.01
M0 Persistence,858,863,6,6.12,3.15
M0 Persistence,859,864,6,3.11,3.66
M0 Persistence,860,865,6,0.47,5.24
M0 Persistence,861,866,6,-0.53,5.85
M0 Persistence,862,867,6,-1.05,5.29
M0 Persistence,863,868,6,0.44,5.17
M0 Persistence,864,869,6,1.54,6.12
M0 Persistence,865,870,6,1.97,3.11
M0 Persistence,866,871,6,2.31,0.47
M0 Persistence,867,872,6,4.26,-0.53
M0 Persistence,868,873,6,4.82,-1.05
M0 Persistence,869,874,6,5.03,0.44
M0 Persistence,870,875,6,2.46,1.54
M0 Persistence,871,876,6,-1.09,1.97
M0 Persistence,872,877,6,-2.64,2.31
M0 Persistence,873,878,6,-3.69,4.26
M0 Persistence,874,879,6,-1.22,4.82
M0 Persistence,875,880,6,-2.11,5.03
M0 Persistence,876,881,6,-2.6,2.46
M0 Persistence,877,882,6,-1.38,-1.09
M0 Persistence,878,883,6,-0.34,-2.64
M0 Persistence,879,884,6,0.55,-3.69
M0 Persistence,880,885,6,-0.08,-1.22
M0 Persistence,881,886,6,-0.05,-2.11
M0 Persistence,882,887,6,2.54,-2.6
M0 Persistence,883,888,6,4.46,-1.38
M0 Persistence,884,889,6,3.95,-0.34
M0 Persistence,885,890,6,0.67,0.55
M0 Persistence,886,891,6,0.19,-0.08
M0 Persistence,887,892,6,-0.97,-0.05
M0 Persistence,888,893,6,-0.58,2.54
M0 Persistence,889,894,6,-1.11,4.46
M0 Persistence,890,895,6,-0.12,3.95
M0 Persistence,891,896,6,2.25,0.67
M0 Persistence,892,897,6,3.69,0.19
M0 Persistence,893,898,6,2.16,-0.97
M0 Persistence,894,899,6,1.47,-0.58
M0 Persistence,895,900,6,0.31,-1.11
M0 Persistence,896,901,6,-2.85,-0.12
M0 Persistence,897,902,6,-4.08,2.25
M0 Persistence,898,903,6,-4.28,3.69
M0 Persistence,899,904,6,-5.09,2.16
M0 Persistence,900,905,6,-5.59,1.47
M0 Persistence,901,906,6,-7.85,0.31
M0 Persistence,902,907,6,-6.17,-2.85
M0 Persistence,903,908,6,-5.27,-4.08
M0 Persistence,904,909,6,-4.26,-4.28
M0 Persistence,905,910,6,-4.0,-5.09
M0 Persistence,906,911,6,-3.46,-5.59
M0 Persistence,907,912,6,-3.36,-7.85
M0 Persistence,908,913,6,-1.89,-6.17
M0 Persistence,909,914,6,-1.1,-5.27
M0 Persistence,910,915,6,-0.97,-4.26
M0 Persistence,911,916,6,0.41,-4.0
M0 Persistence,912,917,6,1.12,-3.46
M0 Persistence,913,918,6,1.72,-3.36
M0 Persistence,914,919,6,2.76,-1.89
M0 Persistence,915,920,6,2.68,-1.1
M0 Persistence,916,921,6,1.32,-0.97
M0 Persistence,917,922,6,0.43,0.41
M0 Persistence,918,923,6,0.44,1.12
M0 Persistence,919,924,6,-1.05,1.72
M0 Persistence,920,925,6,-1.81,2.76
M0 Persistence,921,926,6,-4.26,2.68
M0 Persistence,922,927,6,-2.43,1.32
M0 Persistence,923,928,6,-2.16,0.43
M0 Persistence,924,929,6,-2.36,0.44
M0 Persistence,925,930,6,-3.03,-1.05
M0 Persistence,797,805,9,7.62,1.49
M0 Persistence,798,806,9,8.58,0.47
M0 Persistence,799,807,9,6.17,-0.18
M0 Persistence,800,808,9,2.13,0.71
M0 Persistence,801,809,9,2.62,1.82
M0 Persistence,802,810,9,2.0,1.79
M0 Persistence,803,811,9,2.83,2.41
M0 Persistence,804,812,9,3.42,3.38
M0 Persistence,805,813,9,2.8,4.82
M0 Persistence,806,814,9,0.26,7.62
M0 Persistence,807,815,9,-2.12,8.58
M0 Persistence,808,816,9,-3.31,6.17
M0 Persistence,809,817,9,-1.11,2.13
M0 Persistence,810,818,9,1.2,2.62
M0 Persistence,811,819,9,2.36,2.0
M0 Persistence,812,820,9,2.8,2.83
M0 Persistence,813,821,9,4.19,3.42
M0 Persistence,814,822,9,4.79,2.8
M0 Persistence,815,823,9,5.64,0.26
M0 Persistence,816,824,9,3.63,-2.12
M0 Persistence,817,825,9,1.67,-3.31
M0 Persistence,818,826,9,1.94,-1.11
M0 Persistence,819,827,9,1.4,1.2
M0 Persistence,820,828,9,1.03,2.36
M0 Persistence,821,829,9,-0.56,2.8
M0 Persistence,822,830,9,0.22,4.19
M0 Persistence,823,831,9,-0.09,4.79
M0 Persistence,824,832,9,-0.06,5.64
M0 Persistence,825,833,9,1.2,3.63
M0 Persistence,826,834,9,1.43,1.67
M0 Persistence,827,835,9,2.55,1.94
M0 Persistence,828,836,9,4.02,1.4
M0 Persistence,829,837,9,3.28,1.03
M0 Persistence,830,838,9,6.03,-0.56
M0 Persistence,831,839,9,7.48,0.22
M0 Persistence,832,840,9,6.88,-0.09
M0 Persistence,833,841,9,6.66,-0.06
M0 Persistence,834,842,9,5.16,1.2
M0 Persistence,835,843,9,6.9,1.43
M0 Persistence,836,844,9,5.21,2.55
M0 Persistence,837,845,9,3.09,4.02
M0 Persistence,838,846,9,2.58,3.28
M0 Persistence,839,847,9,4.79,6.03
M0 Persistence,840,848,9,5.19,7.48
M0 Persistence,841,849,9,3.07,6.88
M0 Persistence,842,850,9,2.82,6.66
M0 Persistence,843,851,9,1.75,5.16
M0 Persistence,844,852,9,0.98,6.9
M0 Persistence,845,853,9,1.55,5.21
M0 Persistence,846,854,9,1.16,3.09
M0 Persistence,847,855,9,2.06,2.58
M0 Persistence,848,856,9,3.01,4.79
M0 Persistence,849,857,9,3.15,5.19
M0 Persistence,850,858,9,3.66,3.07
M0 Persistence,851,859,9,5.24,2.82
M0 Persistence,852,860,9,5.85,1.75
M0 Persistence,853,861,9,5.29,0.98
M0 Persistence,854,862,9,5.17,1.55
M0 Persistence,855,863,9,6.12,1.16
M0 Persistence,856,864,9,3.11,2.06
M0 Persistence,857,865,9,0.47,3.01
M0 Persistence,858,866,9,-0.53,3.15
M0 Persistence,859,867,9,-1.05,3.66
M0 Persistence,860,868,9,0.44,5.24
M0 Persistence,861,869,9,1.54,5.85
M0 Persistence,862,870,9,1.97,5.29
M0 Persistence,863,871,9,2.31,5.17
M0 Persistence,864,872,9,4.26,6.12
M0 Persistence,865,873,9,4.82,3.11
M0 Persistence,866,874,9,5.03,0.47
M0 Persistence,867,875,9,2.46,-0.53
M0 Persistence,868,876,9,-1.09,-1.05
M0 Persistence,869,877,9,-2.64,0.44
M0 Persistence,870,878,9,-3.69,1.54
M0 Persistence,871,879,9,-1.22,1.97
M0 Persistence,872,880,9,-2.11,2.31
M0 Persistence,873,881,9,-2.6,4.26
M0 Persistence,874,882,9,-1.38,4.82
M0 Persistence,875,883,9,-0.34,5.03
M0 Persistence,876,884,9,0.55,2.46
M0 Persistence,877,885,9,-0.08,-1.09
M0 Persistence,878,886,9,-0.05,-2.64
M0 Persistence,879,887,9,2.54,-3.69
M0 Persistence,880,888,9,4.46,-1.22
M0 Persistence,881,889,9,3.95,-2.11
M0 Persistence,882,890,9,0.67,-2.6
M0 Persistence,883,891,9,0.19,-1.38
M0 Persistence,884,892,9,-0.97,-0.34
M0 Persistence,885,893,9,-0.58,0.55
M0 Persistence,886,894,9,-1.11,-0.08
M0 Persistence,887,895,9,-0.12,-0.05
M0 Persistence,888,896,9,2.25,2.54
M0 Persistence,889,897,9,3.69,4.46
M0 Persistence,890,898,9,2.16,3.95
M0 Persistence,891,899,9,1.47,0.67
M0 Persistence,892,900,9,0.31,0.19
M0 Persistence,893,901,9,-2.85,-0.97
M0 Persistence,894,902,9,-4.08,-0.58
M0 Persistence,895,903,9,-4.28,-1.11
M0 Persistence,896,904,9,-5.09,-0.12
M0 Persistence,897,905,9,-5.59,2.25
M0 Persistence,898,906,9,-7.85,3.69
M0 Persistence,899,907,9,-6.17,2.16
M0 Persistence,900,908,9,-5.27,1.47
M0 Persistence,901,909,9,-4.26,0.31
M0 Persistence,902,910,9,-4.0,-2.85
M0 Persistence,903,911,9,-3.46,-4.08
M0 Persistence,904,912,9,-3.36,-4.28
M0 Persistence,905,913,9,-1.89,-5.09
M0 Persistence,906,914,9,-1.1,-5.59
M0 Persistence,907,915,9,-0.97,-7.85
M0 Persistence,908,916,9,0.41,-6.17
M0 Persistence,909,917,9,1.12,-5.27
M0 Persistence,910,918,9,1.72,-4.26
M0 Persistence,911,919,9,2.76,-4.0
M0 Persistence,912,920,9,2.68,-3.46
M0 Persistence,913,921,9,1.32,-3.36
M0 Persistence,914,922,9,0.43,-1.89
M0 Persistence,915,923,9,0.44,-1.1
M0 Persistence,916,924,9,-1.05,-0.97
M0 Persistence,917,925,9,-1.81,0.41
M0 Persistence,918,926,9,-4.26,1.12
M0 Persistence,919,927,9,-2.43,1.72
M0 Persistence,920,928,9,-2.16,2.76
M0 Persistence,921,929,9,-2.36,2.68
M0 Persistence,922,930,9,-3.03,1.32
M0 Persistence,923,931,9,-1.45,0.43
M0 Persistence,924,932,9,0.22,0.44
M0 Persistence,925,933,9,-0.07,-1.05
M0 Persistence,797,808,12,2.13,1.49
M0 Persistence,798,809,12,2.62,0.47
M0 Persistence,799,810,12,2.0,-0.18
M0 Persistence,800,811,12,2.83,0.71
M0 Persistence,801,812,12,3.42,1.82
M0 Persistence,802,813,12,2.8,1.79
M0 Persistence,803,814,12,0.26,2.41
M0 Persistence,804,815,12,-2.12,3.38
M0 Persistence,805,816,12,-3.31,4.82
M0 Persistence,806,817,12,-1.11,7.62
M0 Persistence,807,818,12,1.2,8.58
M0 Persistence,808,819,12,2.36,6.17
M0 Persistence,809,820,12,2.8,2.13
M0 Persistence,810,821,12,4.19,2.62
M0 Persistence,811,822,12,4.79,2.0
M0 Persistence,812,823,12,5.64,2.83
M0 Persistence,813,824,12,3.63,3.42
M0 Persistence,814,825,12,1.67,2.8
M0 Persistence,815,826,12,1.94,0.26
M0 Persistence,816,827,12,1.4,-2.12
M0 Persistence,817,828,12,1.03,-3.31
M0 Persistence,818,829,12,-0.56,-1.11
M0 Persistence,819,830,12,0.22,1.2
M0 Persistence,820,831,12,-0.09,2.36
M0 Persistence,821,832,12,-0.06,2.8
M0 Persistence,822,833,12,1.2,4.19
M0 Persistence,823,834,12,1.43,4.79
M0 Persistence,824,835,12,2.55,5.64
M0 Persistence,825,836,12,4.02,3.63
M0 Persistence,826,837,12,3.28,1.67
M0 Persistence,827,838,12,6.03,1.94
M0 Persistence,828,839,12,7.48,1.4
M0 Persistence,829,840,12,6.88,1.03
M0 Persistence,830,841,12,6.66,-0.56
M0 Persistence,831,842,12,5.16,0.22
M0 Persistence,832,843,12,6.9,-0.09
M0 Persistence,833,844,12,5.21,-0.06
M0 Persistence,834,845,12,3.09,1.2
M0 Persistence,835,846,12,2.58,1.43
M0 Persistence,836,847,12,4.79,2.55
M0 Persistence,837,848,12,5.19,4.02
M0 Persistence,838,849,12,3.07,3.28
M0 Persistence,839,850,12,2.82,6.03
M0 Persistence,840,851,12,1.75,7.48
M0 Persistence,841,852,12,0.98,6.88
M0 Persistence,842,853,12,1.55,6.66
M0 Persistence,843,854,12,1.16,5.16
M0 Persistence,844,855,12,2.06,6.9
M0 Persistence,845,856,12,3.01,5.21
M0 Persistence,846,857,12,3.15,3.09
M0 Persistence,847,858,12,3.66,2.58
M0 Persistence,848,859,12,5.24,4.79
M0 Persistence,849,860,12,5.85,5.19
M0 Persistence,850,861,12,5.29,3.07
M0 Persistence,851,862,12,5.17,2.82
M0 Persistence,852,863,12,6.12,1.75
M0 Persistence,853,864,12,3.11,0.98
M0 Persistence,854,865,12,0.47,1.55
M0 Persistence,855,866,12,-0.53,1.16
M0 Persistence,856,867,12,-1.05,2.06
M0 Persistence,857,868,12,0.44,3.01
M0 Persistence,858,869,12,1.54,3.15
M0 Persistence,859,870,12,1.97,3.66
M0 Persistence,860,871,12,2.31,5.24
M0 Persistence,861,872,12,4.26,5.85
M0 Persistence,862,873,12,4.82,5.29
M0 Persistence,863,874,12,5.03,5.17
M0 Persistence,864,875,12,2.46,6.12
M0 Persistence,865,876,12,-1.09,3.11
M0 Persistence,866,877,12,-2.64,0.47
M0 Persistence,867,878,12,-3.69,-0.53
M0 Persistence,868,879,12,-1.22,-1.05
M0 Persistence,869,880,12,-2.11,0.44
M0 Persistence,870,881,12,-2.6,1.54
M0 Persistence,871,882,12,-1.38,1.97
M0 Persistence,872,883,12,-0.34,2.31
M0 Persistence,873,884,12,0.55,4.26
M0 Persistence,874,885,12,-0.08,4.82
M0 Persistence,875,886,12,-0.05,5.03
M0 Persistence,876,887,12,2.54,2.46
M0 Persistence,877,888,12,4.46,-1.09
M0 Persistence,878,889,12,3.95,-2.64
M0 Persistence,879,890,12,0.67,-3.69
M0 Persistence,880,891,12,0.19,-1.22
M0 Persistence,881,892,12,-0.97,-2.11
M0 Persistence,882,893,12,-0.58,-2.6
M0 Persistence,883,894,12,-1.11,-1.38
M0 Persistence,884,895,12,-0.12,-0.34
M0 Persistence,885,896,12,2.25,0.55
M0 Persistence,886,897,12,3.69,-0.08
M0 Persistence,887,898,12,2.16,-0.05
M0 Persistence,888,899,12,1.47,2.54
M0 Persistence,889,900,12,0.31,4.46
M0 Persistence,890,901,12,-2.85,3.95
M0 Persistence,891,902,12,-4.08,0.67
M0 Persistence,892,903,12,-4.28,0.19
M0 Persistence,893,904,12,-5.09,-0.97
M0 Persistence,894,905,12,-5.59,-0.58
M0 Persistence,895,906,12,-7.85,-1.11
M0 Persistence,896,907,12,-6.17,-0.12
M0 Persistence,897,908,12,-5.27,2.25
M0 Persistence,898,909,12,-4.26,3.69
M0 Persistence,899,910,12,-4.0,2.16
M0 Persistence,900,911,12,-3.46,1.47
M0 Persistence,901,912,12,-3.36,0.31
M0 Persistence,902,913,12,-1.89,-2.85
M0 Persistence,903,914,12,-1.1,-4.08
M0 Persistence,904,915,12,-0.97,-4.28
M0 Persistence,905,916,12,0.41,-5.09
M0 Persistence,906,917,12,1.12,-5.59
M0 Persistence,907,918,12,1.72,-7.85
M0 Persistence,908,919,12,2.76,-6.17
M0 Persistence,909,920,12,2.68,-5.27
M0 Persistence,910,921,12,1.32,-4.26
M0 Persistence,911,922,12,0.43,-4.0
M0 Persistence,912,923,12,0.44,-3.46
M0 Persistence,913,924,12,-1.05,-3.36
M0 Persistence,914,925,12,-1.81,-1.89
M0 Persistence,915,926,12,-4.26,-1.1
M0 Persistence,916,927,12,-2.43,-0.97
M0 Persistence,917,928,12,-2.16,0.41
M0 Persistence,918,929,12,-2.36,1.12
M0 Persistence,919,930,12,-3.03,1.72
M0 Persistence,920,931,12,-1.45,2.76
M0 Persistence,921,932,12,0.22,2.68
M0 Persistence,922,933,12,-0.07,1.32
M0 Persistence,923,934,12,-0.3,0.43
M0 Persistence,924,935,12,2.03,0.44
M0 Persistence,925,936,12,2.7,-1.05
M1 Direct NN,797,797,1,0.47,2.6227961043160084
M1 Direct NN,798,798,1,-0.18,1.893907664111765
M1 Direct NN,799,799,1,0.71,1.448590935028079
M1 Direct NN,800,800,1,1.82,0.6300423602327024
M1 Direct NN,801,801,1,1.79,1.0049934802959863
M1 Direct NN,802,802,1,2.41,0.9303499255915982
M1 Direct NN,803,803,1,3.38,1.236197182063489
M1 Direct NN,804,804,1,4.82,1.8663279997589652
M1 Direct NN,805,805,1,7.62,2.8980845042116075
M1 Direct NN,806,806,1,8.58,4.826217747806714
M1 Direct NN,807,807,1,6.17,5.557766197385121
M1 Direct NN,808,808,1,2.13,5.671671983892581
M1 Direct NN,809,809,1,2.62,4.536560911153567
M1 Direct NN,810,810,1,2.0,3.234043048523457
M1 Direct NN,811,811,1,2.83,2.5936686818464247
M1 Direct NN,812,812,1,3.42,1.4326637748110853
M1 Direct NN,813,813,1,2.8,2.0154486187149856
M1 Direct NN,814,814,1,0.26,1.543536638916008
M1 Direct NN,815,815,1,-2.12,-0.22346665106146918
M1 Direct NN,816,816,1,-3.31,-1.396384397742989
M1 Direct NN,817,817,1,-1.11,-2.338418904796312
M1 Direct NN,818,818,1,1.2,-1.6303275162411013
M1 Direct NN,819,819,1,2.36,-0.7174962752774428
M1 Direct NN,820,820,1,2.8,0.3265287114350606
M1 Direct NN,821,821,1,4.19,0.21472319924778147
M1 Direct NN,822,822,1,4.79,0.6557667799848961
M1 Direct NN,823,823,1,5.64,1.1039736078829427
M1 Direct NN,824,824,1,3.63,1.6965468476700578
M1 Direct NN,825,825,1,1.67,1.9476179227845412
M1 Direct NN,826,826,1,1.94,1.6808442942219304
M1 Direct NN,827,827,1,1.4,2.122035770018203
M1 Direct NN,828,828,1,1.03,1.9591335428927794
M1 Direct NN,829,829,1,-0.56,1.8883361735050492
M1 Direct NN,830,830,1,0.22,1.5130201816646773
M1 Direct NN,831,831,1,-0.09,1.7308754976757932
M1 Direct NN,832,832,1,-0.06,1.1941079935442203
M1 Direct NN,833,833,1,1.2,0.3922528736622213
M1 Direct NN,834,834,1,1.43,0.7956946039199756
M1 Direct NN,835,835,1,2.55,1.6242496021618358
M1 Direct NN,836,836,1,4.02,2.4243564809120417
M1 Direct NN,837,837,1,3.28,2.902552881346496
M1 Direct NN,838,838,1,6.03,3.1301555645836983
M1 Direct NN,839,839,1,7.48,3.1727325280957284
M1 Direct NN,840,840,1,6.88,3.851600181921638
M1 Direct NN,841,841,1,6.66,4.50513058396919
M1 Direct NN,842,842,1,5.16,4.781634857610327
M1 Direct NN,843,843,1,6.9,4.689375023029673
M1 Direct NN,844,844,1,5.21,5.162819409465707
M1 Direct NN,845,845,1,3.09,5.161675358714607
M1 Direct NN,846,846,1,2.58,4.038295009555725
M1 Direct NN,847,847,1,4.79,3.4213881209774177
M1 Direct NN,848,848,1,5.19,3.0194792542459976
M1 Direct NN,849,849,1,3.07,2.567703664200649
M1 Direct NN,850,850,1,2.82,2.272835548447244
M1 Direct NN,851,851,1,1.75,2.257869500514601
M1 Direct NN,852,852,1,0.98,2.183170844963335
M1 Direct NN,853,853,1,1.55,2.4276756901359207
M1 Direct NN,854,854,1,1.16,2.7371445251556032
M1 Direct NN,855,855,1,2.06,2.6984655582043104
M1 Direct NN,856,856,1,3.01,2.960675045639449
M1 Direct NN,857,857,1,3.15,2.4099494826994654
M1 Direct NN,858,858,1,3.66,2.2593138188989372
M1 Direct NN,859,859,1,5.24,2.5782322207135695
M1 Direct NN,860,860,1,5.85,2.810702419558568
M1 Direct NN,861,861,1,5.29,3.490397042976926
M1 Direct NN,862,862,1,5.17,3.8323804948145774
M1 Direct NN,863,863,1,6.12,3.4510650898700934
M1 Direct NN,864,864,1,3.11,3.0085511937487475
M1 Direct NN,865,865,1,0.47,1.2355931744385071
M1 Direct NN,866,866,1,-0.53,-0.21976758409219715
M1 Direct NN,867,867,1,-1.05,-0.910896501327382
M1 Direct NN,868,868,1,0.44,-1.082578038677522
M1 Direct NN,869,869,1,1.54,-0.6661790198850029
M1 Direct NN,870,870,1,1.97,0.41811180161773925
M1 Direct NN,871,871,1,2.31,1.1444163502014668
M1 Direct NN,872,872,1,4.26,1.8711085236483067
M1 Direct NN,873,873,1,4.82,2.9903035842686996
M1 Direct NN,874,874,1,5.03,3.5619407866885373
M1 Direct NN,875,875,1,2.46,3.535374685509156
M1 Direct NN,876,876,1,-1.09,2.777181001528489
M1 Direct NN,877,877,1,-2.64,0.5372927403464659
M1 Direct NN,878,878,1,-3.69,-1.920061841315728
M1 Direct NN,879,879,1,-1.22,-3.339221526203253
M1 Direct NN,880,880,1,-2.11,-3.260726120755165
M1 Direct NN,881,881,1,-2.6,-4.018706894332472
M1 Direct NN,882,882,1,-1.38,-4.021293984177931
M1 Direct NN,883,883,1,-0.34,-3.49470752657474
M1 Direct NN,884,884,1,0.55,-3.248037757249193
M1 Direct NN,885,885,1,-0.08,-2.3866252924754567
M1 Direct NN,886,886,1,-0.05,-1.058627354478811
M1 Direct NN,887,887,1,2.54,-0.22867473193678498
M1 Direct NN,888,888,1,4.46,1.2626197286318492
M1 Direct NN,889,889,1,3.95,2.537544402986543
M1 Direct NN,890,890,1,0.67,2.7546574566772764
M1 Direct NN,891,891,1,0.19,2.0356840620639973
M1 Direct NN,892,892,1,-0.97,1.4793900239865305
M1 Direct NN,893,893,1,-0.58,0.2641105086427284
M1 Direct NN,894,894,1,-1.11,-0.13023082102824698
M1 Direct NN,895,895,1,-0.12,-1.0767012546555168
M1 Direct NN,896,896,1,2.25,-2.12010404954979
M1 Direct NN,897,897,1,3.69,-1.8296990110156524
M1 Direct NN,898,898,1,2.16,-0.7472306294633848
M1 Direct NN,899,899,1,1.47,-0.5108370310138146
M1 Direct NN,900,900,1,0.31,-0.4710076168615354
M1 Direct NN,901,901,1,-2.85,-0.7748169643996374
M1 Direct NN,902,902,1,-4.08,-0.9302368985815835
M1 Direct NN,903,903,1,-4.28,-1.5447269342592633
M1 Direct NN,904,904,1,-5.09,-1.9719726872576204
M1 Direct NN,905,905,1,-5.59,-2.8268072257239534
M1 Direct NN,906,906,1,-7.85,-3.6413273163809112
M1 Direct NN,907,907,1,-6.17,-5.3515026266331525
M1 Direct NN,908,908,1,-5.27,-5.647664104553576
M1 Direct NN,909,909,1,-4.26,-5.414818708233816
M1 Direct NN,910,910,1,-4.0,-4.615544647258812
M1 Direct NN,911,911,1,-3.46,-4.528753960086692
M1 Direct NN,912,912,1,-3.36,-3.6165628210009464
M1 Direct NN,913,913,1,-1.89,-3.2171556971979305
M1 Direct NN,914,914,1,-1.1,-2.497175866883963
M1 Direct NN,915,915,1,-0.97,-1.9258990587262932
M1 Direct NN,916,916,1,0.41,-1.4259676129559022
M1 Direct NN,917,917,1,1.12,-1.2117059138687891
M1 Direct NN,918,918,1,1.72,-0.6474143944984277
M1 Direct NN,919,919,1,2.76,-0.5757257711968913
M1 Direct NN,920,920,1,2.68,0.3742067066646657
M1 Direct NN,921,921,1,1.32,0.914531413644817
M1 Direct NN,922,922,1,0.43,0.956022259966146
M1 Direct NN,923,923,1,0.44,0.40714609344401526
M1 Direct NN,924,924,1,-1.05,-0.08464901095978807
M1 Direct NN,925,925,1,-1.81,-0.4357009953571059
M1 Direct NN,797,799,3,0.71,2.006654120670119
M1 Direct NN,798,800,3,1.82,1.1525747957584649
M1 Direct NN,799,801,3,1.79,-0.0738720967761318
M1 Direct NN,800,802,3,2.41,-0.1036273459835125
M1 Direct NN,801,803,3,3.38,0.7602989760321668
M1 Direct NN,802,804,3,4.82,1.143053926625134
M1 Direct NN,803,805,3,7.62,1.5633274806167812
M1 Direct NN,804,806,3,8.58,1.7436551044643696
M1 Direct NN,805,807,3,6.17,2.432956974220601
M1 Direct NN,806,808,3,2.13,3.5688177122059073
M1 Direct NN,807,809,3,2.62,4.342120635289793
M1 Direct NN,808,810,3,2.0,4.237674241672485
M1 Direct NN,809,811,3,2.83,3.2742004061003174
M1 Direct NN,810,812,3,3.42,2.20112529877359
M1 Direct NN,811,813,3,2.8,1.2905219637265857
M1 Direct NN,812,814,3,0.26,0.7502004081863938
M1 Direct NN,813,815,3,-2.12,0.9196250585543245
M1 Direct NN,814,816,3,-3.31,1.2174179959798854
M1 Direct NN,815,817,3,-1.11,-0.14186269835357854
M1 Direct NN,816,818,3,1.2,-0.7661341076061371
M1 Direct NN,817,819,3,2.36,-1.175963442148209
M1 Direct NN,818,820,3,2.8,-0.659080652856177
M1 Direct NN,819,821,3,4.19,-0.03571235141540134
M1 Direct NN,820,822,3,4.79,0.502681271029359
M1 Direct NN,821,823,3,5.64,0.5640638473764522
M1 Direct NN,822,824,3,3.63,1.463099104603299
M1 Direct NN,823,825,3,1.67,2.3046188569385047
M1 Direct NN,824,826,3,1.94,3.1157854416707385
M1 Direct NN,825,827,3,1.4,3.4080965171891218
M1 Direct NN,826,828,3,1.03,3.2095529214575453
M1 Direct NN,827,829,3,-0.56,2.7789246075625336
M1 Direct NN,828,830,3,0.22,2.771869353065066
M1 Direct NN,829,831,3,-0.09,2.792795218917223
M1 Direct NN,830,832,3,-0.06,2.0900264011872642
M1 Direct NN,831,833,3,1.2,2.287503237472906
M1 Direct NN,832,834,3,1.43,1.8972480167826995
M1 Direct NN,833,835,3,2.55,1.4537263001474718
M1 Direct NN,834,836,3,4.02,1.5649923410288091
M1 Direct NN,835,837,3,3.28,2.3026803233432735
M1 Direct NN,836,838,3,6.03,2.257194525787286
M1 Direct NN,837,839,3,7.48,2.1380827914180354
M1 Direct NN,838,840,3,6.88,1.7822324342068754
M1 Direct NN,839,841,3,6.66,2.0842462190790503
M1 Direct NN,840,842,3,5.16,3.739878239918599
M1 Direct NN,841,843,3,6.9,4.71308673468249
M1 Direct NN,842,844,3,5.21,4.864929526164138
M1 Direct NN,843,845,3,3.09,4.132361733591457
M1 Direct NN,844,846,3,2.58,3.749198464069715
M1 Direct NN,845,847,3,4.79,2.602619011884369
M1 Direct NN,846,848,3,5.19,1.2912042296943176
M1 Direct NN,847,849,3,3.07,1.2358924876953714
M1 Direct NN,848,850,3,2.82,1.5830717501769491
M1 Direct NN,849,851,3,1.75,2.0439582037283963
M1 Direct NN,850,852,3,0.98,1.6822407608498464
M1 Direct NN,851,853,3,1.55,1.3466190327419085
M1 Direct NN,852,854,3,1.16,1.70778602555551
M1 Direct NN,853,855,3,2.06,2.1378863455573773
M1 Direct NN,854,856,3,3.01,2.8804210270009243
M1 Direct NN,855,857,3,3.15,2.664296804733957
M1 Direct NN,856,858,3,3.66,2.595687357617074
M1 Direct NN,857,859,3,5.24,2.0039781848154097
M1 Direct NN,858,860,3,5.85,1.6298375495257567
M1 Direct NN,859,861,3,5.29,1.4264816692048132
M1 Direct NN,860,862,3,5.17,1.529786723325927
M1 Direct NN,861,863,3,6.12,1.4453406543985021
M1 Direct NN,862,864,3,3.11,0.34150976586822995
M1 Direct NN,863,865,3,0.47,-0.8419429486321882
M1 Direct NN,864,866,3,-0.53,-0.773536428628801
M1 Direct NN,865,867,3,-1.05,-1.6107771848123553
M1 Direct NN,866,868,3,0.44,-1.632595272710085
M1 Direct NN,867,869,3,1.54,-1.4180356796492894
M1 Direct NN,868,870,3,1.97,-1.0170096208805883
M1 Direct NN,869,871,3,2.31,-1.0731355360353017
M1 Direct NN,870,872,3,4.26,-0.3843980829874574
M1 Direct NN,871,873,3,4.82,0.24204056364664564
M1 Direct NN,872,874,3,5.03,0.7331726964177347
M1 Direct NN,873,875,3,2.46,1.6621693249492513
M1 Direct NN,874,876,3,-1.09,1.947357960025258
M1 Direct NN,875,877,3,-2.64,1.788498253851661
M1 Direct NN,876,878,3,-3.69,1.053844136861999
M1 Direct NN,877,879,3,-1.22,-0.5483388631726837
M1 Direct NN,878,880,3,-2.11,-2.478776141258612
M1 Direct NN,879,881,3,-2.6,-3.865613080150482
M1 Direct NN,880,882,3,-1.38,-4.2266926216934
M1 Direct NN,881,883,3,-0.34,-4.846069989003454
M1 Direct NN,882,884,3,0.55,-4.653699101960403
M1 Direct NN,883,885,3,-0.08,-3.8313723475531565
M1 Direct NN,884,886,3,-0.05,-2.902916264636829
M1 Direct NN,885,887,3,2.54,-1.6360341706946182
M1 Direct NN,886,888,3,4.46,-0.8242895677515629
M1 Direct NN,887,889,3,3.95,0.22187387158638672
M1 Direct NN,888,890,3,0.67,1.5349837752492506
M1 Direct NN,889,891,3,0.19,2.0248430721197415
M1 Direct NN,890,892,3,-0.97,2.0580407794364532
M1 Direct NN,891,893,3,-0.58,1.3284037911399305
M1 Direct NN,892,894,3,-1.11,0.9662186026340512
M1 Direct NN,893,895,3,-0.12,-0.29840313155969883
M1 Direct NN,894,896,3,2.25,-1.483483096948636
M1 Direct NN,895,897,3,3.69,-2.232107691357838
M1 Direct NN,896,898,3,2.16,-2.759760542803729
M1 Direct NN,897,899,3,1.47,-2.3811730377854037
M1 Direct NN,898,900,3,0.31,-2.01107999053552
M1 Direct NN,899,901,3,-2.85,-2.439715729966569
M1 Direct NN,900,902,3,-4.08,-2.2528073523574337
M1 Direct NN,901,903,3,-4.28,-2.296050088720069
M1 Direct NN,902,904,3,-5.09,-2.2306390942359657
M1 Direct NN,903,905,3,-5.59,-2.130861028366827
M1 Direct NN,904,906,3,-7.85,-1.6324088682270628
M1 Direct NN,905,907,3,-6.17,-2.3014884988476587
M1 Direct NN,906,908,3,-5.27,-3.232495091683498
M1 Direct NN,907,909,3,-4.26,-4.14816795315785
M1 Direct NN,908,910,3,-4.0,-4.259463296604834
M1 Direct NN,909,911,3,-3.46,-3.9486147425476124
M1 Direct NN,910,912,3,-3.36,-3.1761994772467386
M1 Direct NN,911,913,3,-1.89,-3.110442329089951
M1 Direct NN,912,914,3,-1.1,-2.4884284611537213
M1 Direct NN,913,915,3,-0.97,-2.598956825919827
M1 Direct NN,914,916,3,0.41,-2.409459233444656
M1 Direct NN,915,917,3,1.12,-2.6096372003143475
M1 Direct NN,916,918,3,1.72,-2.0966195654874915
M1 Direct NN,917,919,3,2.76,-1.3001052677162739
M1 Direct NN,918,920,3,2.68,-0.8278106224622078
M1 Direct NN,919,921,3,1.32,-0.8892717041253634
M1 Direct NN,920,922,3,0.43,-0.07053856479283688
M1 Direct NN,921,923,3,0.44,0.9039185182267928
M1 Direct NN,922,924,3,-1.05,0.9803166055495672
M1 Direct NN,923,925,3,-1.81,0.6619195371398284
M1 Direct NN,924,926,3,-4.26,0.5190129327573495
M1 Direct NN,925,927,3,-2.43,0.2248263104670874
M1 Direct NN,797,802,6,2.41,1.519799940585905
M1 Direct NN,798,803,6,3.38,0.6271203751364527
M1 Direct NN,799,804,6,4.82,-0.47755457286885716
M1 Direct NN,800,805,6,7.62,-0.7338038077483584
M1 Direct NN,801,806,6,8.58,-0.2970347172556767
M1 Direct NN,802,807,6,6.17,0.3086270372324882
M1 Direct NN,803,808,6,2.13,1.1174977524512102
M1 Direct NN,804,809,6,2.62,1.1876816590376267
M1 Direct NN,805,810,6,2.0,1.64415948581671
M1 Direct NN,806,811,6,2.83,2.5911280827959517
M1 Direct NN,807,812,6,3.42,2.826091631818587
M1 Direct NN,808,813,6,2.8,2.168706040801399
M1 Direct NN,809,814,6,0.26,1.3816050049067916
M1 Direct NN,810,815,6,-2.12,0.6383483672833995
M1 Direct NN,811,816,6,-3.31,-0.3813535392272405
M1 Direct NN,812,817,6,-1.11,-0.3696590319778162
M1 Direct NN,813,818,6,1.2,-0.34096138005990984
M1 Direct NN,814,819,6,2.36,-0.1110481897257988
M1 Direct NN,815,820,6,2.8,-0.351216189617642
M1 Direct NN,816,821,6,4.19,-0.030979595616353044
M1 Direct NN,817,822,6,4.79,-0.3793739947800925
M1 Direct NN,818,823,6,5.64,-0.20176910655473995
M1 Direct NN,819,824,6,3.63,0.8322708927860302
M1 Direct NN,820,825,6,1.67,1.6428109855380753
M1 Direct NN,821,826,6,1.94,1.899253918071497
M1 Direct NN,822,827,6,1.4,2.7413009167861544
M1 Direct NN,823,828,6,1.03,2.761857843705094
M1 Direct NN,824,829,6,-0.56,2.3352612298732485
M1 Direct NN,825,830,6,0.22,2.737323232917082
M1 Direct NN,826,831,6,-0.09,3.1098932413582614
M1 Direct NN,827,832,6,-0.06,2.7260519436474944
M1 Direct NN,828,833,6,1.2,3.1946196031936736
M1 Direct NN,829,834,6,1.43,3.578841368672659
M1 Direct NN,830,835,6,2.55,3.255504290507005
M1 Direct NN,831,836,6,4.02,3.048053282791713
M1 Direct NN,832,837,6,3.28,2.431679820162157
M1 Direct NN,833,838,6,6.03,2.1526702450045545
M1 Direct NN,834,839,6,7.48,2.245391716779104
M1 Direct NN,835,840,6,6.88,2.7788558382947777
M1 Direct NN,836,841,6,6.66,2.103842758100624
M1 Direct NN,837,842,6,5.16,1.6492395600041416
M1 Direct NN,838,843,6,6.9,0.9230630447756955
M1 Direct NN,839,844,6,5.21,0.6871939022510839
M1 Direct NN,840,845,6,3.09,1.1513659467549087
M1 Direct NN,841,846,6,2.58,1.5456733895578145
M1 Direct NN,842,847,6,4.79,2.1290600961488066
M1 Direct NN,843,848,6,5.19,1.5982479461828563
M1 Direct NN,844,849,6,3.07,1.615508275759826
M1 Direct NN,845,850,6,2.82,1.6861332660861583
M1 Direct NN,846,851,6,1.75,1.6064149684868376
M1 Direct NN,847,852,6,0.98,1.5044419498500265
M1 Direct NN,848,853,6,1.55,1.6576747510129861
M1 Direct NN,849,854,6,1.16,2.4286236813665596
M1 Direct NN,850,855,6,2.06,2.5578594852769534
M1 Direct NN,851,856,6,3.01,2.571579477499444
M1 Direct NN,852,857,6,3.15,2.0373906988785158
M1 Direct NN,853,858,6,3.66,1.4451591649225761
M1 Direct NN,854,859,6,5.24,1.4587473515885636
M1 Direct NN,855,860,6,5.85,1.0397662914460089
M1 Direct NN,856,861,6,5.29,0.567579630509899
M1 Direct NN,857,862,6,5.17,-0.1221173497965309
M1 Direct NN,858,863,6,6.12,-0.6141172526003222
M1 Direct NN,859,864,6,3.11,-1.2662464817770518
M1 Direct NN,860,865,6,0.47,-1.921646238870329
M1 Direct NN,861,866,6,-0.53,-2.2938964866668248
M1 Direct NN,862,867,6,-1.05,-2.5339532357414396
M1 Direct NN,863,868,6,0.44,-2.4707401659002293
M1 Direct NN,864,869,6,1.54,-1.9777388918015881
M1 Direct NN,865,870,6,1.97,-2.5140101252937943
M1 Direct NN,866,871,6,2.31,-2.423643470079894
M1 Direct NN,867,872,6,4.26,-1.8229264293010095
M1 Direct NN,868,873,6,4.82,-1.6024813625942023
M1 Direct NN,869,874,6,5.03,-1.3001051962896877
M1 Direct NN,870,875,6,2.46,-0.7164323640819161
M1 Direct NN,871,876,6,-1.09,-0.5235517040777845
M1 Direct NN,872,877,6,-2.64,-0.38294370581408993
M1 Direct NN,873,878,6,-3.69,-0.04105716042676836
M1 Direct NN,874,879,6,-1.22,0.04516147092240609
M1 Direct NN,875,880,6,-2.11,-0.11309128979139199
M1 Direct NN,876,881,6,-2.6,-0.7628156144729643
M1 Direct NN,877,882,6,-1.38,-2.141257813178337
M1 Direct NN,878,883,6,-0.34,-4.078370897834458
M1 Direct NN,879,884,6,0.55,-4.653193342415217
M1 Direct NN,880,885,6,-0.08,-5.064096344446837
M1 Direct NN,881,886,6,-0.05,-5.220685720860605
M1 Direct NN,882,887,6,2.54,-4.6513790562488015
M1 Direct NN,883,888,6,4.46,-3.715187340974506
M1 Direct NN,884,889,6,3.95,-2.6252098974931655
M1 Direct NN,885,890,6,0.67,-1.2605009991785052
M1 Direct NN,886,891,6,0.19,-1.071259758575823
M1 Direct NN,887,892,6,-0.97,-0.8509525134467701
M1 Direct NN,888,893,6,-0.58,-0.5723555826558964
M1 Direct NN,889,894,6,-1.11,-0.49737335221064477
M1 Direct NN,890,895,6,-0.12,-0.4269517216329696
M1 Direct NN,891,896,6,2.25,-1.169576403569477
M1 Direct NN,892,897,6,3.69,-1.802517715269258
M1 Direct NN,893,898,6,2.16,-2.8488434554630953
M1 Direct NN,894,899,6,1.47,-3.3723605415991362
M1 Direct NN,895,900,6,0.31,-3.479358578713747
M1 Direct NN,896,901,6,-2.85,-3.3499634413920343
M1 Direct NN,897,902,6,-4.08,-2.8094904728150683
M1 Direct NN,898,903,6,-4.28,-2.331212772665818
M1 Direct NN,899,904,6,-5.09,-1.725337267119562
M1 Direct NN,900,905,6,-5.59,-1.486708685029241
M1 Direct NN,901,906,6,-7.85,-1.4817930487560083
M1 Direct NN,902,907,6,-6.17,-1.9380685184566429
M1 Direct NN,903,908,6,-5.27,-1.9757426665682436
M1 Direct NN,904,909,6,-4.26,-2.0047433527687186
M1 Direct NN,905,910,6,-4.0,-2.585698310648516
M1 Direct NN,906,911,6,-3.46,-2.936222335759253
M1 Direct NN,907,912,6,-3.36,-3.4754795211324594
M1 Direct NN,908,913,6,-1.89,-3.596531713104512
M1 Direct NN,909,914,6,-1.1,-3.073928332983953
M1 Direct NN,910,915,6,-0.97,-2.5167321014544397
M1 Direct NN,911,916,6,0.41,-2.865508928150896
M1 Direct NN,912,917,6,1.12,-2.901680164771749
M1 Direct NN,913,918,6,1.72,-3.090099033499763
M1 Direct NN,914,919,6,2.76,-2.8733501737889426
M1 Direct NN,915,920,6,2.68,-2.3178375166913874
M1 Direct NN,916,921,6,1.32,-2.357651727635338
M1 Direct NN,917,922,6,0.43,-2.019269674142541
M1 Direct NN,918,923,6,0.44,-1.7193826822066185
M1 Direct NN,919,924,6,-1.05,-1.2726229173922745
M1 Direct NN,920,925,6,-1.81,-0.503027500668378
M1 Direct NN,921,926,6,-4.26,0.23177029204443206
M1 Direct NN,922,927,6,-2.43,0.47829622372855873
M1 Direct NN,923,928,6,-2.16,0.7445557533626666
M1 Direct NN,924,929,6,-2.36,0.8490526752180201
M1 Direct NN,925,930,6,-3.03,0.6430280114502794
M1 Direct NN,797,805,9,7.62,1.3079094920692076
M1 Direct NN,798,806,9,8.58,0.952429262455979
M1 Direct NN,799,807,9,6.17,0.12955825937609844
M1 Direct NN,800,808,9,2.13,-0.08899466842446906
M1 Direct NN,801,809,9,2.62,-0.09718703618951857
M1 Direct NN,802,810,9,2.0,0.10877225824352711
M1 Direct NN,803,811,9,2.83,0.11919350711721532
M1 Direct NN,804,812,9,3.42,-0.47422236659505973
M1 Direct NN,805,813,9,2.8,0.2406748109051415
M1 Direct NN,806,814,9,0.26,0.9086761891645904
M1 Direct NN,807,815,9,-2.12,1.4950640775351522
M1 Direct NN,808,816,9,-3.31,1.8141901102248255
M1 Direct NN,809,817,9,-1.11,1.1094026219793576
M1 Direct NN,810,818,9,1.2,0.7971886555317612
M1 Direct NN,811,819,9,2.36,0.5366070734325101
M1 Direct NN,812,820,9,2.8,0.4509651045211981
M1 Direct NN,813,821,9,4.19,0.4804671187681928
M1 Direct NN,814,822,9,4.79,0.4050429710707916
M1 Direct NN,815,823,9,5.64,0.9126242238383577
M1 Direct NN,816,824,9,3.63,1.516220781846157
M1 Direct NN,817,825,9,1.67,1.4082196101972058
M1 Direct NN,818,826,9,1.94,1.5324942660070116
M1 Direct NN,819,827,9,1.4,1.8626314063830631
M1 Direct NN,820,828,9,1.03,2.1604065571774265
M1 Direct NN,821,829,9,-0.56,1.9584640553637631
M1 Direct NN,822,830,9,0.22,2.5249884512054748
M1 Direct NN,823,831,9,-0.09,2.404900544632506
M1 Direct NN,824,832,9,-0.06,2.585798458742237
M1 Direct NN,825,833,9,1.2,3.2705245426902354
M1 Direct NN,826,834,9,1.43,4.019137055583378
M1 Direct NN,827,835,9,2.55,4.756781267293249
M1 Direct NN,828,836,9,4.02,5.296509338656143
M1 Direct NN,829,837,9,3.28,4.777651896654768
M1 Direct NN,830,838,9,6.03,3.4382076339025875
M1 Direct NN,831,839,9,7.48,2.9990396888613686
M1 Direct NN,832,840,9,6.88,1.9310412986969283
M1 Direct NN,833,841,9,6.66,1.0868836690152306
M1 Direct NN,834,842,9,5.16,1.0796713197077434
M1 Direct NN,835,843,9,6.9,0.894284187431776
M1 Direct NN,836,844,9,5.21,0.45773832286117666
M1 Direct NN,837,845,9,3.09,-0.01577030252136063
M1 Direct NN,838,846,9,2.58,-0.748065539973276
M1 Direct NN,839,847,9,4.79,-0.8291248450328468
M1 Direct NN,840,848,9,5.19,-0.27280854786418124
M1 Direct NN,841,849,9,3.07,0.4910642784617623
M1 Direct NN,842,850,9,2.82,0.7235117873212773
M1 Direct NN,843,851,9,1.75,0.7717876864377239
M1 Direct NN,844,852,9,0.98,1.617354150998797
M1 Direct NN,845,853,9,1.55,2.0091693601480163
M1 Direct NN,846,854,9,1.16,2.2937154799290753
M1 Direct NN,847,855,9,2.06,2.3123434128384663
M1 Direct NN,848,856,9,3.01,2.706703149825549
M1 Direct NN,849,857,9,3.15,2.8400710909048854
M1 Direct NN,850,858,9,3.66,2.232097249182591
M1 Direct NN,851,859,9,5.24,1.3724739031614293
M1 Direct NN,852,860,9,5.85,1.2823260488709696
M1 Direct NN,853,861,9,5.29,0.27126738912702986
M1 Direct NN,854,862,9,5.17,-0.2458138106895807
M1 Direct NN,855,863,9,6.12,-1.4364248941807078
M1 Direct NN,856,864,9,3.11,-2.6789309161623738
M1 Direct NN,857,865,9,0.47,-2.926559614732192
M1 Direct NN,858,866,9,-0.53,-4.138971845330829
M1 Direct NN,859,867,9,-1.05,-4.744323925354336
M1 Direct NN,860,868,9,0.44,-4.6355356605142175
M1 Direct NN,861,869,9,1.54,-3.8146373541450607
M1 Direct NN,862,870,9,1.97,-2.717304669255905
M1 Direct NN,863,871,9,2.31,-2.4270612771443383
M1 Direct NN,864,872,9,4.26,-1.5689424430908792
M1 Direct NN,865,873,9,4.82,-1.0858634960851075
M1 Direct NN,866,874,9,5.03,-0.8437169443982687
M1 Direct NN,867,875,9,2.46,-0.4042641994948905
M1 Direct NN,868,876,9,-1.09,-0.8643678944289508
M1 Direct NN,869,877,9,-2.64,-0.6091378993782038
M1 Direct NN,870,878,9,-3.69,-1.1414401809229067
M1 Direct NN,871,879,9,-1.22,-1.8670285330375964
M1 Direct NN,872,880,9,-2.11,-2.308804760283008
M1 Direct NN,873,881,9,-2.6,-2.7215020745796856
M1 Direct NN,874,882,9,-1.38,-3.061843283442054
M1 Direct NN,875,883,9,-0.34,-3.8598151553685742
M1 Direct NN,876,884,9,0.55,-4.264139881968239
M1 Direct NN,877,885,9,-0.08,-4.198673619825459
M1 Direct NN,878,886,9,-0.05,-3.9874561327982265
M1 Direct NN,879,887,9,2.54,-3.298785475127776
M1 Direct NN,880,888,9,4.46,-3.4325373996477464
M1 Direct NN,881,889,9,3.95,-3.024691246162722
M1 Direct NN,882,890,9,0.67,-2.0689103771255803
M1 Direct NN,883,891,9,0.19,-1.6812228078078448
M1 Direct NN,884,892,9,-0.97,-1.4619692650601528
M1 Direct NN,885,893,9,-0.58,-1.5252929251059424
M1 Direct NN,886,894,9,-1.11,-1.2529781715828021
M1 Direct NN,887,895,9,-0.12,-1.406189841337427
M1 Direct NN,888,896,9,2.25,-1.6720405396584521
M1 Direct NN,889,897,9,3.69,-2.124232773119392
M1 Direct NN,890,898,9,2.16,-2.694928343917023
M1 Direct NN,891,899,9,1.47,-3.1738116160746714
M1 Direct NN,892,900,9,0.31,-3.567366955114012
M1 Direct NN,893,901,9,-2.85,-3.4040333689279687
M1 Direct NN,894,902,9,-4.08,-3.267871165050091
M1 Direct NN,895,903,9,-4.28,-3.1833212173563314
M1 Direct NN,896,904,9,-5.09,-3.261091343579314
M1 Direct NN,897,905,9,-5.59,-3.3425705166799955
M1 Direct NN,898,906,9,-7.85,-2.238178948350873
M1 Direct NN,899,907,9,-6.17,-1.639235457230776
M1 Direct NN,900,908,9,-5.27,-1.7106920796338463
M1 Direct NN,901,909,9,-4.26,-1.7405025283973747
M1 Direct NN,902,910,9,-4.0,-1.7783048602132643
M1 Direct NN,903,911,9,-3.46,-1.111546305017153
M1 Direct NN,904,912,9,-3.36,-1.0295237625600144
M1 Direct NN,905,913,9,-1.89,-1.7213206611222494
M1 Direct NN,906,914,9,-1.1,-1.7972067547425385
M1 Direct NN,907,915,9,-0.97,-2.3773742206680284
M1 Direct NN,908,916,9,0.41,-2.4902270995946303
M1 Direct NN,909,917,9,1.12,-2.8457535055846144
M1 Direct NN,910,918,9,1.72,-2.899176567927814
M1 Direct NN,911,919,9,2.76,-3.3213541564976397
M1 Direct NN,912,920,9,2.68,-3.6061489183073827
M1 Direct NN,913,921,9,1.32,-3.3728585767249957
M1 Direct NN,914,922,9,0.43,-3.5588143979486193
M1 Direct NN,915,923,9,0.44,-2.8928056851782054
M1 Direct NN,916,924,9,-1.05,-2.6474475528263675
M1 Direct NN,917,925,9,-1.81,-1.9662694904422542
M1 Direct NN,918,926,9,-4.26,-0.5637111828930081
M1 Direct NN,919,927,9,-2.43,0.22848802716482017
M1 Direct NN,920,928,9,-2.16,0.3952414886384268
M1 Direct NN,921,929,9,-2.36,0.6506309834520794
M1 Direct NN,922,930,9,-3.03,0.5233520852843434
M1 Direct NN,923,931,9,-1.45,0.04150625587810665
M1 Direct NN,924,932,9,0.22,-0.3099791877568313
M1 Direct NN,925,933,9,-0.07,-0.706813596011814
M1 Direct NN,797,808,12,2.13,1.6912367256981655
M1 Direct NN,798,809,12,2.62,1.4057806307972474
M1 Direct NN,799,810,12,2.0,0.7229867835908638
M1 Direct NN,800,811,12,2.83,-0.02510506345928891
M1 Direct NN,801,812,12,3.42,-0.5537707959062141
M1 Direct NN,802,813,12,2.8,-0.873647310223757
M1 Direct NN,803,814,12,0.26,-1.0703093516035238
M1 Direct NN,804,815,12,-2.12,-1.2105475732228184
M1 Direct NN,805,816,12,-3.31,-0.4787208116933479
M1 Direct NN,806,817,12,-1.11,0.3957866269660495
M1 Direct NN,807,818,12,1.2,0.941590639356049
M1 Direct NN,808,819,12,2.36,1.489569326422684
M1 Direct NN,809,820,12,2.8,0.7769648323724405
M1 Direct NN,810,821,12,4.19,0.21444719248133925
M1 Direct NN,811,822,12,4.79,0.3349064999377779
M1 Direct NN,812,823,12,5.64,0.46682112493804556
M1 Direct NN,813,824,12,3.63,0.6060226041730716
M1 Direct NN,814,825,12,1.67,1.0065284907825207
M1 Direct NN,815,826,12,1.94,0.850415897952189
M1 Direct NN,816,827,12,1.4,0.851200346826815
M1 Direct NN,817,828,12,1.03,0.7678471583956112
M1 Direct NN,818,829,12,-0.56,1.1304120070489279
M1 Direct NN,819,830,12,0.22,1.4529762761112304
M1 Direct NN,820,831,12,-0.09,2.0068173469110158
M1 Direct NN,821,832,12,-0.06,1.8778007590946881
M1 Direct NN,822,833,12,1.2,2.527254302860382
M1 Direct NN,823,834,12,1.43,2.6598134458076053
M1 Direct NN,824,835,12,2.55,2.8674115365459407
M1 Direct NN,825,836,12,4.02,3.3247203417322417
M1 Direct NN,826,837,12,3.28,3.9205911949524417
M1 Direct NN,827,838,12,6.03,4.61695034868512
M1 Direct NN,828,839,12,7.48,4.427686706609362
M1 Direct NN,829,840,12,6.88,3.9097593330486204
M1 Direct NN,830,841,12,6.66,2.4777057650962555
M1 Direct NN,831,842,12,5.16,1.8341172392713736
M1 Direct NN,832,843,12,6.9,0.7959447527468158
M1 Direct NN,833,844,12,5.21,0.10202477311953582
M1 Direct NN,834,845,12,3.09,-0.5622732915593514
M1 Direct NN,835,846,12,2.58,-0.7667494374625249
M1 Direct NN,836,847,12,4.79,-0.6235340161773268
M1 Direct NN,837,848,12,5.19,-0.5913276028827651
M1 Direct NN,838,849,12,3.07,-0.9253349154437157
M1 Direct NN,839,850,12,2.82,-1.1393915383594087
M1 Direct NN,840,851,12,1.75,-1.1609313635722172
M1 Direct NN,841,852,12,0.98,-0.13711747748206465
M1 Direct NN,842,853,12,1.55,0.9898800258580095
M1 Direct NN,843,854,12,1.16,1.3385439335950653
M1 Direct NN,844,855,12,2.06,1.8674110807389999
M1 Direct NN,845,856,12,3.01,2.434890625453745
M1 Direct NN,846,857,12,3.15,2.3763521727843693
M1 Direct NN,847,858,12,3.66,2.398873194933689
M1 Direct NN,848,859,12,5.24,2.7795069368668854
M1 Direct NN,849,860,12,5.85,2.877510362041908
M1 Direct NN,850,861,12,5.29,2.2142582935371347
M1 Direct NN,851,862,12,5.17,0.9099386359394724
M1 Direct NN,852,863,12,6.12,0.16537185833142823
M1 Direct NN,853,864,12,3.11,-1.2405980692159895
M1 Direct NN,854,865,12,0.47,-1.9956995087901912
M1 Direct NN,855,866,12,-0.53,-3.505285256667843
M1 Direct NN,856,867,12,-1.05,-4.362263133357353
M1 Direct NN,857,868,12,0.44,-4.021056576675074
M1 Direct NN,858,869,12,1.54,-4.567083497534078
M1 Direct NN,859,870,12,1.97,-4.376229884047776
M1 Direct NN,860,871,12,2.31,-3.8733084106825206
M1 Direct NN,861,872,12,4.26,-2.9475600920886453
M1 Direct NN,862,873,12,4.82,-1.8174980855365088
M1 Direct NN,863,874,12,5.03,-1.0028505634450586
M1 Direct NN,864,875,12,2.46,-0.2707705546411025
M1 Direct NN,865,876,12,-1.09,-0.11247805278184285
M1 Direct NN,866,877,12,-2.64,-0.133022056663882
M1 Direct NN,867,878,12,-3.69,-0.19419649962660213
M1 Direct NN,868,879,12,-1.22,-1.190588363441618
M1 Direct NN,869,880,12,-2.11,-1.0565715044754045
M1 Direct NN,870,881,12,-2.6,-1.4166453464458462
M1 Direct NN,871,882,12,-1.38,-2.1662379311220117
M1 Direct NN,872,883,12,-0.34,-2.9646846219219007
M1 Direct NN,873,884,12,0.55,-3.5982317298108857
M1 Direct NN,874,885,12,-0.08,-3.764984341559489
M1 Direct NN,875,886,12,-0.05,-4.025375950561852
M1 Direct NN,876,887,12,2.54,-3.885679376538596
M1 Direct NN,877,888,12,4.46,-3.5483227597708775
M1 Direct NN,878,889,12,3.95,-2.788120767486162
M1 Direct NN,879,890,12,0.67,-1.443511357880583
M1 Direct NN,880,891,12,0.19,-1.2471509786954238
M1 Direct NN,881,892,12,-0.97,-1.024809863519264
M1 Direct NN,882,893,12,-0.58,-0.7567884991124221
M1 Direct NN,883,894,12,-1.11,-0.7157886918876284
M1 Direct NN,884,895,12,-0.12,-1.259559186797747
M1 Direct NN,885,896,12,2.25,-2.1757526891951153
M1 Direct NN,886,897,12,3.69,-2.189628060130111
M1 Direct NN,887,898,12,2.16,-2.806593284964096
M1 Direct NN,888,899,12,1.47,-3.4711637289860446
M1 Direct NN,889,900,12,0.31,-3.4280884386282806
M1 Direct NN,890,901,12,-2.85,-3.472981513941929
M1 Direct NN,891,902,12,-4.08,-3.8299627961178455
M1 Direct NN,892,903,12,-4.28,-3.924402955839669
M1 Direct NN,893,904,12,-5.09,-3.455020941097782
M1 Direct NN,894,905,12,-5.59,-2.561573095178931
M1 Direct NN,895,906,12,-7.85,-1.9312460790691826
M1 Direct NN,896,907,12,-6.17,-2.1325941942091493
M1 Direct NN,897,908,12,-5.27,-2.0677107527960983
M1 Direct NN,898,909,12,-4.26,-1.2446824536124181
M1 Direct NN,899,910,12,-4.0,-0.5659127673652383
M1 Direct NN,900,911,12,-3.46,-0.6514924516962101
M1 Direct NN,901,912,12,-3.36,-0.7697389906540131
M1 Direct NN,902,913,12,-1.89,-1.2322295548145976
M1 Direct NN,903,914,12,-1.1,-0.7434733968965898
M1 Direct NN,904,915,12,-0.97,-0.9246757276851283
M1 Direct NN,905,916,12,0.41,-1.7800411059468515
M1 Direct NN,906,917,12,1.12,-1.7458265634841803
M1 Direct NN,907,918,12,1.72,-2.268764745025453
M1 Direct NN,908,919,12,2.76,-2.8648646834774514
M1 Direct NN,909,920,12,2.68,-3.4929993121349097
M1 Direct NN,910,921,12,1.32,-3.6703207283601786
M1 Direct NN,911,922,12,0.43,-4.066313717654481
M1 Direct NN,912,923,12,0.44,-4.008763365362384
M1 Direct NN,913,924,12,-1.05,-3.4301267703497498
M1 Direct NN,914,925,12,-1.81,-2.821384451817802
M1 Direct NN,915,926,12,-4.26,-1.7164050072788637
M1 Direct NN,916,927,12,-2.43,-1.637482874055808
M1 Direct NN,917,928,12,-2.16,-1.1392438410608743
M1 Direct NN,918,929,12,-2.36,-0.1528966198152722
M1 Direct NN,919,930,12,-3.03,0.15222589041440937
M1 Direct NN,920,931,12,-1.45,0.1984278944315498
M1 Direct NN,921,932,12,0.22,0.7153797822904941
M1 Direct NN,922,933,12,-0.07,0.5476649126501181
M1 Direct NN,923,934,12,-0.3,0.18927095713535308
M1 Direct NN,924,935,12,2.03,0.05710301105736797
M1 Direct NN,925,936,12,2.7,0.16765539845227823
M2 HHSA single ResNet,797,797,1,0.47,0.17987965787065927
M2 HHSA single ResNet,798,798,1,-0.18,-1.2779798052747533
M2 HHSA single ResNet,799,799,1,0.71,-0.22106672590857723
M2 HHSA single ResNet,800,800,1,1.82,1.3340978630431974
M2 HHSA single ResNet,801,801,1,1.79,0.5194615397540191
M2 HHSA single ResNet,802,802,1,2.41,2.2219927268806594
M2 HHSA single ResNet,803,803,1,3.38,2.9823180734748784
M2 HHSA single ResNet,804,804,1,4.82,4.358237757130727
M2 HHSA single ResNet,805,805,1,7.62,6.212294811126363
M2 HHSA single ResNet,806,806,1,8.58,6.891859495234174
M2 HHSA single ResNet,807,807,1,6.17,5.427850279567856
M2 HHSA single ResNet,808,808,1,2.13,2.618957320605648
M2 HHSA single ResNet,809,809,1,2.62,1.8073934863304464
M2 HHSA single ResNet,810,810,1,2.0,-0.2624893586607611
M2 HHSA single ResNet,811,811,1,2.83,0.23132392848227076
M2 HHSA single ResNet,812,812,1,3.42,1.9858341522754848
M2 HHSA single ResNet,813,813,1,2.8,1.4988238094090727
M2 HHSA single ResNet,814,814,1,0.26,-2.285319598465537
M2 HHSA single ResNet,815,815,1,-2.12,-6.145024268847513
M2 HHSA single ResNet,816,816,1,-3.31,-7.5204327847795875
M2 HHSA single ResNet,817,817,1,-1.11,-5.793559816232614
M2 HHSA single ResNet,818,818,1,1.2,-2.938931509560211
M2 HHSA single ResNet,819,819,1,2.36,-1.4359405007294104
M2 HHSA single ResNet,820,820,1,2.8,0.014440644409240104
M2 HHSA single ResNet,821,821,1,4.19,1.9369592442053616
M2 HHSA single ResNet,822,822,1,4.79,2.952240504063606
M2 HHSA single ResNet,823,823,1,5.64,2.450914358084426
M2 HHSA single ResNet,824,824,1,3.63,-0.03481489811804816
M2 HHSA single ResNet,825,825,1,1.67,-1.4214383781692383
M2 HHSA single ResNet,826,826,1,1.94,-1.320244347898763
M2 HHSA single ResNet,827,827,1,1.4,-1.6491204687628873
M2 HHSA single ResNet,828,828,1,1.03,-2.0512314633107156
M2 HHSA single ResNet,829,829,1,-0.56,-3.7065246852710034
M2 HHSA single ResNet,830,830,1,0.22,-3.1567973340247115
M2 HHSA single ResNet,831,831,1,-0.09,-3.848642105380034
M2 HHSA single ResNet,832,832,1,-0.06,-5.220411224082489
M2 HHSA single ResNet,833,833,1,1.2,-3.6255035958963653
M2 HHSA single ResNet,834,834,1,1.43,-3.6500575566972135
M2 HHSA single ResNet,835,835,1,2.55,-1.690300082108318
M2 HHSA single ResNet,836,836,1,4.02,0.3834165436556608
M2 HHSA single ResNet,837,837,1,3.28,1.295663423233274
M2 HHSA single ResNet,838,838,1,6.03,4.541954763209154
M2 HHSA single ResNet,839,839,1,7.48,6.421798648032304
M2 HHSA single ResNet,840,840,1,6.88,5.406165217918888
M2 HHSA single ResNet,841,841,1,6.66,5.3888439971380935
M2 HHSA single ResNet,842,842,1,5.16,4.748579832154818
M2 HHSA single ResNet,843,843,1,6.9,4.655924879726899
M2 HHSA single ResNet,844,844,1,5.21,2.8855449038544214
M2 HHSA single ResNet,845,845,1,3.09,0.7654710126955839
M2 HHSA single ResNet,846,846,1,2.58,1.4054674405621888
M2 HHSA single ResNet,847,847,1,4.79,3.5170749906514627
M2 HHSA single ResNet,848,848,1,5.19,4.2561869680869036
M2 HHSA single ResNet,849,849,1,3.07,2.524483035074342
M2 HHSA single ResNet,850,850,1,2.82,2.44539385632109
M2 HHSA single ResNet,851,851,1,1.75,1.5019796350272832
M2 HHSA single ResNet,852,852,1,0.98,0.27995851279237843
M2 HHSA single ResNet,853,853,1,1.55,1.0858028471793868
M2 HHSA single ResNet,854,854,1,1.16,1.509910684619215
M2 HHSA single ResNet,855,855,1,2.06,2.331303852056904
M2 HHSA single ResNet,856,856,1,3.01,2.722599911892615
M2 HHSA single ResNet,857,857,1,3.15,0.922155707775771
M2 HHSA single ResNet,858,858,1,3.66,1.07403228285425
M2 HHSA single ResNet,859,859,1,5.24,2.7135578903332807
M2 HHSA single ResNet,860,860,1,5.85,3.427226069410827
M2 HHSA single ResNet,861,861,1,5.29,3.5447650394537296
M2 HHSA single ResNet,862,862,1,5.17,4.2088159567629155
M2 HHSA single ResNet,863,863,1,6.12,4.8065528677875635
M2 HHSA single ResNet,864,864,1,3.11,1.4866318104142813
M2 HHSA single ResNet,865,865,1,0.47,-1.6695147268247916
M2 HHSA single ResNet,866,866,1,-0.53,-2.276308097109946
M2 HHSA single ResNet,867,867,1,-1.05,-2.658869347736579
M2 HHSA single ResNet,868,868,1,0.44,-1.737711665200157
M2 HHSA single ResNet,869,869,1,1.54,-0.37569094172466233
M2 HHSA single ResNet,870,870,1,1.97,0.2001774209171353
M2 HHSA single ResNet,871,871,1,2.31,1.4924677485348692
M2 HHSA single ResNet,872,872,1,4.26,3.4620509011720317
M2 HHSA single ResNet,873,873,1,4.82,3.5766135117049633
M2 HHSA single ResNet,874,874,1,5.03,3.0787467485800284
M2 HHSA single ResNet,875,875,1,2.46,1.3687834349525907
M2 HHSA single ResNet,876,876,1,-1.09,-1.8613356693977927
M2 HHSA single ResNet,877,877,1,-2.64,-2.956693902627452
M2 HHSA single ResNet,878,878,1,-3.69,-4.02908888076514
M2 HHSA single ResNet,879,879,1,-1.22,-3.3482397895201523
M2 HHSA single ResNet,880,880,1,-2.11,-2.7764901923380263
M2 HHSA single ResNet,881,881,1,-2.6,-3.179654225292858
M2 HHSA single ResNet,882,882,1,-1.38,-2.567777139393749
M2 HHSA single ResNet,883,883,1,-0.34,-2.714630125487205
M2 HHSA single ResNet,884,884,1,0.55,-2.929083718070909
M2 HHSA single ResNet,885,885,1,-0.08,-2.587217229888322
M2 HHSA single ResNet,886,886,1,-0.05,-1.1830698301283322
M2 HHSA single ResNet,887,887,1,2.54,1.6947527348547942
M2 HHSA single ResNet,888,888,1,4.46,3.685868896389341
M2 HHSA single ResNet,889,889,1,3.95,2.8277253830189473
M2 HHSA single ResNet,890,890,1,0.67,-0.27903254269073724
M2 HHSA single ResNet,891,891,1,0.19,-1.0084668513593884
M2 HHSA single ResNet,892,892,1,-0.97,-2.197311575502191
M2 HHSA single ResNet,893,893,1,-0.58,-3.0314574364561366
M2 HHSA single ResNet,894,894,1,-1.11,-3.3092982026120974
M2 HHSA single ResNet,895,895,1,-0.12,-1.8569912006349887
M2 HHSA single ResNet,896,896,1,2.25,1.1446333726083249
M2 HHSA single ResNet,897,897,1,3.69,2.8096512087086754
M2 HHSA single ResNet,898,898,1,2.16,0.9631908527316259
M2 HHSA single ResNet,899,899,1,1.47,0.30582497942097675
M2 HHSA single ResNet,900,900,1,0.31,-1.1938334104856478
M2 HHSA single ResNet,901,901,1,-2.85,-3.868778495133663
M2 HHSA single ResNet,902,902,1,-4.08,-3.6695502808365656
M2 HHSA single ResNet,903,903,1,-4.28,-2.632753191117774
M2 HHSA single ResNet,904,904,1,-5.09,-3.776831538330307
M2 HHSA single ResNet,905,905,1,-5.59,-4.791174347612369
M2 HHSA single ResNet,906,906,1,-7.85,-6.225273763610148
M2 HHSA single ResNet,907,907,1,-6.17,-5.23627624735773
M2 HHSA single ResNet,908,908,1,-5.27,-3.8542384507634506
M2 HHSA single ResNet,909,909,1,-4.26,-3.935979963151002
M2 HHSA single ResNet,910,910,1,-4.0,-4.582782030940964
M2 HHSA single ResNet,911,911,1,-3.46,-4.2176752300084726
M2 HHSA single ResNet,912,912,1,-3.36,-4.283669413798693
M2 HHSA single ResNet,913,913,1,-1.89,-3.8362786815282885
M2 HHSA single ResNet,914,914,1,-1.1,-3.3911208585353503
M2 HHSA single ResNet,915,915,1,-0.97,-2.9416388526635333
M2 HHSA single ResNet,916,916,1,0.41,-1.1424914830722177
M2 HHSA single ResNet,917,917,1,1.12,-0.7144355740068278
M2 HHSA single ResNet,918,918,1,1.72,0.3644499960528521
M2 HHSA single ResNet,919,919,1,2.76,1.3103869543373687
M2 HHSA single ResNet,920,920,1,2.68,0.28717060141708545
M2 HHSA single ResNet,921,921,1,1.32,-1.5735235688918676
M2 HHSA single ResNet,922,922,1,0.43,-2.2143363665196807
M2 HHSA single ResNet,923,923,1,0.44,-2.014755981967413
M2 HHSA single ResNet,924,924,1,-1.05,-3.8245859711360537
M2 HHSA single ResNet,925,925,1,-1.81,-4.725511317170551
M2 HHSA single ResNet,797,799,3,0.71,0.3873092651900871
M2 HHSA single ResNet,798,800,3,1.82,1.3458663858454742
M2 HHSA single ResNet,799,801,3,1.79,2.253567945326213
M2 HHSA single ResNet,800,802,3,2.41,2.350460666974309
M2 HHSA single ResNet,801,803,3,3.38,3.2764317827815113
M2 HHSA single ResNet,802,804,3,4.82,4.328257691896207
M2 HHSA single ResNet,803,805,3,7.62,4.330989676895174
M2 HHSA single ResNet,804,806,3,8.58,4.385378890145138
M2 HHSA single ResNet,805,807,3,6.17,3.976380068818804
M2 HHSA single ResNet,806,808,3,2.13,2.7206824264284344
M2 HHSA single ResNet,807,809,3,2.62,1.8846196151268193
M2 HHSA single ResNet,808,810,3,2.0,1.1794177715956884
M2 HHSA single ResNet,809,811,3,2.83,1.1249584512727766
M2 HHSA single ResNet,810,812,3,3.42,0.4440247917825286
M2 HHSA single ResNet,811,813,3,2.8,0.5436934066354363
M2 HHSA single ResNet,812,814,3,0.26,-1.5579567998901207
M2 HHSA single ResNet,813,815,3,-2.12,-4.2047523941295175
M2 HHSA single ResNet,814,816,3,-3.31,-5.389311440232281
M2 HHSA single ResNet,815,817,3,-1.11,-4.825722871644129
M2 HHSA single ResNet,816,818,3,1.2,-4.081001725862996
M2 HHSA single ResNet,817,819,3,2.36,-2.7768274159451685
M2 HHSA single ResNet,818,820,3,2.8,-2.157277336939777
M2 HHSA single ResNet,819,821,3,4.19,-1.1636601985572286
M2 HHSA single ResNet,820,822,3,4.79,0.10335318639757131
M2 HHSA single ResNet,821,823,3,5.64,0.24636189333355685
M2 HHSA single ResNet,822,824,3,3.63,-0.596727759931079
M2 HHSA single ResNet,823,825,3,1.67,-1.0818873269269758
M2 HHSA single ResNet,824,826,3,1.94,-1.7989580788237096
M2 HHSA single ResNet,825,827,3,1.4,-1.9650674770799053
M2 HHSA single ResNet,826,828,3,1.03,-2.0880575566331356
M2 HHSA single ResNet,827,829,3,-0.56,-2.6066476083363943
M2 HHSA single ResNet,828,830,3,0.22,-2.440199906939121
M2 HHSA single ResNet,829,831,3,-0.09,-1.977760143552655
M2 HHSA single ResNet,830,832,3,-0.06,-2.667504016495368
M2 HHSA single ResNet,831,833,3,1.2,-2.8120051003611723
M2 HHSA single ResNet,832,834,3,1.43,-1.4900226810618757
M2 HHSA single ResNet,833,835,3,2.55,-1.4397257856247874
M2 HHSA single ResNet,834,836,3,4.02,-0.4069305692613539
M2 HHSA single ResNet,835,837,3,3.28,1.5695770514868466
M2 HHSA single ResNet,836,838,3,6.03,2.3801579500471557
M2 HHSA single ResNet,837,839,3,7.48,4.923397364439291
M2 HHSA single ResNet,838,840,3,6.88,6.497112009095881
M2 HHSA single ResNet,839,841,3,6.66,5.369956780379873
M2 HHSA single ResNet,840,842,3,5.16,5.3914865894542015
M2 HHSA single ResNet,841,843,3,6.9,4.454321163288024
M2 HHSA single ResNet,842,844,3,5.21,3.0614827668389464
M2 HHSA single ResNet,843,845,3,3.09,1.934415354534626
M2 HHSA single ResNet,844,846,3,2.58,0.7479783882434518
M2 HHSA single ResNet,845,847,3,4.79,1.5772039342275492
M2 HHSA single ResNet,846,848,3,5.19,2.790027450099771
M2 HHSA single ResNet,847,849,3,3.07,3.1128022396603714
M2 HHSA single ResNet,848,850,3,2.82,1.7839911358571732
M2 HHSA single ResNet,849,851,3,1.75,1.3878893686811047
M2 HHSA single ResNet,850,852,3,0.98,0.6121910293195563
M2 HHSA single ResNet,851,853,3,1.55,-0.03440748580227591
M2 HHSA single ResNet,852,854,3,1.16,0.0055643174380992635
M2 HHSA single ResNet,853,855,3,2.06,1.4003509008977268
M2 HHSA single ResNet,854,856,3,3.01,2.6583347824052823
M2 HHSA single ResNet,855,857,3,3.15,3.2024304810151687
M2 HHSA single ResNet,856,858,3,3.66,1.778292015052056
M2 HHSA single ResNet,857,859,3,5.24,1.9248499381986925
M2 HHSA single ResNet,858,860,3,5.85,2.9550184214578326
M2 HHSA single ResNet,859,861,3,5.29,3.1933231340699333
M2 HHSA single ResNet,860,862,3,5.17,3.373148506465226
M2 HHSA single ResNet,861,863,3,6.12,3.9733683858100517
M2 HHSA single ResNet,862,864,3,3.11,3.1819150336525657
M2 HHSA single ResNet,863,865,3,0.47,0.3185347971602836
M2 HHSA single ResNet,864,866,3,-0.53,-1.3329583732095729
M2 HHSA single ResNet,865,867,3,-1.05,-1.2713416501930612
M2 HHSA single ResNet,866,868,3,0.44,-0.807256105012076
M2 HHSA single ResNet,867,869,3,1.54,-0.027840150972660557
M2 HHSA single ResNet,868,870,3,1.97,0.568171455468909
M2 HHSA single ResNet,869,871,3,2.31,0.8304411938025404
M2 HHSA single ResNet,870,872,3,4.26,1.8161648052255286
M2 HHSA single ResNet,871,873,3,4.82,2.870784408169027
M2 HHSA single ResNet,872,874,3,5.03,3.0461733173542878
M2 HHSA single ResNet,873,875,3,2.46,2.4394469904424203
M2 HHSA single ResNet,874,876,3,-1.09,1.2397531235406112
M2 HHSA single ResNet,875,877,3,-2.64,-1.1494584955963094
M2 HHSA single ResNet,876,878,3,-3.69,-3.1463638057330194
M2 HHSA single ResNet,877,879,3,-1.22,-3.6724388828965613
M2 HHSA single ResNet,878,880,3,-2.11,-3.1977898997278875
M2 HHSA single ResNet,879,881,3,-2.6,-2.2899253960736936
M2 HHSA single ResNet,880,882,3,-1.38,-2.39150871907126
M2 HHSA single ResNet,881,883,3,-0.34,-2.1069017536161243
M2 HHSA single ResNet,882,884,3,0.55,-2.530249703584122
M2 HHSA single ResNet,883,885,3,-0.08,-2.739071105752272
M2 HHSA single ResNet,884,886,3,-0.05,-1.7673542119935646
M2 HHSA single ResNet,885,887,3,2.54,0.18298496246010212
M2 HHSA single ResNet,886,888,3,4.46,2.0373566369295677
M2 HHSA single ResNet,887,889,3,3.95,2.5377947989952054
M2 HHSA single ResNet,888,890,3,0.67,1.3127933741819495
M2 HHSA single ResNet,889,891,3,0.19,-0.27440791324132197
M2 HHSA single ResNet,890,892,3,-0.97,-1.4167019108434917
M2 HHSA single ResNet,891,893,3,-0.58,-2.5039628374974234
M2 HHSA single ResNet,892,894,3,-1.11,-2.4916816849372423
M2 HHSA single ResNet,893,895,3,-0.12,-1.2369017331775405
M2 HHSA single ResNet,894,896,3,2.25,0.3841886788766112
M2 HHSA single ResNet,895,897,3,3.69,1.955938956211871
M2 HHSA single ResNet,896,898,3,2.16,2.1176454842304895
M2 HHSA single ResNet,897,899,3,1.47,1.1980430665462152
M2 HHSA single ResNet,898,900,3,0.31,0.4242324148949597
M2 HHSA single ResNet,899,901,3,-2.85,-1.260584596187503
M2 HHSA single ResNet,900,902,3,-4.08,-3.5448023840554583
M2 HHSA single ResNet,901,903,3,-4.28,-4.340466542281923
M2 HHSA single ResNet,902,904,3,-5.09,-4.260050443340779
M2 HHSA single ResNet,903,905,3,-5.59,-4.96556639942141
M2 HHSA single ResNet,904,906,3,-7.85,-5.643592349804062
M2 HHSA single ResNet,905,907,3,-6.17,-7.26577179490545
M2 HHSA single ResNet,906,908,3,-5.27,-8.34931458199132
M2 HHSA single ResNet,907,909,3,-4.26,-7.140346589990269
M2 HHSA single ResNet,908,910,3,-4.0,-5.210878715629834
M2 HHSA single ResNet,909,911,3,-3.46,-4.39051057757309
M2 HHSA single ResNet,910,912,3,-3.36,-3.7239507850275904
M2 HHSA single ResNet,911,913,3,-1.89,-3.595491258361351
M2 HHSA single ResNet,912,914,3,-1.1,-3.6512497503798422
M2 HHSA single ResNet,913,915,3,-0.97,-3.110837411657297
M2 HHSA single ResNet,914,916,3,0.41,-2.853175661520768
M2 HHSA single ResNet,915,917,3,1.12,-1.452578657713455
M2 HHSA single ResNet,916,918,3,1.72,-0.9025421149531808
M2 HHSA single ResNet,917,919,3,2.76,-0.19027385730261892
M2 HHSA single ResNet,918,920,3,2.68,-0.40325296034484065
M2 HHSA single ResNet,919,921,3,1.32,-1.729363481275496
M2 HHSA single ResNet,920,922,3,0.43,-3.2257304894259633
M2 HHSA single ResNet,921,923,3,0.44,-3.71002759336819
M2 HHSA single ResNet,922,924,3,-1.05,-4.11358398801588
M2 HHSA single ResNet,923,925,3,-1.81,-4.768560777602644
M2 HHSA single ResNet,924,926,3,-4.26,-4.086424800068378
M2 HHSA single ResNet,925,927,3,-2.43,-3.494309955610224
M2 HHSA single ResNet,797,802,6,2.41,3.1480450250964704
M2 HHSA single ResNet,798,803,6,3.38,3.5810592751739256
M2 HHSA single ResNet,799,804,6,4.82,3.57413684005424
M2 HHSA single ResNet,800,805,6,7.62,3.324191575079436
M2 HHSA single ResNet,801,806,6,8.58,3.1417606528367585
M2 HHSA single ResNet,802,807,6,6.17,2.0412836115390487
M2 HHSA single ResNet,803,808,6,2.13,1.7562911943989903
M2 HHSA single ResNet,804,809,6,2.62,1.503945901552316
M2 HHSA single ResNet,805,810,6,2.0,1.337457982536275
M2 HHSA single ResNet,806,811,6,2.83,0.710845434040893
M2 HHSA single ResNet,807,812,6,3.42,0.5875898287096786
M2 HHSA single ResNet,808,813,6,2.8,0.3356799681890174
M2 HHSA single ResNet,809,814,6,0.26,-0.3408672885760231
M2 HHSA single ResNet,810,815,6,-2.12,-1.6107648769460474
M2 HHSA single ResNet,811,816,6,-3.31,-1.842149804842605
M2 HHSA single ResNet,812,817,6,-1.11,-2.162611589457546
M2 HHSA single ResNet,813,818,6,1.2,-1.854903040680399
M2 HHSA single ResNet,814,819,6,2.36,-1.0006103395571375
M2 HHSA single ResNet,815,820,6,2.8,0.24818623657806455
M2 HHSA single ResNet,816,821,6,4.19,0.7251508033614901
M2 HHSA single ResNet,817,822,6,4.79,0.07961267237644569
M2 HHSA single ResNet,818,823,6,5.64,-1.8984987767398989
M2 HHSA single ResNet,819,824,6,3.63,-2.9541910974144674
M2 HHSA single ResNet,820,825,6,1.67,-3.1506836489652326
M2 HHSA single ResNet,821,826,6,1.94,-2.7376458709078157
M2 HHSA single ResNet,822,827,6,1.4,-2.3494881691011678
M2 HHSA single ResNet,823,828,6,1.03,-2.0083808579815883
M2 HHSA single ResNet,824,829,6,-0.56,-2.0589292915707036
M2 HHSA single ResNet,825,830,6,0.22,-1.6714218669702054
M2 HHSA single ResNet,826,831,6,-0.09,-1.088056672212778
M2 HHSA single ResNet,827,832,6,-0.06,-0.9529080309308506
M2 HHSA single ResNet,828,833,6,1.2,-0.313673277363562
M2 HHSA single ResNet,829,834,6,1.43,0.9174952171077329
M2 HHSA single ResNet,830,835,6,2.55,2.7025021373079325
M2 HHSA single ResNet,831,836,6,4.02,4.182432791483885
M2 HHSA single ResNet,832,837,6,3.28,5.004301508011079
M2 HHSA single ResNet,833,838,6,6.03,5.5348044709454545
M2 HHSA single ResNet,834,839,6,7.48,5.718195039729531
M2 HHSA single ResNet,835,840,6,6.88,5.495129722312326
M2 HHSA single ResNet,836,841,6,6.66,4.667738662883902
M2 HHSA single ResNet,837,842,6,5.16,3.2399249831105528
M2 HHSA single ResNet,838,843,6,6.9,2.2984460966748457
M2 HHSA single ResNet,839,844,6,5.21,1.7641840319768576
M2 HHSA single ResNet,840,845,6,3.09,1.818901932900386
M2 HHSA single ResNet,841,846,6,2.58,2.5343144188329227
M2 HHSA single ResNet,842,847,6,4.79,3.103765650258428
M2 HHSA single ResNet,843,848,6,5.19,3.2636215439079086
M2 HHSA single ResNet,844,849,6,3.07,2.1916402076329238
M2 HHSA single ResNet,845,850,6,2.82,1.4099497624872142
M2 HHSA single ResNet,846,851,6,1.75,1.2580074890344688
M2 HHSA single ResNet,847,852,6,0.98,0.878994868744304
M2 HHSA single ResNet,848,853,6,1.55,0.733139714975702
M2 HHSA single ResNet,849,854,6,1.16,1.3881703071285663
M2 HHSA single ResNet,850,855,6,2.06,2.598857029370643
M2 HHSA single ResNet,851,856,6,3.01,3.1992665238510205
M2 HHSA single ResNet,852,857,6,3.15,3.6363454166501783
M2 HHSA single ResNet,853,858,6,3.66,3.4728164685713443
M2 HHSA single ResNet,854,859,6,5.24,2.77076483662297
M2 HHSA single ResNet,855,860,6,5.85,3.0969041045659513
M2 HHSA single ResNet,856,861,6,5.29,3.771937785075299
M2 HHSA single ResNet,857,862,6,5.17,3.6335609103292557
M2 HHSA single ResNet,858,863,6,6.12,3.156445213799854
M2 HHSA single ResNet,859,864,6,3.11,1.621401059727189
M2 HHSA single ResNet,860,865,6,0.47,0.5554640929247295
M2 HHSA single ResNet,861,866,6,-0.53,0.13088776841123342
M2 HHSA single ResNet,862,867,6,-1.05,0.0009201975522876414
M2 HHSA single ResNet,863,868,6,0.44,0.2851227840235365
M2 HHSA single ResNet,864,869,6,1.54,1.5841374594900623
M2 HHSA single ResNet,865,870,6,1.97,2.8139137463768145
M2 HHSA single ResNet,866,871,6,2.31,3.5624475284595327
M2 HHSA single ResNet,867,872,6,4.26,3.7282961084898805
M2 HHSA single ResNet,868,873,6,4.82,2.631842873890836
M2 HHSA single ResNet,869,874,6,5.03,0.507023727873128
M2 HHSA single ResNet,870,875,6,2.46,-0.8594847811621676
M2 HHSA single ResNet,871,876,6,-1.09,-2.5130677976014515
M2 HHSA single ResNet,872,877,6,-2.64,-4.187924467855098
M2 HHSA single ResNet,873,878,6,-3.69,-5.183171270767671
M2 HHSA single ResNet,874,879,6,-1.22,-5.493698234349156
M2 HHSA single ResNet,875,880,6,-2.11,-4.598769497318299
M2 HHSA single ResNet,876,881,6,-2.6,-2.8622766840059466
M2 HHSA single ResNet,877,882,6,-1.38,-1.7399744291273451
M2 HHSA single ResNet,878,883,6,-0.34,-1.633222137365661
M2 HHSA single ResNet,879,884,6,0.55,-0.8273941388345172
M2 HHSA single ResNet,880,885,6,-0.08,-0.08404015104906054
M2 HHSA single ResNet,881,886,6,-0.05,1.7596581609592312
M2 HHSA single ResNet,882,887,6,2.54,3.6668820113064458
M2 HHSA single ResNet,883,888,6,4.46,3.918010427127314
M2 HHSA single ResNet,884,889,6,3.95,2.679406814028346
M2 HHSA single ResNet,885,890,6,0.67,0.42284163365727284
M2 HHSA single ResNet,886,891,6,0.19,-0.769666768856007
M2 HHSA single ResNet,887,892,6,-0.97,-1.6776318593308124
M2 HHSA single ResNet,888,893,6,-0.58,-1.9017572726139444
M2 HHSA single ResNet,889,894,6,-1.11,-0.3762438862686573
M2 HHSA single ResNet,890,895,6,-0.12,1.7286375500477555
M2 HHSA single ResNet,891,896,6,2.25,2.9300995240676895
M2 HHSA single ResNet,892,897,6,3.69,3.000702820256783
M2 HHSA single ResNet,893,898,6,2.16,2.5232795774288737
M2 HHSA single ResNet,894,899,6,1.47,1.564168097313321
M2 HHSA single ResNet,895,900,6,0.31,0.5072887974155283
M2 HHSA single ResNet,896,901,6,-2.85,-1.4401450451524949
M2 HHSA single ResNet,897,902,6,-4.08,-2.997062358672386
M2 HHSA single ResNet,898,903,6,-4.28,-4.161944371233736
M2 HHSA single ResNet,899,904,6,-5.09,-5.052445681231077
M2 HHSA single ResNet,900,905,6,-5.59,-5.133612016915189
M2 HHSA single ResNet,901,906,6,-7.85,-5.163499245883678
M2 HHSA single ResNet,902,907,6,-6.17,-5.3771999881605685
M2 HHSA single ResNet,903,908,6,-5.27,-5.661377143269256
M2 HHSA single ResNet,904,909,6,-4.26,-6.177300916764268
M2 HHSA single ResNet,905,910,6,-4.0,-6.209756075288638
M2 HHSA single ResNet,906,911,6,-3.46,-4.181770625026169
M2 HHSA single ResNet,907,912,6,-3.36,-3.04274674792809
M2 HHSA single ResNet,908,913,6,-1.89,-2.690071539460872
M2 HHSA single ResNet,909,914,6,-1.1,-0.8963268953043637
M2 HHSA single ResNet,910,915,6,-0.97,0.6801709266550342
M2 HHSA single ResNet,911,916,6,0.41,1.878263837622473
M2 HHSA single ResNet,912,917,6,1.12,2.422700999596615
M2 HHSA single ResNet,913,918,6,1.72,1.8339492781752946
M2 HHSA single ResNet,914,919,6,2.76,0.7772637670832596
M2 HHSA single ResNet,915,920,6,2.68,-0.20543730714876607
M2 HHSA single ResNet,916,921,6,1.32,-0.7250986249979081
M2 HHSA single ResNet,917,922,6,0.43,-1.0606294490249968
M2 HHSA single ResNet,918,923,6,0.44,-1.6741252481560744
M2 HHSA single ResNet,919,924,6,-1.05,-1.940700618905869
M2 HHSA single ResNet,920,925,6,-1.81,-2.0540769146724456
M2 HHSA single ResNet,921,926,6,-4.26,-2.103939521838927
M2 HHSA single ResNet,922,927,6,-2.43,-1.6891406902879844
M2 HHSA single ResNet,923,928,6,-2.16,-1.4356060482703203
M2 HHSA single ResNet,924,929,6,-2.36,-0.9695867206350364
M2 HHSA single ResNet,925,930,6,-3.03,-0.28494707213267184
M2 HHSA single ResNet,797,805,9,7.62,3.01943070323276
M2 HHSA single ResNet,798,806,9,8.58,2.175679371019912
M2 HHSA single ResNet,799,807,9,6.17,2.2889823557727973
M2 HHSA single ResNet,800,808,9,2.13,2.535264744281076
M2 HHSA single ResNet,801,809,9,2.62,1.8423677185889977
M2 HHSA single ResNet,802,810,9,2.0,2.451873850967181
M2 HHSA single ResNet,803,811,9,2.83,2.0294146502535124
M2 HHSA single ResNet,804,812,9,3.42,1.124004830965726
M2 HHSA single ResNet,805,813,9,2.8,0.7039012630102544
M2 HHSA single ResNet,806,814,9,0.26,1.0575273334952981
M2 HHSA single ResNet,807,815,9,-2.12,0.6510478003913729
M2 HHSA single ResNet,808,816,9,-3.31,0.062175336056713576
M2 HHSA single ResNet,809,817,9,-1.11,-1.1806582239819685
M2 HHSA single ResNet,810,818,9,1.2,-2.42385516113931
M2 HHSA single ResNet,811,819,9,2.36,-0.3577655216481194
M2 HHSA single ResNet,812,820,9,2.8,2.734084010765939
M2 HHSA single ResNet,813,821,9,4.19,4.407993515668926
M2 HHSA single ResNet,814,822,9,4.79,4.200604569417427
M2 HHSA single ResNet,815,823,9,5.64,2.685720677089955
M2 HHSA single ResNet,816,824,9,3.63,1.2676076247825498
M2 HHSA single ResNet,817,825,9,1.67,-0.09525869430222644
M2 HHSA single ResNet,818,826,9,1.94,-1.0559984007218681
M2 HHSA single ResNet,819,827,9,1.4,-0.08129539514414262
M2 HHSA single ResNet,820,828,9,1.03,0.13211540147072862
M2 HHSA single ResNet,821,829,9,-0.56,-0.6015220304706859
M2 HHSA single ResNet,822,830,9,0.22,-1.4922850127156733
M2 HHSA single ResNet,823,831,9,-0.09,-1.9756548617872383
M2 HHSA single ResNet,824,832,9,-0.06,-2.8710924052491467
M2 HHSA single ResNet,825,833,9,1.2,-2.2696969212000293
M2 HHSA single ResNet,826,834,9,1.43,-1.348647518308033
M2 HHSA single ResNet,827,835,9,2.55,-0.8315730126998871
M2 HHSA single ResNet,828,836,9,4.02,0.5935825290675713
M2 HHSA single ResNet,829,837,9,3.28,2.0351263128552772
M2 HHSA single ResNet,830,838,9,6.03,2.6452337399856103
M2 HHSA single ResNet,831,839,9,7.48,2.8119271812772015
M2 HHSA single ResNet,832,840,9,6.88,2.9193128500580774
M2 HHSA single ResNet,833,841,9,6.66,3.0607249527701645
M2 HHSA single ResNet,834,842,9,5.16,2.643477033960243
M2 HHSA single ResNet,835,843,9,6.9,2.7659200268254116
M2 HHSA single ResNet,836,844,9,5.21,2.1803831681676784
M2 HHSA single ResNet,837,845,9,3.09,2.0280279017081866
M2 HHSA single ResNet,838,846,9,2.58,2.867440840370001
M2 HHSA single ResNet,839,847,9,4.79,3.0860955474625293
M2 HHSA single ResNet,840,848,9,5.19,2.8051357018651526
M2 HHSA single ResNet,841,849,9,3.07,2.7340984010371963
M2 HHSA single ResNet,842,850,9,2.82,2.0677078906901367
M2 HHSA single ResNet,843,851,9,1.75,2.7843330164426074
M2 HHSA single ResNet,844,852,9,0.98,0.9295216810902427
M2 HHSA single ResNet,845,853,9,1.55,0.636733032519483
M2 HHSA single ResNet,846,854,9,1.16,1.8286406748969966
M2 HHSA single ResNet,847,855,9,2.06,2.9882393348945415
M2 HHSA single ResNet,848,856,9,3.01,3.366623138456194
M2 HHSA single ResNet,849,857,9,3.15,2.717849416768545
M2 HHSA single ResNet,850,858,9,3.66,3.245561247321048
M2 HHSA single ResNet,851,859,9,5.24,3.023306604394909
M2 HHSA single ResNet,852,860,9,5.85,2.389038093979142
M2 HHSA single ResNet,853,861,9,5.29,2.8655528003499953
M2 HHSA single ResNet,854,862,9,5.17,2.785884615563727
M2 HHSA single ResNet,855,863,9,6.12,2.842001573117333
M2 HHSA single ResNet,856,864,9,3.11,1.7893692603255507
M2 HHSA single ResNet,857,865,9,0.47,0.4518962825802688
M2 HHSA single ResNet,858,866,9,-0.53,0.3356196575652911
M2 HHSA single ResNet,859,867,9,-1.05,-0.2712008904395249
M2 HHSA single ResNet,860,868,9,0.44,-0.9168168811323066
M2 HHSA single ResNet,861,869,9,1.54,-0.8381343388494875
M2 HHSA single ResNet,862,870,9,1.97,-0.14292428197757037
M2 HHSA single ResNet,863,871,9,2.31,0.878209434738536
M2 HHSA single ResNet,864,872,9,4.26,-0.04343705056354967
M2 HHSA single ResNet,865,873,9,4.82,0.1570035577653139
M2 HHSA single ResNet,866,874,9,5.03,0.5187823544612005
M2 HHSA single ResNet,867,875,9,2.46,0.30576956724755566
M2 HHSA single ResNet,868,876,9,-1.09,-0.4519013709383849
M2 HHSA single ResNet,869,877,9,-2.64,-1.7329376174440871
M2 HHSA single ResNet,870,878,9,-3.69,-1.7052920848057649
M2 HHSA single ResNet,871,879,9,-1.22,-1.903137548883783
M2 HHSA single ResNet,872,880,9,-2.11,-1.8225141415345711
M2 HHSA single ResNet,873,881,9,-2.6,-1.4639749774248687
M2 HHSA single ResNet,874,882,9,-1.38,-1.9705002301918582
M2 HHSA single ResNet,875,883,9,-0.34,-2.8576099961685175
M2 HHSA single ResNet,876,884,9,0.55,-2.0820916834418037
M2 HHSA single ResNet,877,885,9,-0.08,-1.454316919547328
M2 HHSA single ResNet,878,886,9,-0.05,-1.1638993869380165
M2 HHSA single ResNet,879,887,9,2.54,0.28941757413845
M2 HHSA single ResNet,880,888,9,4.46,0.3092437931324145
M2 HHSA single ResNet,881,889,9,3.95,1.6632862574536507
M2 HHSA single ResNet,882,890,9,0.67,2.5392155112848287
M2 HHSA single ResNet,883,891,9,0.19,1.6441816240394498
M2 HHSA single ResNet,884,892,9,-0.97,-0.3913792599044316
M2 HHSA single ResNet,885,893,9,-0.58,-2.648950334318412
M2 HHSA single ResNet,886,894,9,-1.11,-2.945858061420034
M2 HHSA single ResNet,887,895,9,-0.12,-1.6569573495169632
M2 HHSA single ResNet,888,896,9,2.25,0.14777076428060532
M2 HHSA single ResNet,889,897,9,3.69,0.7731130941748744
M2 HHSA single ResNet,890,898,9,2.16,0.7355914637261657
M2 HHSA single ResNet,891,899,9,1.47,2.1238496213689446
M2 HHSA single ResNet,892,900,9,0.31,1.0637353693777687
M2 HHSA single ResNet,893,901,9,-2.85,-0.04868576538809839
M2 HHSA single ResNet,894,902,9,-4.08,-1.4050783294993108
M2 HHSA single ResNet,895,903,9,-4.28,-1.603789122483748
M2 HHSA single ResNet,896,904,9,-5.09,-1.7288757356875892
M2 HHSA single ResNet,897,905,9,-5.59,-2.1093275487376277
M2 HHSA single ResNet,898,906,9,-7.85,-3.445780092310978
M2 HHSA single ResNet,899,907,9,-6.17,-3.8927411889369434
M2 HHSA single ResNet,900,908,9,-5.27,-4.704473438981288
M2 HHSA single ResNet,901,909,9,-4.26,-5.246258772667958
M2 HHSA single ResNet,902,910,9,-4.0,-4.008129670090122
M2 HHSA single ResNet,903,911,9,-3.46,-2.7931608894016855
M2 HHSA single ResNet,904,912,9,-3.36,-2.1430350286818607
M2 HHSA single ResNet,905,913,9,-1.89,-0.8681269429453852
M2 HHSA single ResNet,906,914,9,-1.1,-0.07329859389780784
M2 HHSA single ResNet,907,915,9,-0.97,0.3962969877118394
M2 HHSA single ResNet,908,916,9,0.41,-0.0959309840951676
M2 HHSA single ResNet,909,917,9,1.12,-0.19341550870745652
M2 HHSA single ResNet,910,918,9,1.72,-0.282466605741722
M2 HHSA single ResNet,911,919,9,2.76,-0.0800528908526366
M2 HHSA single ResNet,912,920,9,2.68,-0.39105292862649244
M2 HHSA single ResNet,913,921,9,1.32,-0.7214317891285978
M2 HHSA single ResNet,914,922,9,0.43,-1.2168108660302575
M2 HHSA single ResNet,915,923,9,0.44,-1.377765594653227
M2 HHSA single ResNet,916,924,9,-1.05,-0.989517260144793
M2 HHSA single ResNet,917,925,9,-1.81,-1.7530060347218528
M2 HHSA single ResNet,918,926,9,-4.26,-1.6998381719993025
M2 HHSA single ResNet,919,927,9,-2.43,-1.131147949255723
M2 HHSA single ResNet,920,928,9,-2.16,-1.3472658701120137
M2 HHSA single ResNet,921,929,9,-2.36,-2.1647158849617574
M2 HHSA single ResNet,922,930,9,-3.03,-1.8866335471498152
M2 HHSA single ResNet,923,931,9,-1.45,-1.1650095326111398
M2 HHSA single ResNet,924,932,9,0.22,-1.9793803026448507
M2 HHSA single ResNet,925,933,9,-0.07,-2.546177749329783
M2 HHSA single ResNet,797,808,12,2.13,3.225730814544373
M2 HHSA single ResNet,798,809,12,2.62,2.4803552329951777
M2 HHSA single ResNet,799,810,12,2.0,2.6900892119732025
M2 HHSA single ResNet,800,811,12,2.83,2.80456134010853
M2 HHSA single ResNet,801,812,12,3.42,3.1236176620785234
M2 HHSA single ResNet,802,813,12,2.8,2.9272483810881638
M2 HHSA single ResNet,803,814,12,0.26,2.434424643201912
M2 HHSA single ResNet,804,815,12,-2.12,1.242206599348527
M2 HHSA single ResNet,805,816,12,-3.31,-0.2867039457289678
M2 HHSA single ResNet,806,817,12,-1.11,-0.5447657570155979
M2 HHSA single ResNet,807,818,12,1.2,-0.6413953066430617
M2 HHSA single ResNet,808,819,12,2.36,-0.5378059987045922
M2 HHSA single ResNet,809,820,12,2.8,-0.5129871299617785
M2 HHSA single ResNet,810,821,12,4.19,-0.03430379609342417
M2 HHSA single ResNet,811,822,12,4.79,0.3308108293240411
M2 HHSA single ResNet,812,823,12,5.64,-0.1350105541723079
M2 HHSA single ResNet,813,824,12,3.63,-0.31652149601359564
M2 HHSA single ResNet,814,825,12,1.67,0.050513466789055946
M2 HHSA single ResNet,815,826,12,1.94,0.3941918186052311
M2 HHSA single ResNet,816,827,12,1.4,0.2944499072084083
M2 HHSA single ResNet,817,828,12,1.03,0.24797303724700914
M2 HHSA single ResNet,818,829,12,-0.56,0.25972891561413924
M2 HHSA single ResNet,819,830,12,0.22,0.9631013974498349
M2 HHSA single ResNet,820,831,12,-0.09,1.384692890119989
M2 HHSA single ResNet,821,832,12,-0.06,1.1161942799526925
M2 HHSA single ResNet,822,833,12,1.2,0.9416114405130998
M2 HHSA single ResNet,823,834,12,1.43,1.4727741633818547
M2 HHSA single ResNet,824,835,12,2.55,1.8817878594771376
M2 HHSA single ResNet,825,836,12,4.02,2.3801396183930312
M2 HHSA single ResNet,826,837,12,3.28,2.682430207780206
M2 HHSA single ResNet,827,838,12,6.03,2.719658828816041
M2 HHSA single ResNet,828,839,12,7.48,2.907408800668691
M2 HHSA single ResNet,829,840,12,6.88,3.101176029498035
M2 HHSA single ResNet,830,841,12,6.66,2.212340227020622
M2 HHSA single ResNet,831,842,12,5.16,2.0012122980159632
M2 HHSA single ResNet,832,843,12,6.9,2.0381829483704714
M2 HHSA single ResNet,833,844,12,5.21,1.9393516553117827
M2 HHSA single ResNet,834,845,12,3.09,1.752065849016027
M2 HHSA single ResNet,835,846,12,2.58,1.6421741538302004
M2 HHSA single ResNet,836,847,12,4.79,1.4905183678587761
M2 HHSA single ResNet,837,848,12,5.19,2.510073818823008
M2 HHSA single ResNet,838,849,12,3.07,2.4668466527683504
M2 HHSA single ResNet,839,850,12,2.82,1.9401931484074908
M2 HHSA single ResNet,840,851,12,1.75,2.8835652246038372
M2 HHSA single ResNet,841,852,12,0.98,2.8041416835776394
M2 HHSA single ResNet,842,853,12,1.55,2.6986825423732856
M2 HHSA single ResNet,843,854,12,1.16,3.3561666044469853
M2 HHSA single ResNet,844,855,12,2.06,2.9774394838521863
M2 HHSA single ResNet,845,856,12,3.01,3.296653858281866
M2 HHSA single ResNet,846,857,12,3.15,3.5489179374664848
M2 HHSA single ResNet,847,858,12,3.66,3.327243367663415
M2 HHSA single ResNet,848,859,12,5.24,2.4551705727264124
M2 HHSA single ResNet,849,860,12,5.85,2.4067247687902107
M2 HHSA single ResNet,850,861,12,5.29,1.8937669642348876
M2 HHSA single ResNet,851,862,12,5.17,1.9001757189709185
M2 HHSA single ResNet,852,863,12,6.12,1.6498892938968093
M2 HHSA single ResNet,853,864,12,3.11,2.219644430692047
M2 HHSA single ResNet,854,865,12,0.47,2.709773646644891
M2 HHSA single ResNet,855,866,12,-0.53,2.0222398152559964
M2 HHSA single ResNet,856,867,12,-1.05,0.8339990616323902
M2 HHSA single ResNet,857,868,12,0.44,1.1096363745621762
M2 HHSA single ResNet,858,869,12,1.54,1.6608781182433536
M2 HHSA single ResNet,859,870,12,1.97,1.7007527554577266
M2 HHSA single ResNet,860,871,12,2.31,1.224998774052322
M2 HHSA single ResNet,861,872,12,4.26,1.1892625679088105
M2 HHSA single ResNet,862,873,12,4.82,0.9159250091022043
M2 HHSA single ResNet,863,874,12,5.03,0.3412873456978097
M2 HHSA single ResNet,864,875,12,2.46,-0.11262866814662274
M2 HHSA single ResNet,865,876,12,-1.09,-0.20153542488004733
M2 HHSA single ResNet,866,877,12,-2.64,-0.2878429680382977
M2 HHSA single ResNet,867,878,12,-3.69,-0.7887388038379695
M2 HHSA single ResNet,868,879,12,-1.22,-0.30909702713721404
M2 HHSA single ResNet,869,880,12,-2.11,0.2210907891012559
M2 HHSA single ResNet,870,881,12,-2.6,1.2412824466330978
M2 HHSA single ResNet,871,882,12,-1.38,1.8477589832372239
M2 HHSA single ResNet,872,883,12,-0.34,1.4944136343120633
M2 HHSA single ResNet,873,884,12,0.55,1.6000807870869234
M2 HHSA single ResNet,874,885,12,-0.08,1.0202522585248635
M2 HHSA single ResNet,875,886,12,-0.05,0.06118609538148104
M2 HHSA single ResNet,876,887,12,2.54,2.1108681861987177
M2 HHSA single ResNet,877,888,12,4.46,3.396153876747572
M2 HHSA single ResNet,878,889,12,3.95,3.4516542704705904
M2 HHSA single ResNet,879,890,12,0.67,3.925123848825049
M2 HHSA single ResNet,880,891,12,0.19,2.5216970330422233
M2 HHSA single ResNet,881,892,12,-0.97,2.189028215894896
M2 HHSA single ResNet,882,893,12,-0.58,1.601799925507624
M2 HHSA single ResNet,883,894,12,-1.11,0.961042446240809
M2 HHSA single ResNet,884,895,12,-0.12,0.7298761903903598
M2 HHSA single ResNet,885,896,12,2.25,0.6494210391430959
M2 HHSA single ResNet,886,897,12,3.69,0.8534403316865045
M2 HHSA single ResNet,887,898,12,2.16,1.5863318581196766
M2 HHSA single ResNet,888,899,12,1.47,1.3304770813882811
M2 HHSA single ResNet,889,900,12,0.31,0.9365900957019225
M2 HHSA single ResNet,890,901,12,-2.85,0.9440928641301717
M2 HHSA single ResNet,891,902,12,-4.08,1.273560028951892
M2 HHSA single ResNet,892,903,12,-4.28,0.3498876476647211
M2 HHSA single ResNet,893,904,12,-5.09,-0.3604643263307543
M2 HHSA single ResNet,894,905,12,-5.59,-0.7324540520750715
M2 HHSA single ResNet,895,906,12,-7.85,-0.5447958233168371
M2 HHSA single ResNet,896,907,12,-6.17,-0.6360009035261771
M2 HHSA single ResNet,897,908,12,-5.27,-1.453305432800546
M2 HHSA single ResNet,898,909,12,-4.26,-1.3388007858258115
M2 HHSA single ResNet,899,910,12,-4.0,-0.8207439727506723
M2 HHSA single ResNet,900,911,12,-3.46,-0.09550057304954966
M2 HHSA single ResNet,901,912,12,-3.36,0.6569107273677848
M2 HHSA single ResNet,902,913,12,-1.89,2.054962124495838
M2 HHSA single ResNet,903,914,12,-1.1,3.6256257012284894
M2 HHSA single ResNet,904,915,12,-0.97,4.180317530268171
M2 HHSA single ResNet,905,916,12,0.41,3.582177625069259
M2 HHSA single ResNet,906,917,12,1.12,1.8880025911936917
M2 HHSA single ResNet,907,918,12,1.72,2.479802776064252
M2 HHSA single ResNet,908,919,12,2.76,3.0465967001090486
M2 HHSA single ResNet,909,920,12,2.68,2.3752468955835297
M2 HHSA single ResNet,910,921,12,1.32,0.9690227329337535
M2 HHSA single ResNet,911,922,12,0.43,0.42417264434749447
M2 HHSA single ResNet,912,923,12,0.44,0.778556620477923
M2 HHSA single ResNet,913,924,12,-1.05,0.5147609793337576
M2 HHSA single ResNet,914,925,12,-1.81,0.3576751603159593
M2 HHSA single ResNet,915,926,12,-4.26,0.34655939441055794
M2 HHSA single ResNet,916,927,12,-2.43,0.7130072695350105
M2 HHSA single ResNet,917,928,12,-2.16,0.33315050531850376
M2 HHSA single ResNet,918,929,12,-2.36,0.07846627055362851
M2 HHSA single ResNet,919,930,12,-3.03,-0.26545610881021725
M2 HHSA single ResNet,920,931,12,-1.45,-0.3694850342152187
M2 HHSA single ResNet,921,932,12,0.22,-0.5422090313933077
M2 HHSA single ResNet,922,933,12,-0.07,-0.09156470346437771
M2 HHSA single ResNet,923,934,12,-0.3,0.8042454135922389
M2 HHSA single ResNet,924,935,12,2.03,0.540524892783798
M2 HHSA single ResNet,925,936,12,2.7,-0.09424578185523706
M4 Dual physical reconstruction,797,797,1,0.47,2.714335090403842
M4 Dual physical reconstruction,798,798,1,-0.18,0.9447531786992982
M4 Dual physical reconstruction,799,799,1,0.71,0.9323634674808843
M4 Dual physical reconstruction,800,800,1,1.82,2.2746935271002897
M4 Dual physical reconstruction,801,801,1,1.79,1.3315862045953546
M4 Dual physical reconstruction,802,802,1,2.41,1.1170035804162333
M4 Dual physical reconstruction,803,803,1,3.38,2.5264625444227344
M4 Dual physical reconstruction,804,804,1,4.82,3.5683206732051715
M4 Dual physical reconstruction,805,805,1,7.62,6.17895557385575
M4 Dual physical reconstruction,806,806,1,8.58,8.483879594346687
M4 Dual physical reconstruction,807,807,1,6.17,6.703645220796417
M4 Dual physical reconstruction,808,808,1,2.13,2.2994252596249702
M4 Dual physical reconstruction,809,809,1,2.62,2.2528521705373725
M4 Dual physical reconstruction,810,810,1,2.0,1.8019982601008373
M4 Dual physical reconstruction,811,811,1,2.83,1.377807600024544
M4 Dual physical reconstruction,812,812,1,3.42,3.772951471845118
M4 Dual physical reconstruction,813,813,1,2.8,2.8811687910479127
M4 Dual physical reconstruction,814,814,1,0.26,1.1573659186339433
M4 Dual physical reconstruction,815,815,1,-2.12,-0.06767553679855554
M4 Dual physical reconstruction,816,816,1,-3.31,0.6779160583354786
M4 Dual physical reconstruction,817,817,1,-1.11,0.986783030256164
M4 Dual physical reconstruction,818,818,1,1.2,1.745008142097361
M4 Dual physical reconstruction,819,819,1,2.36,1.7289009985759105
M4 Dual physical reconstruction,820,820,1,2.8,2.88898068449716
M4 Dual physical reconstruction,821,821,1,4.19,4.254084140905205
M4 Dual physical reconstruction,822,822,1,4.79,3.961446271712473
M4 Dual physical reconstruction,823,823,1,5.64,3.5522098890584415
M4 Dual physical reconstruction,824,824,1,3.63,2.5936658243264983
M4 Dual physical reconstruction,825,825,1,1.67,2.4343542298924143
M4 Dual physical reconstruction,826,826,1,1.94,3.0895414967011905
M4 Dual physical reconstruction,827,827,1,1.4,2.3337144421490175
M4 Dual physical reconstruction,828,828,1,1.03,-1.2354697705764166
M4 Dual physical reconstruction,829,829,1,-0.56,-1.0381606450871543
M4 Dual physical reconstruction,830,830,1,0.22,0.5177317154864725
M4 Dual physical reconstruction,831,831,1,-0.09,0.6774919742613021
M4 Dual physical reconstruction,832,832,1,-0.06,1.9242365541496085
M4 Dual physical reconstruction,833,833,1,1.2,3.8723432443232486
M4 Dual physical reconstruction,834,834,1,1.43,4.229379870187458
M4 Dual physical reconstruction,835,835,1,2.55,4.6351226871018145
M4 Dual physical reconstruction,836,836,1,4.02,4.541108991164137
M4 Dual physical reconstruction,837,837,1,3.28,3.816777411326809
M4 Dual physical reconstruction,838,838,1,6.03,4.460889886924431
M4 Dual physical reconstruction,839,839,1,7.48,6.878919876276797
M4 Dual physical reconstruction,840,840,1,6.88,6.813987279324323
M4 Dual physical reconstruction,841,841,1,6.66,6.851030897623128
M4 Dual physical reconstruction,842,842,1,5.16,6.771225298504363
M4 Dual physical reconstruction,843,843,1,6.9,8.460951085751498
M4 Dual physical reconstruction,844,844,1,5.21,7.928542914931141
M4 Dual physical reconstruction,845,845,1,3.09,4.254564012933573
M4 Dual physical reconstruction,846,846,1,2.58,4.835936386732901
M4 Dual physical reconstruction,847,847,1,4.79,7.251562880657736
M4 Dual physical reconstruction,848,848,1,5.19,6.707102040219777
M4 Dual physical reconstruction,849,849,1,3.07,6.280619399333118
M4 Dual physical reconstruction,850,850,1,2.82,4.568917216473642
M4 Dual physical reconstruction,851,851,1,1.75,2.4018406232976774
M4 Dual physical reconstruction,852,852,1,0.98,1.13299988146735
M4 Dual physical reconstruction,853,853,1,1.55,0.7517957043161112
M4 Dual physical reconstruction,854,854,1,1.16,0.7984792512045198
M4 Dual physical reconstruction,855,855,1,2.06,0.7611415579691552
M4 Dual physical reconstruction,856,856,1,3.01,1.837624254666275
M4 Dual physical reconstruction,857,857,1,3.15,3.4546082712632655
M4 Dual physical reconstruction,858,858,1,3.66,4.571401014719117
M4 Dual physical reconstruction,859,859,1,5.24,4.922670094818921
M4 Dual physical reconstruction,860,860,1,5.85,5.21130550221295
M4 Dual physical reconstruction,861,861,1,5.29,6.043165790336793
M4 Dual physical reconstruction,862,862,1,5.17,6.938168024886258
M4 Dual physical reconstruction,863,863,1,6.12,6.010901995555658
M4 Dual physical reconstruction,864,864,1,3.11,3.2670149080636404
M4 Dual physical reconstruction,865,865,1,0.47,0.34955238707019753
M4 Dual physical reconstruction,866,866,1,-0.53,0.5936570770093592
M4 Dual physical reconstruction,867,867,1,-1.05,-1.5600271903062688
M4 Dual physical reconstruction,868,868,1,0.44,-0.39090417124282695
M4 Dual physical reconstruction,869,869,1,1.54,1.7258884499511948
M4 Dual physical reconstruction,870,870,1,1.97,2.6841854751319367
M4 Dual physical reconstruction,871,871,1,2.31,2.875371723292602
M4 Dual physical reconstruction,872,872,1,4.26,4.839811187810232
M4 Dual physical reconstruction,873,873,1,4.82,6.235688123426279
M4 Dual physical reconstruction,874,874,1,5.03,3.7853337220614147
M4 Dual physical reconstruction,875,875,1,2.46,2.19130095952341
M4 Dual physical reconstruction,876,876,1,-1.09,0.7664047676123316
M4 Dual physical reconstruction,877,877,1,-2.64,-0.7838028375812414
M4 Dual physical reconstruction,878,878,1,-3.69,-2.417432535019827
M4 Dual physical reconstruction,879,879,1,-1.22,-3.2741588992763346
M4 Dual physical reconstruction,880,880,1,-2.11,-3.4415509823041144
M4 Dual physical reconstruction,881,881,1,-2.6,0.8002953712827554
M4 Dual physical reconstruction,882,882,1,-1.38,0.585313620255612
M4 Dual physical reconstruction,883,883,1,-0.34,0.5155714723599338
M4 Dual physical reconstruction,884,884,1,0.55,1.1357004587686532
M4 Dual physical reconstruction,885,885,1,-0.08,0.47714976274270726
M4 Dual physical reconstruction,886,886,1,-0.05,0.7377881867900571
M4 Dual physical reconstruction,887,887,1,2.54,2.4606613164211364
M4 Dual physical reconstruction,888,888,1,4.46,6.979405307673261
M4 Dual physical reconstruction,889,889,1,3.95,8.931382841953525
M4 Dual physical reconstruction,890,890,1,0.67,7.885882252499673
M4 Dual physical reconstruction,891,891,1,0.19,7.4638113863064195
M4 Dual physical reconstruction,892,892,1,-0.97,6.618480625353955
M4 Dual physical reconstruction,893,893,1,-0.58,2.284508372467189
M4 Dual physical reconstruction,894,894,1,-1.11,1.0375143287669109
M4 Dual physical reconstruction,895,895,1,-0.12,3.113683922371062
M4 Dual physical reconstruction,896,896,1,2.25,4.635115682557501
M4 Dual physical reconstruction,897,897,1,3.69,4.163099320146456
M4 Dual physical reconstruction,898,898,1,2.16,2.6904032603230146
M4 Dual physical reconstruction,899,899,1,1.47,2.0515083576581925
M4 Dual physical reconstruction,900,900,1,0.31,-0.10861409198211369
M4 Dual physical reconstruction,901,901,1,-2.85,-1.3972106017942854
M4 Dual physical reconstruction,902,902,1,-4.08,-2.28987678207025
M4 Dual physical reconstruction,903,903,1,-4.28,-2.6494929064041934
M4 Dual physical reconstruction,904,904,1,-5.09,-3.8764745597321006
M4 Dual physical reconstruction,905,905,1,-5.59,-4.434494441648543
M4 Dual physical reconstruction,906,906,1,-7.85,-5.876833495823071
M4 Dual physical reconstruction,907,907,1,-6.17,-3.8260130883490193
M4 Dual physical reconstruction,908,908,1,-5.27,-4.963672698930445
M4 Dual physical reconstruction,909,909,1,-4.26,-5.626442735423308
M4 Dual physical reconstruction,910,910,1,-4.0,-4.6974360437941725
M4 Dual physical reconstruction,911,911,1,-3.46,-1.4118366033024436
M4 Dual physical reconstruction,912,912,1,-3.36,0.2543860471133722
M4 Dual physical reconstruction,913,913,1,-1.89,-0.43628319840870033
M4 Dual physical reconstruction,914,914,1,-1.1,-0.2621717573074588
M4 Dual physical reconstruction,915,915,1,-0.97,-0.32487932992122115
M4 Dual physical reconstruction,916,916,1,0.41,0.08547987264646717
M4 Dual physical reconstruction,917,917,1,1.12,1.720818952528465
M4 Dual physical reconstruction,918,918,1,1.72,2.2753384554676668
M4 Dual physical reconstruction,919,919,1,2.76,2.537397858730064
M4 Dual physical reconstruction,920,920,1,2.68,1.5434004980346328
M4 Dual physical reconstruction,921,921,1,1.32,-0.0976712162935196
M4 Dual physical reconstruction,922,922,1,0.43,-0.8598650476444396
M4 Dual physical reconstruction,923,923,1,0.44,-2.1307438973225565
M4 Dual physical reconstruction,924,924,1,-1.05,-3.597369713537838
M4 Dual physical reconstruction,925,925,1,-1.81,-4.611326884564851
M4 Dual physical reconstruction,797,799,3,0.71,1.4388813256317847
M4 Dual physical reconstruction,798,800,3,1.82,2.55927317200336
M4 Dual physical reconstruction,799,801,3,1.79,2.2272017133597517
M4 Dual physical reconstruction,800,802,3,2.41,2.7406062566130207
M4 Dual physical reconstruction,801,803,3,3.38,2.5867831747643124
M4 Dual physical reconstruction,802,804,3,4.82,2.790664097274644
M4 Dual physical reconstruction,803,805,3,7.62,5.512535906452047
M4 Dual physical reconstruction,804,806,3,8.58,6.352927124157154
M4 Dual physical reconstruction,805,807,3,6.17,3.9587331494666014
M4 Dual physical reconstruction,806,808,3,2.13,3.7973284636298823
M4 Dual physical reconstruction,807,809,3,2.62,3.240812573500463
M4 Dual physical reconstruction,808,810,3,2.0,3.475039778634164
M4 Dual physical reconstruction,809,811,3,2.83,1.9785336230826291
M4 Dual physical reconstruction,810,812,3,3.42,2.404989112105765
M4 Dual physical reconstruction,811,813,3,2.8,0.7763785107487986
M4 Dual physical reconstruction,812,814,3,0.26,-1.2347927296212264
M4 Dual physical reconstruction,813,815,3,-2.12,-1.919967872711825
M4 Dual physical reconstruction,814,816,3,-3.31,-2.3152975207377526
M4 Dual physical reconstruction,815,817,3,-1.11,-0.446480763222044
M4 Dual physical reconstruction,816,818,3,1.2,1.548837878758538
M4 Dual physical reconstruction,817,819,3,2.36,1.8775057712441454
M4 Dual physical reconstruction,818,820,3,2.8,1.7834604780342826
M4 Dual physical reconstruction,819,821,3,4.19,2.389291114553214
M4 Dual physical reconstruction,820,822,3,4.79,3.107219341957804
M4 Dual physical reconstruction,821,823,3,5.64,2.9654168669027388
M4 Dual physical reconstruction,822,824,3,3.63,1.837963611409216
M4 Dual physical reconstruction,823,825,3,1.67,1.2147586386184839
M4 Dual physical reconstruction,824,826,3,1.94,1.7420878360736842
M4 Dual physical reconstruction,825,827,3,1.4,2.393538793373498
M4 Dual physical reconstruction,826,828,3,1.03,0.8921980091385826
M4 Dual physical reconstruction,827,829,3,-0.56,-0.8314381785036125
M4 Dual physical reconstruction,828,830,3,0.22,-0.4492635792763655
M4 Dual physical reconstruction,829,831,3,-0.09,-0.4450343401607826
M4 Dual physical reconstruction,830,832,3,-0.06,0.5842434828699583
M4 Dual physical reconstruction,831,833,3,1.2,1.5880221577936395
M4 Dual physical reconstruction,832,834,3,1.43,2.4420056240703802
M4 Dual physical reconstruction,833,835,3,2.55,2.8636323186262116
M4 Dual physical reconstruction,834,836,3,4.02,3.467193153904228
M4 Dual physical reconstruction,835,837,3,3.28,4.236717166078478
M4 Dual physical reconstruction,836,838,3,6.03,4.7028753221970225
M4 Dual physical reconstruction,837,839,3,7.48,5.886994420854823
M4 Dual physical reconstruction,838,840,3,6.88,6.007223758383669
M4 Dual physical reconstruction,839,841,3,6.66,4.590266566851396
M4 Dual physical reconstruction,840,842,3,5.16,4.249451308190552
M4 Dual physical reconstruction,841,843,3,6.9,3.9234052150317495
M4 Dual physical reconstruction,842,844,3,5.21,2.3843033849746478
M4 Dual physical reconstruction,843,845,3,3.09,1.0867707165927145
M4 Dual physical reconstruction,844,846,3,2.58,2.053278065807376
M4 Dual physical reconstruction,845,847,3,4.79,5.033584820929439
M4 Dual physical reconstruction,846,848,3,5.19,3.9019708889214364
M4 Dual physical reconstruction,847,849,3,3.07,2.7442728175923694
M4 Dual physical reconstruction,848,850,3,2.82,3.10798749405006
M4 Dual physical reconstruction,849,851,3,1.75,3.846266985563191
M4 Dual physical reconstruction,850,852,3,0.98,1.860004331397219
M4 Dual physical reconstruction,851,853,3,1.55,1.56448725165179
M4 Dual physical reconstruction,852,854,3,1.16,1.4618421256775034
M4 Dual physical reconstruction,853,855,3,2.06,1.8361409985164823
M4 Dual physical reconstruction,854,856,3,3.01,2.523602176271437
M4 Dual physical reconstruction,855,857,3,3.15,2.461687198025957
M4 Dual physical reconstruction,856,858,3,3.66,2.1246231407820515
M4 Dual physical reconstruction,857,859,3,5.24,4.047314565275302
M4 Dual physical reconstruction,858,860,3,5.85,5.137498276188026
M4 Dual physical reconstruction,859,861,3,5.29,4.863395139878836
M4 Dual physical reconstruction,860,862,3,5.17,3.907354320372599
M4 Dual physical reconstruction,861,863,3,6.12,3.4454349006487623
M4 Dual physical reconstruction,862,864,3,3.11,2.839510204253882
M4 Dual physical reconstruction,863,865,3,0.47,1.8041097417573815
M4 Dual physical reconstruction,864,866,3,-0.53,-0.22452612153427642
M4 Dual physical reconstruction,865,867,3,-1.05,-1.5134448690566296
M4 Dual physical reconstruction,866,868,3,0.44,-1.8165214695962688
M4 Dual physical reconstruction,867,869,3,1.54,-0.6501860005198621
M4 Dual physical reconstruction,868,870,3,1.97,0.9281548470451839
M4 Dual physical reconstruction,869,871,3,2.31,1.8835080919869864
M4 Dual physical reconstruction,870,872,3,4.26,2.7230621252319427
M4 Dual physical reconstruction,871,873,3,4.82,3.689649835988602
M4 Dual physical reconstruction,872,874,3,5.03,4.506776629133272
M4 Dual physical reconstruction,873,875,3,2.46,1.863174822678924
M4 Dual physical reconstruction,874,876,3,-1.09,-0.4191968172715774
M4 Dual physical reconstruction,875,877,3,-2.64,-2.1600895053147524
M4 Dual physical reconstruction,876,878,3,-3.69,-3.0487907268523355
M4 Dual physical reconstruction,877,879,3,-1.22,-3.535386750525253
M4 Dual physical reconstruction,878,880,3,-2.11,-2.4150811925955034
M4 Dual physical reconstruction,879,881,3,-2.6,-1.5389751204376783
M4 Dual physical reconstruction,880,882,3,-1.38,4.24210842313591
M4 Dual physical reconstruction,881,883,3,-0.34,3.2934106988736502
M4 Dual physical reconstruction,882,884,3,0.55,0.4330810233801303
M4 Dual physical reconstruction,883,885,3,-0.08,-0.5349808057414078
M4 Dual physical reconstruction,884,886,3,-0.05,2.186850861865132
M4 Dual physical reconstruction,885,887,3,2.54,5.131355345281103
M4 Dual physical reconstruction,886,888,3,4.46,4.839051078447332
M4 Dual physical reconstruction,887,889,3,3.95,6.7734321487641385
M4 Dual physical reconstruction,888,890,3,0.67,7.157108946526847
M4 Dual physical reconstruction,889,891,3,0.19,6.782313716035846
M4 Dual physical reconstruction,890,892,3,-0.97,7.3430308468619465
M4 Dual physical reconstruction,891,893,3,-0.58,8.195262932624495
M4 Dual physical reconstruction,892,894,3,-1.11,1.2510470811550691
M4 Dual physical reconstruction,893,895,3,-0.12,1.087204575169982
M4 Dual physical reconstruction,894,896,3,2.25,1.0074140413806505
M4 Dual physical reconstruction,895,897,3,3.69,2.858707888524436
M4 Dual physical reconstruction,896,898,3,2.16,1.7848357943581066
M4 Dual physical reconstruction,897,899,3,1.47,0.7760939604278634
M4 Dual physical reconstruction,898,900,3,0.31,1.4012813660235692
M4 Dual physical reconstruction,899,901,3,-2.85,0.2409640074801893
M4 Dual physical reconstruction,900,902,3,-4.08,-1.5773468831796424
M4 Dual physical reconstruction,901,903,3,-4.28,-2.907168246907335
M4 Dual physical reconstruction,902,904,3,-5.09,-5.039732263054156
M4 Dual physical reconstruction,903,905,3,-5.59,-5.293676288100879
M4 Dual physical reconstruction,904,906,3,-7.85,-5.44688630142825
M4 Dual physical reconstruction,905,907,3,-6.17,-7.813838159823864
M4 Dual physical reconstruction,906,908,3,-5.27,-5.013870281130999
M4 Dual physical reconstruction,907,909,3,-4.26,-2.7833742739948155
M4 Dual physical reconstruction,908,910,3,-4.0,-4.335441247872533
M4 Dual physical reconstruction,909,911,3,-3.46,-5.030956568191102
M4 Dual physical reconstruction,910,912,3,-3.36,-4.848617371639723
M4 Dual physical reconstruction,911,913,3,-1.89,-2.885558024562486
M4 Dual physical reconstruction,912,914,3,-1.1,-0.804356647474372
M4 Dual physical reconstruction,913,915,3,-0.97,0.42491549490160097
M4 Dual physical reconstruction,914,916,3,0.41,0.5312308605344849
M4 Dual physical reconstruction,915,917,3,1.12,0.09271575632239615
M4 Dual physical reconstruction,916,918,3,1.72,0.5112637518653802
M4 Dual physical reconstruction,917,919,3,2.76,-0.24621944881508462
M4 Dual physical reconstruction,918,920,3,2.68,-0.3134811411711276
M4 Dual physical reconstruction,919,921,3,1.32,-0.7119463972365674
M4 Dual physical reconstruction,920,922,3,0.43,-2.9533573839704674
M4 Dual physical reconstruction,921,923,3,0.44,-3.4108012321085597
M4 Dual physical reconstruction,922,924,3,-1.05,-3.424179589919095
M4 Dual physical reconstruction,923,925,3,-1.81,-4.799377734011853
M4 Dual physical reconstruction,924,926,3,-4.26,-3.951736924899638
M4 Dual physical reconstruction,925,927,3,-2.43,-2.359581357748144
M4 Dual physical reconstruction,797,802,6,2.41,-0.2028333595960914
M4 Dual physical reconstruction,798,803,6,3.38,1.6617922536138856
M4 Dual physical reconstruction,799,804,6,4.82,5.98876857163055
M4 Dual physical reconstruction,800,805,6,7.62,4.811573013154285
M4 Dual physical reconstruction,801,806,6,8.58,4.913031700179819
M4 Dual physical reconstruction,802,807,6,6.17,2.477885498214712
M4 Dual physical reconstruction,803,808,6,2.13,1.38857935865222
M4 Dual physical reconstruction,804,809,6,2.62,0.22567727452000552
M4 Dual physical reconstruction,805,810,6,2.0,-0.6490253533259944
M4 Dual physical reconstruction,806,811,6,2.83,0.1428877874511678
M4 Dual physical reconstruction,807,812,6,3.42,2.066183978375963
M4 Dual physical reconstruction,808,813,6,2.8,2.100935815698519
M4 Dual physical reconstruction,809,814,6,0.26,-0.9949672277176058
M4 Dual physical reconstruction,810,815,6,-2.12,-1.7866674828132283
M4 Dual physical reconstruction,811,816,6,-3.31,-0.09957459524339063
M4 Dual physical reconstruction,812,817,6,-1.11,-0.3289895574450963
M4 Dual physical reconstruction,813,818,6,1.2,4.953998587185842
M4 Dual physical reconstruction,814,819,6,2.36,4.543927181768845
M4 Dual physical reconstruction,815,820,6,2.8,3.2504956931280686
M4 Dual physical reconstruction,816,821,6,4.19,2.601052870558425
M4 Dual physical reconstruction,817,822,6,4.79,2.9276605027503293
M4 Dual physical reconstruction,818,823,6,5.64,3.1222929180994985
M4 Dual physical reconstruction,819,824,6,3.63,2.303171523343014
M4 Dual physical reconstruction,820,825,6,1.67,1.6993954892278356
M4 Dual physical reconstruction,821,826,6,1.94,0.44883251606468
M4 Dual physical reconstruction,822,827,6,1.4,0.5778035747276848
M4 Dual physical reconstruction,823,828,6,1.03,0.45648128254780374
M4 Dual physical reconstruction,824,829,6,-0.56,0.7419402487778097
M4 Dual physical reconstruction,825,830,6,0.22,0.23939849257590096
M4 Dual physical reconstruction,826,831,6,-0.09,0.14641572826052696
M4 Dual physical reconstruction,827,832,6,-0.06,2.2016333348713695
M4 Dual physical reconstruction,828,833,6,1.2,4.016375784104592
M4 Dual physical reconstruction,829,834,6,1.43,3.940963674211977
M4 Dual physical reconstruction,830,835,6,2.55,5.187160329043328
M4 Dual physical reconstruction,831,836,6,4.02,5.6582495482537265
M4 Dual physical reconstruction,832,837,6,3.28,5.968457955418102
M4 Dual physical reconstruction,833,838,6,6.03,6.870548849648428
M4 Dual physical reconstruction,834,839,6,7.48,7.374022657066623
M4 Dual physical reconstruction,835,840,6,6.88,7.627230007709689
M4 Dual physical reconstruction,836,841,6,6.66,5.612134745102584
M4 Dual physical reconstruction,837,842,6,5.16,4.250309722696804
M4 Dual physical reconstruction,838,843,6,6.9,3.304213310559496
M4 Dual physical reconstruction,839,844,6,5.21,3.702448649046217
M4 Dual physical reconstruction,840,845,6,3.09,3.289108273167001
M4 Dual physical reconstruction,841,846,6,2.58,3.2021177867130497
M4 Dual physical reconstruction,842,847,6,4.79,3.41638635166131
M4 Dual physical reconstruction,843,848,6,5.19,2.644267998558539
M4 Dual physical reconstruction,844,849,6,3.07,2.4168819436375375
M4 Dual physical reconstruction,845,850,6,2.82,4.268343029914467
M4 Dual physical reconstruction,846,851,6,1.75,3.4116048296862633
M4 Dual physical reconstruction,847,852,6,0.98,2.0634140523130218
M4 Dual physical reconstruction,848,853,6,1.55,1.3249799826209474
M4 Dual physical reconstruction,849,854,6,1.16,1.8315231241108276
M4 Dual physical reconstruction,850,855,6,2.06,1.590743703874471
M4 Dual physical reconstruction,851,856,6,3.01,2.985493329759272
M4 Dual physical reconstruction,852,857,6,3.15,3.318020826863491
M4 Dual physical reconstruction,853,858,6,3.66,4.302537851627525
M4 Dual physical reconstruction,854,859,6,5.24,4.76287575291129
M4 Dual physical reconstruction,855,860,6,5.85,3.9850846227483023
M4 Dual physical reconstruction,856,861,6,5.29,6.470853004253163
M4 Dual physical reconstruction,857,862,6,5.17,4.961447942760451
M4 Dual physical reconstruction,858,863,6,6.12,2.775737376830291
M4 Dual physical reconstruction,859,864,6,3.11,0.7872362030738964
M4 Dual physical reconstruction,860,865,6,0.47,0.2232890810481969
M4 Dual physical reconstruction,861,866,6,-0.53,-0.7649555670429202
M4 Dual physical reconstruction,862,867,6,-1.05,-0.21076475939779948
M4 Dual physical reconstruction,863,868,6,0.44,-0.6113367643769649
M4 Dual physical reconstruction,864,869,6,1.54,1.2040138743534397
M4 Dual physical reconstruction,865,870,6,1.97,2.9848800875884542
M4 Dual physical reconstruction,866,871,6,2.31,4.617199441187359
M4 Dual physical reconstruction,867,872,6,4.26,2.4733757451653204
M4 Dual physical reconstruction,868,873,6,4.82,-0.4854231360802288
M4 Dual physical reconstruction,869,874,6,5.03,0.24790343962519157
M4 Dual physical reconstruction,870,875,6,2.46,1.2533178162721867
M4 Dual physical reconstruction,871,876,6,-1.09,-0.6569042939051382
M4 Dual physical reconstruction,872,877,6,-2.64,-0.9500109662455185
M4 Dual physical reconstruction,873,878,6,-3.69,-1.7552428391448764
M4 Dual physical reconstruction,874,879,6,-1.22,-0.08452180848984603
M4 Dual physical reconstruction,875,880,6,-2.11,-0.34184805939097274
M4 Dual physical reconstruction,876,881,6,-2.6,-1.8230551984025318
M4 Dual physical reconstruction,877,882,6,-1.38,-2.012174596869713
M4 Dual physical reconstruction,878,883,6,-0.34,0.7173698705531182
M4 Dual physical reconstruction,879,884,6,0.55,0.4311379787171947
M4 Dual physical reconstruction,880,885,6,-0.08,2.6369573027220405
M4 Dual physical reconstruction,881,886,6,-0.05,1.8257636679146922
M4 Dual physical reconstruction,882,887,6,2.54,2.51835305141237
M4 Dual physical reconstruction,883,888,6,4.46,2.945778978322358
M4 Dual physical reconstruction,884,889,6,3.95,1.501208545035604
M4 Dual physical reconstruction,885,890,6,0.67,1.5317774838940579
M4 Dual physical reconstruction,886,891,6,0.19,1.4053648705253952
M4 Dual physical reconstruction,887,892,6,-0.97,-1.672752731662546
M4 Dual physical reconstruction,888,893,6,-0.58,-0.20429959181328172
M4 Dual physical reconstruction,889,894,6,-1.11,1.5455501708081314
M4 Dual physical reconstruction,890,895,6,-0.12,5.33535176990509
M4 Dual physical reconstruction,891,896,6,2.25,7.373338818456108
M4 Dual physical reconstruction,892,897,6,3.69,7.711786166915671
M4 Dual physical reconstruction,893,898,6,2.16,7.6049753509606335
M4 Dual physical reconstruction,894,899,6,1.47,5.354464004338652
M4 Dual physical reconstruction,895,900,6,0.31,5.048623372732956
M4 Dual physical reconstruction,896,901,6,-2.85,-0.7572217340349046
M4 Dual physical reconstruction,897,902,6,-4.08,-4.207202023019899
M4 Dual physical reconstruction,898,903,6,-4.28,-4.607423437663352
M4 Dual physical reconstruction,899,904,6,-5.09,-5.042883265448401
M4 Dual physical reconstruction,900,905,6,-5.59,-6.0698829447738
M4 Dual physical reconstruction,901,906,6,-7.85,-6.263353723603024
M4 Dual physical reconstruction,902,907,6,-6.17,-7.63670256284184
M4 Dual physical reconstruction,903,908,6,-5.27,-6.676033451122237
M4 Dual physical reconstruction,904,909,6,-4.26,-5.819475532474858
M4 Dual physical reconstruction,905,910,6,-4.0,-5.147754279250476
M4 Dual physical reconstruction,906,911,6,-3.46,-3.632854958540752
M4 Dual physical reconstruction,907,912,6,-3.36,-3.713479247338738
M4 Dual physical reconstruction,908,913,6,-1.89,-1.146209587331413
M4 Dual physical reconstruction,909,914,6,-1.1,0.08927738351953562
M4 Dual physical reconstruction,910,915,6,-0.97,1.2045148482250485
M4 Dual physical reconstruction,911,916,6,0.41,1.5712211682002164
M4 Dual physical reconstruction,912,917,6,1.12,1.9894544967061965
M4 Dual physical reconstruction,913,918,6,1.72,1.7003599929966162
M4 Dual physical reconstruction,914,919,6,2.76,1.595060481988762
M4 Dual physical reconstruction,915,920,6,2.68,0.25430648807607226
M4 Dual physical reconstruction,916,921,6,1.32,-0.28255068160091135
M4 Dual physical reconstruction,917,922,6,0.43,-0.985670972441681
M4 Dual physical reconstruction,918,923,6,0.44,-2.8232762576926924
M4 Dual physical reconstruction,919,924,6,-1.05,-3.836289981442876
M4 Dual physical reconstruction,920,925,6,-1.81,-4.849292242539076
M4 Dual physical reconstruction,921,926,6,-4.26,-5.1818277764175384
M4 Dual physical reconstruction,922,927,6,-2.43,-2.6171946212726573
M4 Dual physical reconstruction,923,928,6,-2.16,-0.9725975254700537
M4 Dual physical reconstruction,924,929,6,-2.36,-1.3217103427294306
M4 Dual physical reconstruction,925,930,6,-3.03,-0.902780677441954
M4 Dual physical reconstruction,797,805,9,7.62,7.870863470876748
M4 Dual physical reconstruction,798,806,9,8.58,7.188406783345829
M4 Dual physical reconstruction,799,807,9,6.17,4.375143788018223
M4 Dual physical reconstruction,800,808,9,2.13,3.788349936817691
M4 Dual physical reconstruction,801,809,9,2.62,5.049746909726231
M4 Dual physical reconstruction,802,810,9,2.0,5.962841104900759
M4 Dual physical reconstruction,803,811,9,2.83,7.39205591058073
M4 Dual physical reconstruction,804,812,9,3.42,5.073002685697876
M4 Dual physical reconstruction,805,813,9,2.8,3.013611777890562
M4 Dual physical reconstruction,806,814,9,0.26,1.2195189812141574
M4 Dual physical reconstruction,807,815,9,-2.12,1.2834768003261092
M4 Dual physical reconstruction,808,816,9,-3.31,2.2315169493394786
M4 Dual physical reconstruction,809,817,9,-1.11,3.7476369893885226
M4 Dual physical reconstruction,810,818,9,1.2,4.180817110487378
M4 Dual physical reconstruction,811,819,9,2.36,6.35474349300369
M4 Dual physical reconstruction,812,820,9,2.8,4.749257370522865
M4 Dual physical reconstruction,813,821,9,4.19,4.125548307595699
M4 Dual physical reconstruction,814,822,9,4.79,3.019815690419289
M4 Dual physical reconstruction,815,823,9,5.64,3.2153815495449756
M4 Dual physical reconstruction,816,824,9,3.63,3.9189931486829144
M4 Dual physical reconstruction,817,825,9,1.67,3.9689121888846266
M4 Dual physical reconstruction,818,826,9,1.94,4.448793306535331
M4 Dual physical reconstruction,819,827,9,1.4,0.5041008877449575
M4 Dual physical reconstruction,820,828,9,1.03,0.046020787662788054
M4 Dual physical reconstruction,821,829,9,-0.56,-0.3132912427106782
M4 Dual physical reconstruction,822,830,9,0.22,-0.06459036205066448
M4 Dual physical reconstruction,823,831,9,-0.09,0.21382067398425408
M4 Dual physical reconstruction,824,832,9,-0.06,2.2799002004635986
M4 Dual physical reconstruction,825,833,9,1.2,3.1429293967717467
M4 Dual physical reconstruction,826,834,9,1.43,3.525503524195312
M4 Dual physical reconstruction,827,835,9,2.55,5.143429679026326
M4 Dual physical reconstruction,828,836,9,4.02,5.670670212989699
M4 Dual physical reconstruction,829,837,9,3.28,5.1364457678703
M4 Dual physical reconstruction,830,838,9,6.03,4.258720566078977
M4 Dual physical reconstruction,831,839,9,7.48,4.849016032439072
M4 Dual physical reconstruction,832,840,9,6.88,4.444640688997188
M4 Dual physical reconstruction,833,841,9,6.66,4.4336325897624125
M4 Dual physical reconstruction,834,842,9,5.16,6.344261771588666
M4 Dual physical reconstruction,835,843,9,6.9,5.36696538209375
M4 Dual physical reconstruction,836,844,9,5.21,4.305789196659525
M4 Dual physical reconstruction,837,845,9,3.09,3.8026424821475815
M4 Dual physical reconstruction,838,846,9,2.58,2.3657738956659022
M4 Dual physical reconstruction,839,847,9,4.79,2.0542518795062352
M4 Dual physical reconstruction,840,848,9,5.19,2.6953937383676134
M4 Dual physical reconstruction,841,849,9,3.07,3.9216994116003407
M4 Dual physical reconstruction,842,850,9,2.82,4.2104219316768
M4 Dual physical reconstruction,843,851,9,1.75,3.3410140139665847
M4 Dual physical reconstruction,844,852,9,0.98,1.8558311698227377
M4 Dual physical reconstruction,845,853,9,1.55,1.86285548176386
M4 Dual physical reconstruction,846,854,9,1.16,1.4729960084705558
M4 Dual physical reconstruction,847,855,9,2.06,1.7264279938204292
M4 Dual physical reconstruction,848,856,9,3.01,1.4651023363602615
M4 Dual physical reconstruction,849,857,9,3.15,2.8080328872971854
M4 Dual physical reconstruction,850,858,9,3.66,4.517685200511023
M4 Dual physical reconstruction,851,859,9,5.24,5.915952411166115
M4 Dual physical reconstruction,852,860,9,5.85,5.499918075529401
M4 Dual physical reconstruction,853,861,9,5.29,3.3362647341409515
M4 Dual physical reconstruction,854,862,9,5.17,2.8657395000144907
M4 Dual physical reconstruction,855,863,9,6.12,2.118809696786289
M4 Dual physical reconstruction,856,864,9,3.11,2.037709231853392
M4 Dual physical reconstruction,857,865,9,0.47,-0.3256017871670833
M4 Dual physical reconstruction,858,866,9,-0.53,-1.365620407768342
M4 Dual physical reconstruction,859,867,9,-1.05,-1.2963231938668378
M4 Dual physical reconstruction,860,868,9,0.44,-0.3289851685300551
M4 Dual physical reconstruction,861,869,9,1.54,0.34620502950566556
M4 Dual physical reconstruction,862,870,9,1.97,1.5557947350532022
M4 Dual physical reconstruction,863,871,9,2.31,1.6207607670582105
M4 Dual physical reconstruction,864,872,9,4.26,2.459217342012691
M4 Dual physical reconstruction,865,873,9,4.82,1.0510972989322602
M4 Dual physical reconstruction,866,874,9,5.03,0.8778841568923439
M4 Dual physical reconstruction,867,875,9,2.46,1.2051759568804539
M4 Dual physical reconstruction,868,876,9,-1.09,0.6213147522888121
M4 Dual physical reconstruction,869,877,9,-2.64,0.7062784038803891
M4 Dual physical reconstruction,870,878,9,-3.69,-0.7046480772501829
M4 Dual physical reconstruction,871,879,9,-1.22,-1.8815380663913084
M4 Dual physical reconstruction,872,880,9,-2.11,-2.134344909118064
M4 Dual physical reconstruction,873,881,9,-2.6,-2.5964194757847534
M4 Dual physical reconstruction,874,882,9,-1.38,-1.250551024430119
M4 Dual physical reconstruction,875,883,9,-0.34,-0.7675803924100939
M4 Dual physical reconstruction,876,884,9,0.55,-1.8451772705953449
M4 Dual physical reconstruction,877,885,9,-0.08,-4.549002727812066
M4 Dual physical reconstruction,878,886,9,-0.05,-2.743080830421376
M4 Dual physical reconstruction,879,887,9,2.54,-2.2522008113902316
M4 Dual physical reconstruction,880,888,9,4.46,2.2872294187858264
M4 Dual physical reconstruction,881,889,9,3.95,1.9581215580771287
M4 Dual physical reconstruction,882,890,9,0.67,0.08353532776554218
M4 Dual physical reconstruction,883,891,9,0.19,1.2271856703919706
M4 Dual physical reconstruction,884,892,9,-0.97,3.243232331917103
M4 Dual physical reconstruction,885,893,9,-0.58,3.557644015313187
M4 Dual physical reconstruction,886,894,9,-1.11,3.980341852396047
M4 Dual physical reconstruction,887,895,9,-0.12,3.0554128864831664
M4 Dual physical reconstruction,888,896,9,2.25,1.1120314233504536
M4 Dual physical reconstruction,889,897,9,3.69,2.4199215788220063
M4 Dual physical reconstruction,890,898,9,2.16,4.576434605779911
M4 Dual physical reconstruction,891,899,9,1.47,3.3437759716522013
M4 Dual physical reconstruction,892,900,9,0.31,3.2121560043456157
M4 Dual physical reconstruction,893,901,9,-2.85,-0.8054420013184711
M4 Dual physical reconstruction,894,902,9,-4.08,-0.636493586812962
M4 Dual physical reconstruction,895,903,9,-4.28,-0.33022748345441166
M4 Dual physical reconstruction,896,904,9,-5.09,-2.552739848685631
M4 Dual physical reconstruction,897,905,9,-5.59,-5.845929983934047
M4 Dual physical reconstruction,898,906,9,-7.85,-5.90478108374261
M4 Dual physical reconstruction,899,907,9,-6.17,-6.6571786184385795
M4 Dual physical reconstruction,900,908,9,-5.27,-6.107357692307508
M4 Dual physical reconstruction,901,909,9,-4.26,-5.7104054826398665
M4 Dual physical reconstruction,902,910,9,-4.0,-4.380483986165319
M4 Dual physical reconstruction,903,911,9,-3.46,-3.033751214258856
M4 Dual physical reconstruction,904,912,9,-3.36,-2.1186602632498843
M4 Dual physical reconstruction,905,913,9,-1.89,-3.6347617399615624
M4 Dual physical reconstruction,906,914,9,-1.1,-3.019904291484281
M4 Dual physical reconstruction,907,915,9,-0.97,2.2739596689803587
M4 Dual physical reconstruction,908,916,9,0.41,1.5086874973022484
M4 Dual physical reconstruction,909,917,9,1.12,1.3964805659457862
M4 Dual physical reconstruction,910,918,9,1.72,2.8582791461476313
M4 Dual physical reconstruction,911,919,9,2.76,2.051450438854354
M4 Dual physical reconstruction,912,920,9,2.68,2.0982552967615775
M4 Dual physical reconstruction,913,921,9,1.32,1.4873873250651002
M4 Dual physical reconstruction,914,922,9,0.43,-0.37881858605340446
M4 Dual physical reconstruction,915,923,9,0.44,-1.9600824742568606
M4 Dual physical reconstruction,916,924,9,-1.05,-2.6078883640143293
M4 Dual physical reconstruction,917,925,9,-1.81,-3.853371610653504
M4 Dual physical reconstruction,918,926,9,-4.26,-4.073062022095046
M4 Dual physical reconstruction,919,927,9,-2.43,-3.6133714258835177
M4 Dual physical reconstruction,920,928,9,-2.16,-2.0205130541407628
M4 Dual physical reconstruction,921,929,9,-2.36,-0.213555577341983
M4 Dual physical reconstruction,922,930,9,-3.03,0.3477528503029089
M4 Dual physical reconstruction,923,931,9,-1.45,1.0510265519443602
M4 Dual physical reconstruction,924,932,9,0.22,1.3512786599364222
M4 Dual physical reconstruction,925,933,9,-0.07,1.6690176487464672
M4 Dual physical reconstruction,797,808,12,2.13,3.136616989990134
M4 Dual physical reconstruction,798,809,12,2.62,4.290502194789388
M4 Dual physical reconstruction,799,810,12,2.0,3.9182194667181505
M4 Dual physical reconstruction,800,811,12,2.83,5.825856370804538
M4 Dual physical reconstruction,801,812,12,3.42,4.847530230908546
M4 Dual physical reconstruction,802,813,12,2.8,4.378221842239782
M4 Dual physical reconstruction,803,814,12,0.26,4.260419949930031
M4 Dual physical reconstruction,804,815,12,-2.12,4.9090233035937345
M4 Dual physical reconstruction,805,816,12,-3.31,5.280285250106855
M4 Dual physical reconstruction,806,817,12,-1.11,5.144131883246046
M4 Dual physical reconstruction,807,818,12,1.2,6.235431965373198
M4 Dual physical reconstruction,808,819,12,2.36,6.00581302898047
M4 Dual physical reconstruction,809,820,12,2.8,4.894277268555576
M4 Dual physical reconstruction,810,821,12,4.19,2.7963392055736467
M4 Dual physical reconstruction,811,822,12,4.79,3.3428130911048024
M4 Dual physical reconstruction,812,823,12,5.64,2.3412701757940666
M4 Dual physical reconstruction,813,824,12,3.63,-2.2975346458903614
M4 Dual physical reconstruction,814,825,12,1.67,-1.3777205216965187
M4 Dual physical reconstruction,815,826,12,1.94,2.0228921378521116
M4 Dual physical reconstruction,816,827,12,1.4,2.946027640400014
M4 Dual physical reconstruction,817,828,12,1.03,2.1757908353662034
M4 Dual physical reconstruction,818,829,12,-0.56,1.270820237762122
M4 Dual physical reconstruction,819,830,12,0.22,1.1764783688221838
M4 Dual physical reconstruction,820,831,12,-0.09,1.3213804586720648
M4 Dual physical reconstruction,821,832,12,-0.06,2.0218506697838414
M4 Dual physical reconstruction,822,833,12,1.2,1.9769348534717928
M4 Dual physical reconstruction,823,834,12,1.43,3.682837271599565
M4 Dual physical reconstruction,824,835,12,2.55,3.572695126387179
M4 Dual physical reconstruction,825,836,12,4.02,3.4021153258199393
M4 Dual physical reconstruction,826,837,12,3.28,4.501265112903476
M4 Dual physical reconstruction,827,838,12,6.03,5.0327012912036
M4 Dual physical reconstruction,828,839,12,7.48,4.774169823200567
M4 Dual physical reconstruction,829,840,12,6.88,2.6555981671704973
M4 Dual physical reconstruction,830,841,12,6.66,2.70962708794971
M4 Dual physical reconstruction,831,842,12,5.16,2.1814817857853406
M4 Dual physical reconstruction,832,843,12,6.9,2.2279863299033904
M4 Dual physical reconstruction,833,844,12,5.21,2.666589324700277
M4 Dual physical reconstruction,834,845,12,3.09,1.4293358337540771
M4 Dual physical reconstruction,835,846,12,2.58,0.5027147333020909
M4 Dual physical reconstruction,836,847,12,4.79,0.7804649141973665
M4 Dual physical reconstruction,837,848,12,5.19,1.9397050679506336
M4 Dual physical reconstruction,838,849,12,3.07,2.2413219195877603
M4 Dual physical reconstruction,839,850,12,2.82,4.089882791132197
M4 Dual physical reconstruction,840,851,12,1.75,4.7520556451311595
M4 Dual physical reconstruction,841,852,12,0.98,5.219282116244132
M4 Dual physical reconstruction,842,853,12,1.55,5.413254836944547
M4 Dual physical reconstruction,843,854,12,1.16,1.9030843409796794
M4 Dual physical reconstruction,844,855,12,2.06,0.9755147441293393
M4 Dual physical reconstruction,845,856,12,3.01,1.4465998647352512
M4 Dual physical reconstruction,846,857,12,3.15,1.9777030666079296
M4 Dual physical reconstruction,847,858,12,3.66,2.337802042996365
M4 Dual physical reconstruction,848,859,12,5.24,3.5991044062977284
M4 Dual physical reconstruction,849,860,12,5.85,4.7287338466745545
M4 Dual physical reconstruction,850,861,12,5.29,3.892107973120752
M4 Dual physical reconstruction,851,862,12,5.17,2.9878067809321553
M4 Dual physical reconstruction,852,863,12,6.12,2.7218253480363566
M4 Dual physical reconstruction,853,864,12,3.11,0.2071967876811498
M4 Dual physical reconstruction,854,865,12,0.47,-0.16579560097704782
M4 Dual physical reconstruction,855,866,12,-0.53,-0.985288820746363
M4 Dual physical reconstruction,856,867,12,-1.05,1.6760188298196563
M4 Dual physical reconstruction,857,868,12,0.44,0.93655243822736
M4 Dual physical reconstruction,858,869,12,1.54,1.624706471246958
M4 Dual physical reconstruction,859,870,12,1.97,2.3044897774522184
M4 Dual physical reconstruction,860,871,12,2.31,2.535961497134516
M4 Dual physical reconstruction,861,872,12,4.26,2.621705324647161
M4 Dual physical reconstruction,862,873,12,4.82,3.1268821793154724
M4 Dual physical reconstruction,863,874,12,5.03,3.0569819429583407
M4 Dual physical reconstruction,864,875,12,2.46,4.750102150633317
M4 Dual physical reconstruction,865,876,12,-1.09,3.534936722322208
M4 Dual physical reconstruction,866,877,12,-2.64,0.8734204554285356
M4 Dual physical reconstruction,867,878,12,-3.69,-1.4270035439604232
M4 Dual physical reconstruction,868,879,12,-1.22,-2.146276742072151
M4 Dual physical reconstruction,869,880,12,-2.11,-1.6191109629147733
M4 Dual physical reconstruction,870,881,12,-2.6,-2.951712489446474
M4 Dual physical reconstruction,871,882,12,-1.38,-1.6504160260263623
M4 Dual physical reconstruction,872,883,12,-0.34,-1.6948664216475677
M4 Dual physical reconstruction,873,884,12,0.55,-0.43275256246256055
M4 Dual physical reconstruction,874,885,12,-0.08,0.9936735684178668
M4 Dual physical reconstruction,875,886,12,-0.05,-0.19155849163673344
M4 Dual physical reconstruction,876,887,12,2.54,-3.4027780339021945
M4 Dual physical reconstruction,877,888,12,4.46,-0.2768237459638725
M4 Dual physical reconstruction,878,889,12,3.95,3.3231141148063825
M4 Dual physical reconstruction,879,890,12,0.67,3.1802810132553763
M4 Dual physical reconstruction,880,891,12,0.19,4.702736189449826
M4 Dual physical reconstruction,881,892,12,-0.97,5.456252776063954
M4 Dual physical reconstruction,882,893,12,-0.58,4.676586970178163
M4 Dual physical reconstruction,883,894,12,-1.11,2.723237597339042
M4 Dual physical reconstruction,884,895,12,-0.12,2.520278258057589
M4 Dual physical reconstruction,885,896,12,2.25,1.9987934555578009
M4 Dual physical reconstruction,886,897,12,3.69,0.522384088395317
M4 Dual physical reconstruction,887,898,12,2.16,0.9485024905875943
M4 Dual physical reconstruction,888,899,12,1.47,1.4697831677955147
M4 Dual physical reconstruction,889,900,12,0.31,4.056742272133538
M4 Dual physical reconstruction,890,901,12,-2.85,5.122097436251614
M4 Dual physical reconstruction,891,902,12,-4.08,0.6429961046538091
M4 Dual physical reconstruction,892,903,12,-4.28,0.1253803323676379
M4 Dual physical reconstruction,893,904,12,-5.09,0.5932266572559419
M4 Dual physical reconstruction,894,905,12,-5.59,-1.0511577500385698
M4 Dual physical reconstruction,895,906,12,-7.85,-2.622576081174014
M4 Dual physical reconstruction,896,907,12,-6.17,-5.974220429397718
M4 Dual physical reconstruction,897,908,12,-5.27,-6.445284579984476
M4 Dual physical reconstruction,898,909,12,-4.26,-4.11915104957443
M4 Dual physical reconstruction,899,910,12,-4.0,-3.3998246712657103
M4 Dual physical reconstruction,900,911,12,-3.46,-3.6085468778129193
M4 Dual physical reconstruction,901,912,12,-3.36,-3.020525174716574
M4 Dual physical reconstruction,902,913,12,-1.89,-1.6603245423820903
M4 Dual physical reconstruction,903,914,12,-1.1,-0.38898637575905637
M4 Dual physical reconstruction,904,915,12,-0.97,-0.9112987423747443
M4 Dual physical reconstruction,905,916,12,0.41,-0.6966109351366689
M4 Dual physical reconstruction,906,917,12,1.12,-0.6471366617930958
M4 Dual physical reconstruction,907,918,12,1.72,0.23755522996780554
M4 Dual physical reconstruction,908,919,12,2.76,1.674012514935669
M4 Dual physical reconstruction,909,920,12,2.68,1.2053747779223685
M4 Dual physical reconstruction,910,921,12,1.32,-0.3774105179015612
M4 Dual physical reconstruction,911,922,12,0.43,-2.267585565667681
M4 Dual physical reconstruction,912,923,12,0.44,-2.9351185940755906
M4 Dual physical reconstruction,913,924,12,-1.05,-4.217842545917682
M4 Dual physical reconstruction,914,925,12,-1.81,-4.937778781418565
M4 Dual physical reconstruction,915,926,12,-4.26,-4.191889866133292
M4 Dual physical reconstruction,916,927,12,-2.43,-4.523999240538524
M4 Dual physical reconstruction,917,928,12,-2.16,-3.743886230482951
M4 Dual physical reconstruction,918,929,12,-2.36,-1.9566135714564885
M4 Dual physical reconstruction,919,930,12,-3.03,1.2345747839899128
M4 Dual physical reconstruction,920,931,12,-1.45,0.7104123671779241
M4 Dual physical reconstruction,921,932,12,0.22,0.4203640205833361
M4 Dual physical reconstruction,922,933,12,-0.07,0.5359307291834118
M4 Dual physical reconstruction,923,934,12,-0.3,1.8193523109211172
M4 Dual physical reconstruction,924,935,12,2.03,0.11975946505904533
M4 Dual physical reconstruction,925,936,12,2.7,-0.7562909380228268
M5 Dual fusion ResNet,797,797,1,0.47,-2.341888605454453
M5 Dual fusion ResNet,798,798,1,-0.18,-2.7365141063681766
M5 Dual fusion ResNet,799,799,1,0.71,-2.3990654813548873
M5 Dual fusion ResNet,800,800,1,1.82,-2.0995805356282355
M5 Dual fusion ResNet,801,801,1,1.79,-2.7481170803999633
M5 Dual fusion ResNet,802,802,1,2.41,-2.913263228890292
M5 Dual fusion ResNet,803,803,1,3.38,-2.357251681468496
M5 Dual fusion ResNet,804,804,1,4.82,-2.7112723994345584
M5 Dual fusion ResNet,805,805,1,7.62,-2.74848886337257
M5 Dual fusion ResNet,806,806,1,8.58,-3.0424469396900884
M5 Dual fusion ResNet,807,807,1,6.17,-2.940020654707731
M5 Dual fusion ResNet,808,808,1,2.13,-3.584492980546196
M5 Dual fusion ResNet,809,809,1,2.62,-3.150405568186697
M5 Dual fusion ResNet,810,810,1,2.0,-4.284648968055648
M5 Dual fusion ResNet,811,811,1,2.83,-4.762236052619447
M5 Dual fusion ResNet,812,812,1,3.42,-4.229517734826165
M5 Dual fusion ResNet,813,813,1,2.8,-4.122928392901467
M5 Dual fusion ResNet,814,814,1,0.26,-4.782627094184496
M5 Dual fusion ResNet,815,815,1,-2.12,-4.224211502264987
M5 Dual fusion ResNet,816,816,1,-3.31,-4.1584051558212405
M5 Dual fusion ResNet,817,817,1,-1.11,-4.860174179638837
M5 Dual fusion ResNet,818,818,1,1.2,-4.811177897662026
M5 Dual fusion ResNet,819,819,1,2.36,-4.813726397711469
M5 Dual fusion ResNet,820,820,1,2.8,-4.778704593750403
M5 Dual fusion ResNet,821,821,1,4.19,-4.870604478707539
M5 Dual fusion ResNet,822,822,1,4.79,-5.368216448027375
M5 Dual fusion ResNet,823,823,1,5.64,-5.086367852523547
M5 Dual fusion ResNet,824,824,1,3.63,-5.0351043786769765
M5 Dual fusion ResNet,825,825,1,1.67,-4.896128710288643
M5 Dual fusion ResNet,826,826,1,1.94,-5.59707996362498
M5 Dual fusion ResNet,827,827,1,1.4,-5.736276116802794
M5 Dual fusion ResNet,828,828,1,1.03,-5.511082076336045
M5 Dual fusion ResNet,829,829,1,-0.56,-5.236312715217768
M5 Dual fusion ResNet,830,830,1,0.22,-5.05306065993226
M5 Dual fusion ResNet,831,831,1,-0.09,-5.384586151149253
M5 Dual fusion ResNet,832,832,1,-0.06,-5.327544759350492
M5 Dual fusion ResNet,833,833,1,1.2,-5.2654355626801435
M5 Dual fusion ResNet,834,834,1,1.43,-5.450903109953741
M5 Dual fusion ResNet,835,835,1,2.55,-5.619088603252438
M5 Dual fusion ResNet,836,836,1,4.02,-6.010961541642592
M5 Dual fusion ResNet,837,837,1,3.28,-5.9204180182869495
M5 Dual fusion ResNet,838,838,1,6.03,-5.737354515511067
M5 Dual fusion ResNet,839,839,1,7.48,-5.711260064646823
M5 Dual fusion ResNet,840,840,1,6.88,-5.805470630197714
M5 Dual fusion ResNet,841,841,1,6.66,-5.686812407072286
M5 Dual fusion ResNet,842,842,1,5.16,-5.32202899021007
M5 Dual fusion ResNet,843,843,1,6.9,-5.861902875743607
M5 Dual fusion ResNet,844,844,1,5.21,-5.411621539859913
M5 Dual fusion ResNet,845,845,1,3.09,-5.447530148850117
M5 Dual fusion ResNet,846,846,1,2.58,-6.27053204990037
M5 Dual fusion ResNet,847,847,1,4.79,-6.838924806631581
M5 Dual fusion ResNet,848,848,1,5.19,-6.702882954469616
M5 Dual fusion ResNet,849,849,1,3.07,-7.028387842407514
M5 Dual fusion ResNet,850,850,1,2.82,-6.2180402476886805
M5 Dual fusion ResNet,851,851,1,1.75,-6.138233877405307
M5 Dual fusion ResNet,852,852,1,0.98,-5.872971820409425
M5 Dual fusion ResNet,853,853,1,1.55,-5.523275645486689
M5 Dual fusion ResNet,854,854,1,1.16,-5.619950166574641
M5 Dual fusion ResNet,855,855,1,2.06,-5.34305715678748
M5 Dual fusion ResNet,856,856,1,3.01,-6.160820035122728
M5 Dual fusion ResNet,857,857,1,3.15,-6.372402713213236
M5 Dual fusion ResNet,858,858,1,3.66,-6.136610501120829
M5 Dual fusion ResNet,859,859,1,5.24,-6.176550180296637
M5 Dual fusion ResNet,860,860,1,5.85,-5.851103074579431
M5 Dual fusion ResNet,861,861,1,5.29,-5.9247939570949955
M5 Dual fusion ResNet,862,862,1,5.17,-5.291154429109892
M5 Dual fusion ResNet,863,863,1,6.12,-5.051197639490389
M5 Dual fusion ResNet,864,864,1,3.11,-5.162361812709092
M5 Dual fusion ResNet,865,865,1,0.47,-5.152335685068278
M5 Dual fusion ResNet,866,866,1,-0.53,-5.185593914830452
M5 Dual fusion ResNet,867,867,1,-1.05,-5.051294044563858
M5 Dual fusion ResNet,868,868,1,0.44,-5.314283435584861
M5 Dual fusion ResNet,869,869,1,1.54,-5.872683821656821
M5 Dual fusion ResNet,870,870,1,1.97,-5.568172430963918
M5 Dual fusion ResNet,871,871,1,2.31,-5.877913720863296
M5 Dual fusion ResNet,872,872,1,4.26,-5.178362621969398
M5 Dual fusion ResNet,873,873,1,4.82,-6.2535757051799985
M5 Dual fusion ResNet,874,874,1,5.03,-5.717862443653195
M5 Dual fusion ResNet,875,875,1,2.46,-5.506541914374455
M5 Dual fusion ResNet,876,876,1,-1.09,-5.774486891112124
M5 Dual fusion ResNet,877,877,1,-2.64,-5.716923938742386
M5 Dual fusion ResNet,878,878,1,-3.69,-5.613722459651911
M5 Dual fusion ResNet,879,879,1,-1.22,-5.435637047247068
M5 Dual fusion ResNet,880,880,1,-2.11,-4.463891545459074
M5 Dual fusion ResNet,881,881,1,-2.6,-4.431610747577437
M5 Dual fusion ResNet,882,882,1,-1.38,-4.983010361437205
M5 Dual fusion ResNet,883,883,1,-0.34,-4.80517767021865
M5 Dual fusion ResNet,884,884,1,0.55,-4.994807362083735
M5 Dual fusion ResNet,885,885,1,-0.08,-4.825788892456228
M5 Dual fusion ResNet,886,886,1,-0.05,-5.09712751025019
M5 Dual fusion ResNet,887,887,1,2.54,-5.184982335641976
M5 Dual fusion ResNet,888,888,1,4.46,-4.921404478320774
M5 Dual fusion ResNet,889,889,1,3.95,-5.094108237160588
M5 Dual fusion ResNet,890,890,1,0.67,-4.624838142972941
M5 Dual fusion ResNet,891,891,1,0.19,-4.40104456106558
M5 Dual fusion ResNet,892,892,1,-0.97,-5.398913708945115
M5 Dual fusion ResNet,893,893,1,-0.58,-5.288400041884618
M5 Dual fusion ResNet,894,894,1,-1.11,-5.533786535547408
M5 Dual fusion ResNet,895,895,1,-0.12,-5.590037831507451
M5 Dual fusion ResNet,896,896,1,2.25,-5.6507106838181915
M5 Dual fusion ResNet,897,897,1,3.69,-5.503525682454363
M5 Dual fusion ResNet,898,898,1,2.16,-5.433323021366853
M5 Dual fusion ResNet,899,899,1,1.47,-5.267885224720509
M5 Dual fusion ResNet,900,900,1,0.31,-5.249439619291054
M5 Dual fusion ResNet,901,901,1,-2.85,-5.380150301301859
M5 Dual fusion ResNet,902,902,1,-4.08,-5.95620771754931
M5 Dual fusion ResNet,903,903,1,-4.28,-5.7671820019489255
M5 Dual fusion ResNet,904,904,1,-5.09,-4.86301280725954
M5 Dual fusion ResNet,905,905,1,-5.59,-5.06407881706726
M5 Dual fusion ResNet,906,906,1,-7.85,-4.793924430680521
M5 Dual fusion ResNet,907,907,1,-6.17,-4.013137307716563
M5 Dual fusion ResNet,908,908,1,-5.27,-4.263702304821108
M5 Dual fusion ResNet,909,909,1,-4.26,-4.564756189898007
M5 Dual fusion ResNet,910,910,1,-4.0,-4.58862876231819
M5 Dual fusion ResNet,911,911,1,-3.46,-3.973357594056985
M5 Dual fusion ResNet,912,912,1,-3.36,-3.9083191429145323
M5 Dual fusion ResNet,913,913,1,-1.89,-3.572496175062854
M5 Dual fusion ResNet,914,914,1,-1.1,-3.6872063519303038
M5 Dual fusion ResNet,915,915,1,-0.97,-3.859820396269571
M5 Dual fusion ResNet,916,916,1,0.41,-3.844145296263794
M5 Dual fusion ResNet,917,917,1,1.12,-3.7091775851727875
M5 Dual fusion ResNet,918,918,1,1.72,-3.198936703286941
M5 Dual fusion ResNet,919,919,1,2.76,-3.2655696396035254
M5 Dual fusion ResNet,920,920,1,2.68,-3.6559665463719657
M5 Dual fusion ResNet,921,921,1,1.32,-3.659247360039434
M5 Dual fusion ResNet,922,922,1,0.43,-3.9990645999256444
M5 Dual fusion ResNet,923,923,1,0.44,-3.8651856275192444
M5 Dual fusion ResNet,924,924,1,-1.05,-3.3937909723118582
M5 Dual fusion ResNet,925,925,1,-1.81,-2.9401009415827972
M5 Dual fusion ResNet,797,799,3,0.71,0.08133632629891974
M5 Dual fusion ResNet,798,800,3,1.82,0.3445855754024906
M5 Dual fusion ResNet,799,801,3,1.79,0.63212583025477
M5 Dual fusion ResNet,800,802,3,2.41,0.3911551046474674
M5 Dual fusion ResNet,801,803,3,3.38,0.5449747842702976
M5 Dual fusion ResNet,802,804,3,4.82,0.6167528559383043
M5 Dual fusion ResNet,803,805,3,7.62,0.18804608792380317
M5 Dual fusion ResNet,804,806,3,8.58,0.2235083105834389
M5 Dual fusion ResNet,805,807,3,6.17,0.05301242500492731
M5 Dual fusion ResNet,806,808,3,2.13,0.19046621025293498
M5 Dual fusion ResNet,807,809,3,2.62,-0.26131064529039805
M5 Dual fusion ResNet,808,810,3,2.0,-0.5397665093629294
M5 Dual fusion ResNet,809,811,3,2.83,-0.8924398945310598
M5 Dual fusion ResNet,810,812,3,3.42,-0.0492833661333143
M5 Dual fusion ResNet,811,813,3,2.8,-0.0055753254659767215
M5 Dual fusion ResNet,812,814,3,0.26,-0.2851930099573151
M5 Dual fusion ResNet,813,815,3,-2.12,0.00375165504962649
M5 Dual fusion ResNet,814,816,3,-3.31,-0.035872746813919276
M5 Dual fusion ResNet,815,817,3,-1.11,-0.7080863253556176
M5 Dual fusion ResNet,816,818,3,1.2,-0.27552383969845184
M5 Dual fusion ResNet,817,819,3,2.36,0.39185457621087283
M5 Dual fusion ResNet,818,820,3,2.8,0.5332040423051346
M5 Dual fusion ResNet,819,821,3,4.19,1.1268325605011325
M5 Dual fusion ResNet,820,822,3,4.79,1.1318894842632514
M5 Dual fusion ResNet,821,823,3,5.64,1.0195323598683017
M5 Dual fusion ResNet,822,824,3,3.63,1.2033855804947557
M5 Dual fusion ResNet,823,825,3,1.67,0.804331663544482
M5 Dual fusion ResNet,824,826,3,1.94,-0.623019448988791
M5 Dual fusion ResNet,825,827,3,1.4,-0.6469046626702222
M5 Dual fusion ResNet,826,828,3,1.03,-0.3216936599071407
M5 Dual fusion ResNet,827,829,3,-0.56,-0.14775031276579453
M5 Dual fusion ResNet,828,830,3,0.22,-0.44593972186939207
M5 Dual fusion ResNet,829,831,3,-0.09,-0.7453845453686042
M5 Dual fusion ResNet,830,832,3,-0.06,-0.7738452763596653
M5 Dual fusion ResNet,831,833,3,1.2,-0.7888774469399318
M5 Dual fusion ResNet,832,834,3,1.43,-0.7924009848903317
M5 Dual fusion ResNet,833,835,3,2.55,-0.6484572985800094
M5 Dual fusion ResNet,834,836,3,4.02,-0.41852996923246144
M5 Dual fusion ResNet,835,837,3,3.28,-0.6556831308914706
M5 Dual fusion ResNet,836,838,3,6.03,-0.7101484728610734
M5 Dual fusion ResNet,837,839,3,7.48,-0.4806824528636314
M5 Dual fusion ResNet,838,840,3,6.88,0.14298137734501248
M5 Dual fusion ResNet,839,841,3,6.66,0.46939135321617254
M5 Dual fusion ResNet,840,842,3,5.16,0.3678044276891935
M5 Dual fusion ResNet,841,843,3,6.9,0.34970964350667166
M5 Dual fusion ResNet,842,844,3,5.21,0.21218432489424244
M5 Dual fusion ResNet,843,845,3,3.09,0.18812801634118148
M5 Dual fusion ResNet,844,846,3,2.58,-0.19775251949828943
M5 Dual fusion ResNet,845,847,3,4.79,-0.10830239580133794
M5 Dual fusion ResNet,846,848,3,5.19,0.5768680387480923
M5 Dual fusion ResNet,847,849,3,3.07,0.5904014736931623
M5 Dual fusion ResNet,848,850,3,2.82,0.7243264079637034
M5 Dual fusion ResNet,849,851,3,1.75,0.6601712211299119
M5 Dual fusion ResNet,850,852,3,0.98,-0.24949224008241844
M5 Dual fusion ResNet,851,853,3,1.55,0.09769736964902898
M5 Dual fusion ResNet,852,854,3,1.16,-0.12030975997195481
M5 Dual fusion ResNet,853,855,3,2.06,-0.2883416329977392
M5 Dual fusion ResNet,854,856,3,3.01,-0.1737561172504165
M5 Dual fusion ResNet,855,857,3,3.15,-0.3978377308174036
M5 Dual fusion ResNet,856,858,3,3.66,0.1311193129146142
M5 Dual fusion ResNet,857,859,3,5.24,0.5763448980829914
M5 Dual fusion ResNet,858,860,3,5.85,0.1245141422650673
M5 Dual fusion ResNet,859,861,3,5.29,0.5596173328656641
M5 Dual fusion ResNet,860,862,3,5.17,0.7209707308684578
M5 Dual fusion ResNet,861,863,3,6.12,0.5468985620708394
M5 Dual fusion ResNet,862,864,3,3.11,0.11456037855636403
M5 Dual fusion ResNet,863,865,3,0.47,-0.06487617656971856
M5 Dual fusion ResNet,864,866,3,-0.53,-0.47462621801059685
M5 Dual fusion ResNet,865,867,3,-1.05,-1.1433700048757014
M5 Dual fusion ResNet,866,868,3,0.44,-1.452816640328395
M5 Dual fusion ResNet,867,869,3,1.54,-1.9222413697774994
M5 Dual fusion ResNet,868,870,3,1.97,-1.1849907959097021
M5 Dual fusion ResNet,869,871,3,2.31,-0.49782997822041425
M5 Dual fusion ResNet,870,872,3,4.26,-1.1165521542541712
M5 Dual fusion ResNet,871,873,3,4.82,-0.8568669453073359
M5 Dual fusion ResNet,872,874,3,5.03,-1.0865223862697688
M5 Dual fusion ResNet,873,875,3,2.46,-0.030713104528508284
M5 Dual fusion ResNet,874,876,3,-1.09,-0.8809446599694487
M5 Dual fusion ResNet,875,877,3,-2.64,-1.4649941753659346
M5 Dual fusion ResNet,876,878,3,-3.69,-1.82667595192664
M5 Dual fusion ResNet,877,879,3,-1.22,-1.2733741946723036
M5 Dual fusion ResNet,878,880,3,-2.11,-1.874698247572626
M5 Dual fusion ResNet,879,881,3,-2.6,-0.9054000615556593
M5 Dual fusion ResNet,880,882,3,-1.38,-0.10631547767913241
M5 Dual fusion ResNet,881,883,3,-0.34,-0.9269330672539432
M5 Dual fusion ResNet,882,884,3,0.55,-0.8143955309398982
M5 Dual fusion ResNet,883,885,3,-0.08,-1.5707660722129364
M5 Dual fusion ResNet,884,886,3,-0.05,-1.864352089864901
M5 Dual fusion ResNet,885,887,3,2.54,-2.0275562692963622
M5 Dual fusion ResNet,886,888,3,4.46,-1.9824157133311826
M5 Dual fusion ResNet,887,889,3,3.95,-1.5564664833647526
M5 Dual fusion ResNet,888,890,3,0.67,-0.7124252204597935
M5 Dual fusion ResNet,889,891,3,0.19,-0.99324626708157
M5 Dual fusion ResNet,890,892,3,-0.97,-2.0554230962618236
M5 Dual fusion ResNet,891,893,3,-0.58,-1.9567758147106407
M5 Dual fusion ResNet,892,894,3,-1.11,-2.542981341090763
M5 Dual fusion ResNet,893,895,3,-0.12,-2.5961091477463927
M5 Dual fusion ResNet,894,896,3,2.25,-2.5344972838693693
M5 Dual fusion ResNet,895,897,3,3.69,-1.6919611476321652
M5 Dual fusion ResNet,896,898,3,2.16,-1.173712086451162
M5 Dual fusion ResNet,897,899,3,1.47,-1.454792393393721
M5 Dual fusion ResNet,898,900,3,0.31,-2.179622495986358
M5 Dual fusion ResNet,899,901,3,-2.85,-2.5586580049543524
M5 Dual fusion ResNet,900,902,3,-4.08,-3.0422466485604556
M5 Dual fusion ResNet,901,903,3,-4.28,-3.149910599046383
M5 Dual fusion ResNet,902,904,3,-5.09,-3.0445893084949613
M5 Dual fusion ResNet,903,905,3,-5.59,-2.6392228993861693
M5 Dual fusion ResNet,904,906,3,-7.85,-2.6360749693492753
M5 Dual fusion ResNet,905,907,3,-6.17,-1.9369759338416315
M5 Dual fusion ResNet,906,908,3,-5.27,-2.069990800475901
M5 Dual fusion ResNet,907,909,3,-4.26,-1.1492127946413562
M5 Dual fusion ResNet,908,910,3,-4.0,-1.1856258951451677
M5 Dual fusion ResNet,909,911,3,-3.46,-2.0050791617884225
M5 Dual fusion ResNet,910,912,3,-3.36,-2.233923634619439
M5 Dual fusion ResNet,911,913,3,-1.89,-2.3052249198584933
M5 Dual fusion ResNet,912,914,3,-1.1,-2.6495474199836657
M5 Dual fusion ResNet,913,915,3,-0.97,-2.7482406707690354
M5 Dual fusion ResNet,914,916,3,0.41,-2.2495801243802527
M5 Dual fusion ResNet,915,917,3,1.12,-2.1614879796014232
M5 Dual fusion ResNet,916,918,3,1.72,-2.3540083643820955
M5 Dual fusion ResNet,917,919,3,2.76,-2.430128950172715
M5 Dual fusion ResNet,918,920,3,2.68,-2.388715829196674
M5 Dual fusion ResNet,919,921,3,1.32,-2.4781852029916935
M5 Dual fusion ResNet,920,922,3,0.43,-2.8957244501140966
M5 Dual fusion ResNet,921,923,3,0.44,-2.988440314448119
M5 Dual fusion ResNet,922,924,3,-1.05,-2.661621235492814
M5 Dual fusion ResNet,923,925,3,-1.81,-2.3618357622581874
M5 Dual fusion ResNet,924,926,3,-4.26,-2.5256861289816013
M5 Dual fusion ResNet,925,927,3,-2.43,-2.253697951358214
M5 Dual fusion ResNet,797,802,6,2.41,-2.682378770669803
M5 Dual fusion ResNet,798,803,6,3.38,-2.9651444902243087
M5 Dual fusion ResNet,799,804,6,4.82,-2.74921044892496
M5 Dual fusion ResNet,800,805,6,7.62,-2.1520767577108604
M5 Dual fusion ResNet,801,806,6,8.58,-2.916173814147746
M5 Dual fusion ResNet,802,807,6,6.17,-2.3974074104235052
M5 Dual fusion ResNet,803,808,6,2.13,-2.5592983122510797
M5 Dual fusion ResNet,804,809,6,2.62,-2.856165687311362
M5 Dual fusion ResNet,805,810,6,2.0,-2.737389050262758
M5 Dual fusion ResNet,806,811,6,2.83,-2.913250551021824
M5 Dual fusion ResNet,807,812,6,3.42,-2.8133628014734837
M5 Dual fusion ResNet,808,813,6,2.8,-3.2340014721013643
M5 Dual fusion ResNet,809,814,6,0.26,-3.3225193463675184
M5 Dual fusion ResNet,810,815,6,-2.12,-3.8623219246266522
M5 Dual fusion ResNet,811,816,6,-3.31,-3.827791546590878
M5 Dual fusion ResNet,812,817,6,-1.11,-3.795208203695206
M5 Dual fusion ResNet,813,818,6,1.2,-2.885047080574049
M5 Dual fusion ResNet,814,819,6,2.36,-2.792762206696432
M5 Dual fusion ResNet,815,820,6,2.8,-3.2295897124091155
M5 Dual fusion ResNet,816,821,6,4.19,-3.0579818106103147
M5 Dual fusion ResNet,817,822,6,4.79,-3.1109267533866243
M5 Dual fusion ResNet,818,823,6,5.64,-2.860477321056347
M5 Dual fusion ResNet,819,824,6,3.63,-3.2080119330289127
M5 Dual fusion ResNet,820,825,6,1.67,-2.951201792631624
M5 Dual fusion ResNet,821,826,6,1.94,-2.8726520303859635
M5 Dual fusion ResNet,822,827,6,1.4,-3.2039338733488014
M5 Dual fusion ResNet,823,828,6,1.03,-3.364377413155262
M5 Dual fusion ResNet,824,829,6,-0.56,-3.0780082755528175
M5 Dual fusion ResNet,825,830,6,0.22,-3.0307357546741933
M5 Dual fusion ResNet,826,831,6,-0.09,-3.829238908611992
M5 Dual fusion ResNet,827,832,6,-0.06,-3.8284069704068617
M5 Dual fusion ResNet,828,833,6,1.2,-3.815358710018236
M5 Dual fusion ResNet,829,834,6,1.43,-3.227523578411361
M5 Dual fusion ResNet,830,835,6,2.55,-2.591349297602304
M5 Dual fusion ResNet,831,836,6,4.02,-2.3659861981482226
M5 Dual fusion ResNet,832,837,6,3.28,-2.2979817867639296
M5 Dual fusion ResNet,833,838,6,6.03,-2.1834149037146076
M5 Dual fusion ResNet,834,839,6,7.48,-1.938881830701304
M5 Dual fusion ResNet,835,840,6,6.88,-2.248404774736023
M5 Dual fusion ResNet,836,841,6,6.66,-2.6614454324979437
M5 Dual fusion ResNet,837,842,6,5.16,-3.0988373424356475
M5 Dual fusion ResNet,838,843,6,6.9,-3.0267418773191705
M5 Dual fusion ResNet,839,844,6,5.21,-2.9802751471053073
M5 Dual fusion ResNet,840,845,6,3.09,-2.9650802374269403
M5 Dual fusion ResNet,841,846,6,2.58,-3.2071618190945017
M5 Dual fusion ResNet,842,847,6,4.79,-3.2190318458043405
M5 Dual fusion ResNet,843,848,6,5.19,-2.934038005050775
M5 Dual fusion ResNet,844,849,6,3.07,-2.745185162634251
M5 Dual fusion ResNet,845,850,6,2.82,-2.5033181821211743
M5 Dual fusion ResNet,846,851,6,1.75,-2.6113550358359787
M5 Dual fusion ResNet,847,852,6,0.98,-2.881710718197554
M5 Dual fusion ResNet,848,853,6,1.55,-2.8912446853862024
M5 Dual fusion ResNet,849,854,6,1.16,-3.0536183600932585
M5 Dual fusion ResNet,850,855,6,2.06,-3.2508746074499495
M5 Dual fusion ResNet,851,856,6,3.01,-2.876194543797191
M5 Dual fusion ResNet,852,857,6,3.15,-1.9100506598484703
M5 Dual fusion ResNet,853,858,6,3.66,-2.147616688843419
M5 Dual fusion ResNet,854,859,6,5.24,-2.365818949551599
M5 Dual fusion ResNet,855,860,6,5.85,-1.9935503587529217
M5 Dual fusion ResNet,856,861,6,5.29,-2.0344337121989513
M5 Dual fusion ResNet,857,862,6,5.17,-2.161118226410501
M5 Dual fusion ResNet,858,863,6,6.12,-2.3118253947447913
M5 Dual fusion ResNet,859,864,6,3.11,-2.8900401447308255
M5 Dual fusion ResNet,860,865,6,0.47,-2.7545641578153512
M5 Dual fusion ResNet,861,866,6,-0.53,-3.0676284992077463
M5 Dual fusion ResNet,862,867,6,-1.05,-3.2610381882783184
M5 Dual fusion ResNet,863,868,6,0.44,-3.354816660681358
M5 Dual fusion ResNet,864,869,6,1.54,-3.0577697604353773
M5 Dual fusion ResNet,865,870,6,1.97,-3.2962050357113473
M5 Dual fusion ResNet,866,871,6,2.31,-3.288194322185369
M5 Dual fusion ResNet,867,872,6,4.26,-3.0187372223696185
M5 Dual fusion ResNet,868,873,6,4.82,-2.5045088518252587
M5 Dual fusion ResNet,869,874,6,5.03,-2.6639948176838444
M5 Dual fusion ResNet,870,875,6,2.46,-2.6928586729621387
M5 Dual fusion ResNet,871,876,6,-1.09,-2.2372053367748963
M5 Dual fusion ResNet,872,877,6,-2.64,-2.4655581045412616
M5 Dual fusion ResNet,873,878,6,-3.69,-2.774522702927386
M5 Dual fusion ResNet,874,879,6,-1.22,-2.5986323442121817
M5 Dual fusion ResNet,875,880,6,-2.11,-2.431782178706844
M5 Dual fusion ResNet,876,881,6,-2.6,-2.7692142739239736
M5 Dual fusion ResNet,877,882,6,-1.38,-3.111486215088771
M5 Dual fusion ResNet,878,883,6,-0.34,-3.3996193550487392
M5 Dual fusion ResNet,879,884,6,0.55,-3.4383414707907365
M5 Dual fusion ResNet,880,885,6,-0.08,-3.04118855280883
M5 Dual fusion ResNet,881,886,6,-0.05,-3.049148087307624
M5 Dual fusion ResNet,882,887,6,2.54,-2.797851092022485
M5 Dual fusion ResNet,883,888,6,4.46,-2.5574724486395137
M5 Dual fusion ResNet,884,889,6,3.95,-2.4927878979827636
M5 Dual fusion ResNet,885,890,6,0.67,-2.6333537268416207
M5 Dual fusion ResNet,886,891,6,0.19,-2.7605428566950323
M5 Dual fusion ResNet,887,892,6,-0.97,-2.3522550724218103
M5 Dual fusion ResNet,888,893,6,-0.58,-2.07427905612323
M5 Dual fusion ResNet,889,894,6,-1.11,-1.7987939916352755
M5 Dual fusion ResNet,890,895,6,-0.12,-2.1325655906370775
M5 Dual fusion ResNet,891,896,6,2.25,-2.145387132718364
M5 Dual fusion ResNet,892,897,6,3.69,-1.6714592965114
M5 Dual fusion ResNet,893,898,6,2.16,-1.2076360298012268
M5 Dual fusion ResNet,894,899,6,1.47,-1.033696173963947
M5 Dual fusion ResNet,895,900,6,0.31,-1.5952140254150207
M5 Dual fusion ResNet,896,901,6,-2.85,-1.2100184055448366
M5 Dual fusion ResNet,897,902,6,-4.08,-1.0463670488156727
M5 Dual fusion ResNet,898,903,6,-4.28,-0.8403530893750139
M5 Dual fusion ResNet,899,904,6,-5.09,-1.0196779036021497
M5 Dual fusion ResNet,900,905,6,-5.59,-1.4581833759011904
M5 Dual fusion ResNet,901,906,6,-7.85,-2.0007387002470756
M5 Dual fusion ResNet,902,907,6,-6.17,-2.14699711968567
M5 Dual fusion ResNet,903,908,6,-5.27,-1.9847240492345433
M5 Dual fusion ResNet,904,909,6,-4.26,-1.4307741369921
M5 Dual fusion ResNet,905,910,6,-4.0,-1.3537913936519823
M5 Dual fusion ResNet,906,911,6,-3.46,-1.3646521890780963
M5 Dual fusion ResNet,907,912,6,-3.36,-0.8597571352373039
M5 Dual fusion ResNet,908,913,6,-1.89,-0.8867400217598872
M5 Dual fusion ResNet,909,914,6,-1.1,-0.8610534115087747
M5 Dual fusion ResNet,910,915,6,-0.97,-0.9368884133475165
M5 Dual fusion ResNet,911,916,6,0.41,-0.5671890376148208
M5 Dual fusion ResNet,912,917,6,1.12,-0.4941101698825437
M5 Dual fusion ResNet,913,918,6,1.72,-0.21953907353581392
M5 Dual fusion ResNet,914,919,6,2.76,-0.45586600407431965
M5 Dual fusion ResNet,915,920,6,2.68,-0.8149103368250793
M5 Dual fusion ResNet,916,921,6,1.32,-0.7510207550995393
M5 Dual fusion ResNet,917,922,6,0.43,-0.6355403024995476
M5 Dual fusion ResNet,918,923,6,0.44,-0.45879919210504594
M5 Dual fusion ResNet,919,924,6,-1.05,-0.4955364863223854
M5 Dual fusion ResNet,920,925,6,-1.81,-0.4917556556186859
M5 Dual fusion ResNet,921,926,6,-4.26,-0.5054185027831306
M5 Dual fusion ResNet,922,927,6,-2.43,-0.5708608538018937
M5 Dual fusion ResNet,923,928,6,-2.16,-0.8024876344172829
M5 Dual fusion ResNet,924,929,6,-2.36,-0.8679670842518962
M5 Dual fusion ResNet,925,930,6,-3.03,-0.8445810589626319
M5 Dual fusion ResNet,797,805,9,7.62,-1.4911483207095437
M5 Dual fusion ResNet,798,806,9,8.58,-1.8543862142120422
M5 Dual fusion ResNet,799,807,9,6.17,-2.288061160435462
M5 Dual fusion ResNet,800,808,9,2.13,-2.6611235691526405
M5 Dual fusion ResNet,801,809,9,2.62,-2.5503482132837076
M5 Dual fusion ResNet,802,810,9,2.0,-2.839451351047816
M5 Dual fusion ResNet,803,811,9,2.83,-2.943786117758724
M5 Dual fusion ResNet,804,812,9,3.42,-2.432039246400403
M5 Dual fusion ResNet,805,813,9,2.8,-1.6676030313508141
M5 Dual fusion ResNet,806,814,9,0.26,-1.2931921713843852
M5 Dual fusion ResNet,807,815,9,-2.12,-1.700692877110066
M5 Dual fusion ResNet,808,816,9,-3.31,-1.857206120835929
M5 Dual fusion ResNet,809,817,9,-1.11,-1.9620481472446376
M5 Dual fusion ResNet,810,818,9,1.2,-2.016063598777907
M5 Dual fusion ResNet,811,819,9,2.36,-1.977669290088627
M5 Dual fusion ResNet,812,820,9,2.8,-2.093245236566734
M5 Dual fusion ResNet,813,821,9,4.19,-2.4654526713425096
M5 Dual fusion ResNet,814,822,9,4.79,-1.9797681935293618
M5 Dual fusion ResNet,815,823,9,5.64,-1.5948609744730438
M5 Dual fusion ResNet,816,824,9,3.63,-1.9518035337752224
M5 Dual fusion ResNet,817,825,9,1.67,-2.373309836423377
M5 Dual fusion ResNet,818,826,9,1.94,-2.592647236064125
M5 Dual fusion ResNet,819,827,9,1.4,-2.421448781744707
M5 Dual fusion ResNet,820,828,9,1.03,-2.1706743222415326
M5 Dual fusion ResNet,821,829,9,-0.56,-1.5816191887098885
M5 Dual fusion ResNet,822,830,9,0.22,-1.4812768691530434
M5 Dual fusion ResNet,823,831,9,-0.09,-1.3874273890436295
M5 Dual fusion ResNet,824,832,9,-0.06,-1.0048872689978188
M5 Dual fusion ResNet,825,833,9,1.2,-0.5563233826285919
M5 Dual fusion ResNet,826,834,9,1.43,-0.4969363134173217
M5 Dual fusion ResNet,827,835,9,2.55,-0.42263013523431125
M5 Dual fusion ResNet,828,836,9,4.02,-0.7968518737115724
M5 Dual fusion ResNet,829,837,9,3.28,-0.4213356491340461
M5 Dual fusion ResNet,830,838,9,6.03,-0.5103167064109239
M5 Dual fusion ResNet,831,839,9,7.48,-0.6480276369175217
M5 Dual fusion ResNet,832,840,9,6.88,-0.8520429990986937
M5 Dual fusion ResNet,833,841,9,6.66,-0.7876994352542677
M5 Dual fusion ResNet,834,842,9,5.16,-0.5806757436065366
M5 Dual fusion ResNet,835,843,9,6.9,-0.6692487066457343
M5 Dual fusion ResNet,836,844,9,5.21,-0.8385987540496422
M5 Dual fusion ResNet,837,845,9,3.09,-0.19204063153571016
M5 Dual fusion ResNet,838,846,9,2.58,-0.6505277751576193
M5 Dual fusion ResNet,839,847,9,4.79,-0.963562455827335
M5 Dual fusion ResNet,840,848,9,5.19,-0.5191852826800768
M5 Dual fusion ResNet,841,849,9,3.07,-0.32349152007555404
M5 Dual fusion ResNet,842,850,9,2.82,-0.07195794939857492
M5 Dual fusion ResNet,843,851,9,1.75,-0.1536230346299201
M5 Dual fusion ResNet,844,852,9,0.98,-0.24809291282716217
M5 Dual fusion ResNet,845,853,9,1.55,-0.9888963092756495
M5 Dual fusion ResNet,846,854,9,1.16,-1.4996245963860315
M5 Dual fusion ResNet,847,855,9,2.06,-1.4539220219337732
M5 Dual fusion ResNet,848,856,9,3.01,-0.8261241456516464
M5 Dual fusion ResNet,849,857,9,3.15,-1.2611357296472148
M5 Dual fusion ResNet,850,858,9,3.66,-1.1156550879530445
M5 Dual fusion ResNet,851,859,9,5.24,-1.192451919720701
M5 Dual fusion ResNet,852,860,9,5.85,-0.6000080119491469
M5 Dual fusion ResNet,853,861,9,5.29,-1.1642360012815238
M5 Dual fusion ResNet,854,862,9,5.17,-1.5075574097735982
M5 Dual fusion ResNet,855,863,9,6.12,-1.5533940396685308
M5 Dual fusion ResNet,856,864,9,3.11,-1.822136014513508
M5 Dual fusion ResNet,857,865,9,0.47,-1.6787685032432496
M5 Dual fusion ResNet,858,866,9,-0.53,-1.510010548158557
M5 Dual fusion ResNet,859,867,9,-1.05,-1.7332366777054746
M5 Dual fusion ResNet,860,868,9,0.44,-1.3498098905727016
M5 Dual fusion ResNet,861,869,9,1.54,-0.7910161007074199
M5 Dual fusion ResNet,862,870,9,1.97,-1.0359508705518472
M5 Dual fusion ResNet,863,871,9,2.31,-0.9973918506585231
M5 Dual fusion ResNet,864,872,9,4.26,-0.149688935043768
M5 Dual fusion ResNet,865,873,9,4.82,-0.36980322958729217
M5 Dual fusion ResNet,866,874,9,5.03,-0.5497545812531262
M5 Dual fusion ResNet,867,875,9,2.46,-0.2583165245595065
M5 Dual fusion ResNet,868,876,9,-1.09,-0.5829708608569217
M5 Dual fusion ResNet,869,877,9,-2.64,-1.0936389161709663
M5 Dual fusion ResNet,870,878,9,-3.69,-1.1381111106316801
M5 Dual fusion ResNet,871,879,9,-1.22,-1.7446340155499265
M5 Dual fusion ResNet,872,880,9,-2.11,-1.4169614205372767
M5 Dual fusion ResNet,873,881,9,-2.6,-0.9889222227092935
M5 Dual fusion ResNet,874,882,9,-1.38,-1.037602047444623
M5 Dual fusion ResNet,875,883,9,-0.34,-0.9724417870182945
M5 Dual fusion ResNet,876,884,9,0.55,-0.8511682936865756
M5 Dual fusion ResNet,877,885,9,-0.08,-0.4823483205421428
M5 Dual fusion ResNet,878,886,9,-0.05,-0.270633027138505
M5 Dual fusion ResNet,879,887,9,2.54,-1.33390556301595
M5 Dual fusion ResNet,880,888,9,4.46,-1.251827387165928
M5 Dual fusion ResNet,881,889,9,3.95,-0.7472203654230061
M5 Dual fusion ResNet,882,890,9,0.67,-0.7581704001416173
M5 Dual fusion ResNet,883,891,9,0.19,-0.06588870143835601
M5 Dual fusion ResNet,884,892,9,-0.97,0.6865838063412559
M5 Dual fusion ResNet,885,893,9,-0.58,0.7781747528713114
M5 Dual fusion ResNet,886,894,9,-1.11,0.6913793158850097
M5 Dual fusion ResNet,887,895,9,-0.12,0.5449425023631476
M5 Dual fusion ResNet,888,896,9,2.25,-0.11100568310091563
M5 Dual fusion ResNet,889,897,9,3.69,0.5334767395043678
M5 Dual fusion ResNet,890,898,9,2.16,0.9367629343460093
M5 Dual fusion ResNet,891,899,9,1.47,0.7846204230947569
M5 Dual fusion ResNet,892,900,9,0.31,0.5384533043459343
M5 Dual fusion ResNet,893,901,9,-2.85,0.5835265888458789
M5 Dual fusion ResNet,894,902,9,-4.08,0.4232894322734204
M5 Dual fusion ResNet,895,903,9,-4.28,0.03296672900763897
M5 Dual fusion ResNet,896,904,9,-5.09,-0.34751208748154794
M5 Dual fusion ResNet,897,905,9,-5.59,-0.41031981461824096
M5 Dual fusion ResNet,898,906,9,-7.85,-0.549489688375877
M5 Dual fusion ResNet,899,907,9,-6.17,-0.7047393558161152
M5 Dual fusion ResNet,900,908,9,-5.27,-0.5846686141827176
M5 Dual fusion ResNet,901,909,9,-4.26,-0.566260930377769
M5 Dual fusion ResNet,902,910,9,-4.0,-0.946621336871555
M5 Dual fusion ResNet,903,911,9,-3.46,-0.9002547518532769
M5 Dual fusion ResNet,904,912,9,-3.36,-1.104240305117316
M5 Dual fusion ResNet,905,913,9,-1.89,-1.4418292132599069
M5 Dual fusion ResNet,906,914,9,-1.1,-1.1708540043071438
M5 Dual fusion ResNet,907,915,9,-0.97,-1.9712589332698531
M5 Dual fusion ResNet,908,916,9,0.41,-2.0851367030000456
M5 Dual fusion ResNet,909,917,9,1.12,-1.276322568424397
M5 Dual fusion ResNet,910,918,9,1.72,-0.3521804010209447
M5 Dual fusion ResNet,911,919,9,2.76,0.3897122276559306
M5 Dual fusion ResNet,912,920,9,2.68,0.6928607851927446
M5 Dual fusion ResNet,913,921,9,1.32,0.6505311066509574
M5 Dual fusion ResNet,914,922,9,0.43,0.25502402296791593
M5 Dual fusion ResNet,915,923,9,0.44,-0.14274472761815993
M5 Dual fusion ResNet,916,924,9,-1.05,-0.3100554894155988
M5 Dual fusion ResNet,917,925,9,-1.81,-0.6278242199085875
M5 Dual fusion ResNet,918,926,9,-4.26,-0.8667059376888233
M5 Dual fusion ResNet,919,927,9,-2.43,-0.6257093957962021
M5 Dual fusion ResNet,920,928,9,-2.16,-0.7931105158737002
M5 Dual fusion ResNet,921,929,9,-2.36,-1.0636668968380827
M5 Dual fusion ResNet,922,930,9,-3.03,-1.368968640531206
M5 Dual fusion ResNet,923,931,9,-1.45,-1.3196072120408386
M5 Dual fusion ResNet,924,932,9,0.22,-1.310202752738683
M5 Dual fusion ResNet,925,933,9,-0.07,-1.1371389122768083
M5 Dual fusion ResNet,797,808,12,2.13,-3.034664034021194
M5 Dual fusion ResNet,798,809,12,2.62,-3.1493243084275475
M5 Dual fusion ResNet,799,810,12,2.0,-4.410975903856592
M5 Dual fusion ResNet,800,811,12,2.83,-4.665206369312585
M5 Dual fusion ResNet,801,812,12,3.42,-4.732842951767516
M5 Dual fusion ResNet,802,813,12,2.8,-5.301785474779706
M5 Dual fusion ResNet,803,814,12,0.26,-4.356982354195919
M5 Dual fusion ResNet,804,815,12,-2.12,-4.59050887479827
M5 Dual fusion ResNet,805,816,12,-3.31,-4.056931894978021
M5 Dual fusion ResNet,806,817,12,-1.11,-3.973586925152148
M5 Dual fusion ResNet,807,818,12,1.2,-3.44534972857738
M5 Dual fusion ResNet,808,819,12,2.36,-3.5792202869018537
M5 Dual fusion ResNet,809,820,12,2.8,-4.42601263939757
M5 Dual fusion ResNet,810,821,12,4.19,-4.7956314780670874
M5 Dual fusion ResNet,811,822,12,4.79,-4.979782013340535
M5 Dual fusion ResNet,812,823,12,5.64,-3.9324306948849044
M5 Dual fusion ResNet,813,824,12,3.63,-4.251459098230818
M5 Dual fusion ResNet,814,825,12,1.67,-4.417914178138119
M5 Dual fusion ResNet,815,826,12,1.94,-4.336396343205367
M5 Dual fusion ResNet,816,827,12,1.4,-5.042450589813544
M5 Dual fusion ResNet,817,828,12,1.03,-5.278710420889515
M5 Dual fusion ResNet,818,829,12,-0.56,-5.199096999449629
M5 Dual fusion ResNet,819,830,12,0.22,-5.2062570297130355
M5 Dual fusion ResNet,820,831,12,-0.09,-5.074647206425039
M5 Dual fusion ResNet,821,832,12,-0.06,-5.176931817072966
M5 Dual fusion ResNet,822,833,12,1.2,-5.242708673225318
M5 Dual fusion ResNet,823,834,12,1.43,-4.638208586500514
M5 Dual fusion ResNet,824,835,12,2.55,-4.54986805919194
M5 Dual fusion ResNet,825,836,12,4.02,-5.074653590309366
M5 Dual fusion ResNet,826,837,12,3.28,-5.563317423936033
M5 Dual fusion ResNet,827,838,12,6.03,-5.581801121019587
M5 Dual fusion ResNet,828,839,12,7.48,-4.903684768189084
M5 Dual fusion ResNet,829,840,12,6.88,-5.169927687984699
M5 Dual fusion ResNet,830,841,12,6.66,-5.236618783571434
M5 Dual fusion ResNet,831,842,12,5.16,-4.778188354128806
M5 Dual fusion ResNet,832,843,12,6.9,-4.706753360499413
M5 Dual fusion ResNet,833,844,12,5.21,-5.17970074290125
M5 Dual fusion ResNet,834,845,12,3.09,-4.982540187363637
M5 Dual fusion ResNet,835,846,12,2.58,-5.452408857550383
M5 Dual fusion ResNet,836,847,12,4.79,-5.235348390590396
M5 Dual fusion ResNet,837,848,12,5.19,-5.507817949562052
M5 Dual fusion ResNet,838,849,12,3.07,-5.624131986002967
M5 Dual fusion ResNet,839,850,12,2.82,-5.780122871516859
M5 Dual fusion ResNet,840,851,12,1.75,-5.870147064318155
M5 Dual fusion ResNet,841,852,12,0.98,-5.745757414203802
M5 Dual fusion ResNet,842,853,12,1.55,-5.749288038230451
M5 Dual fusion ResNet,843,854,12,1.16,-5.985617420046192
M5 Dual fusion ResNet,844,855,12,2.06,-5.757654958625539
M5 Dual fusion ResNet,845,856,12,3.01,-6.251132577028548
M5 Dual fusion ResNet,846,857,12,3.15,-6.248455377538223
M5 Dual fusion ResNet,847,858,12,3.66,-6.150274932524622
M5 Dual fusion ResNet,848,859,12,5.24,-6.014927848954136
M5 Dual fusion ResNet,849,860,12,5.85,-5.7467203727554175
M5 Dual fusion ResNet,850,861,12,5.29,-5.775669272214116
M5 Dual fusion ResNet,851,862,12,5.17,-6.113986582053543
M5 Dual fusion ResNet,852,863,12,6.12,-6.467673597400679
M5 Dual fusion ResNet,853,864,12,3.11,-6.283791185268957
M5 Dual fusion ResNet,854,865,12,0.47,-6.109541046604686
M5 Dual fusion ResNet,855,866,12,-0.53,-6.220045748308186
M5 Dual fusion ResNet,856,867,12,-1.05,-5.913728834635681
M5 Dual fusion ResNet,857,868,12,0.44,-6.435530403821182
M5 Dual fusion ResNet,858,869,12,1.54,-6.010085840689192
M5 Dual fusion ResNet,859,870,12,1.97,-6.241747595080285
M5 Dual fusion ResNet,860,871,12,2.31,-5.97909443423982
M5 Dual fusion ResNet,861,872,12,4.26,-5.766845064104878
M5 Dual fusion ResNet,862,873,12,4.82,-5.365703612611214
M5 Dual fusion ResNet,863,874,12,5.03,-5.226636740441657
M5 Dual fusion ResNet,864,875,12,2.46,-5.355823375636755
M5 Dual fusion ResNet,865,876,12,-1.09,-5.287114636608829
M5 Dual fusion ResNet,866,877,12,-2.64,-5.650959419901685
M5 Dual fusion ResNet,867,878,12,-3.69,-6.391658670757653
M5 Dual fusion ResNet,868,879,12,-1.22,-6.643897700297588
M5 Dual fusion ResNet,869,880,12,-2.11,-6.581303714473029
M5 Dual fusion ResNet,870,881,12,-2.6,-6.236152288464775
M5 Dual fusion ResNet,871,882,12,-1.38,-6.263190726540192
M5 Dual fusion ResNet,872,883,12,-0.34,-6.204586668419901
M5 Dual fusion ResNet,873,884,12,0.55,-6.217732094230578
M5 Dual fusion ResNet,874,885,12,-0.08,-5.439162969560036
M5 Dual fusion ResNet,875,886,12,-0.05,-5.083006398960154
M5 Dual fusion ResNet,876,887,12,2.54,-5.124129701824027
M5 Dual fusion ResNet,877,888,12,4.46,-5.674364419813401
M5 Dual fusion ResNet,878,889,12,3.95,-5.696181176503383
M5 Dual fusion ResNet,879,890,12,0.67,-5.733740255949415
M5 Dual fusion ResNet,880,891,12,0.19,-5.231932004493807
M5 Dual fusion ResNet,881,892,12,-0.97,-4.784834649700859
M5 Dual fusion ResNet,882,893,12,-0.58,-5.120710627776142
M5 Dual fusion ResNet,883,894,12,-1.11,-5.074095504421637
M5 Dual fusion ResNet,884,895,12,-0.12,-5.061226265606573
M5 Dual fusion ResNet,885,896,12,2.25,-4.963632801957129
M5 Dual fusion ResNet,886,897,12,3.69,-5.06743644108093
M5 Dual fusion ResNet,887,898,12,2.16,-5.261381870875205
M5 Dual fusion ResNet,888,899,12,1.47,-5.714026149160342
M5 Dual fusion ResNet,889,900,12,0.31,-5.1588123373899535
M5 Dual fusion ResNet,890,901,12,-2.85,-4.47836250684104
M5 Dual fusion ResNet,891,902,12,-4.08,-4.967701016242879
M5 Dual fusion ResNet,892,903,12,-4.28,-4.561943008399181
M5 Dual fusion ResNet,893,904,12,-5.09,-4.743934110800601
M5 Dual fusion ResNet,894,905,12,-5.59,-4.610893625435572
M5 Dual fusion ResNet,895,906,12,-7.85,-4.839059027179034
M5 Dual fusion ResNet,896,907,12,-6.17,-5.201367310312596
M5 Dual fusion ResNet,897,908,12,-5.27,-4.745111769461945
M5 Dual fusion ResNet,898,909,12,-4.26,-4.266910450259128
M5 Dual fusion ResNet,899,910,12,-4.0,-3.8887938215658204
M5 Dual fusion ResNet,900,911,12,-3.46,-3.2726829612231176
M5 Dual fusion ResNet,901,912,12,-3.36,-3.0490835487459416
M5 Dual fusion ResNet,902,913,12,-1.89,-3.074000857255291
M5 Dual fusion ResNet,903,914,12,-1.1,-3.6736391120743477
M5 Dual fusion ResNet,904,915,12,-0.97,-3.559197569704666
M5 Dual fusion ResNet,905,916,12,0.41,-2.62827906153782
M5 Dual fusion ResNet,906,917,12,1.12,-2.831832909231797
M5 Dual fusion ResNet,907,918,12,1.72,-2.7731270449561887
M5 Dual fusion ResNet,908,919,12,2.76,-2.6377537538605704
M5 Dual fusion ResNet,909,920,12,2.68,-2.486455527317765
M5 Dual fusion ResNet,910,921,12,1.32,-2.5727582515504315
M5 Dual fusion ResNet,911,922,12,0.43,-2.9719798338312797
M5 Dual fusion ResNet,912,923,12,0.44,-2.8892011817439784
M5 Dual fusion ResNet,913,924,12,-1.05,-3.396118556624521
M5 Dual fusion ResNet,914,925,12,-1.81,-3.0047236165283655
M5 Dual fusion ResNet,915,926,12,-4.26,-2.7753192372346303
M5 Dual fusion ResNet,916,927,12,-2.43,-2.3149462589901306
M5 Dual fusion ResNet,917,928,12,-2.16,-2.0509402186632455
M5 Dual fusion ResNet,918,929,12,-2.36,-1.9020377547102778
M5 Dual fusion ResNet,919,930,12,-3.03,-1.641078675173806
M5 Dual fusion ResNet,920,931,12,-1.45,-0.8174805704085417
M5 Dual fusion ResNet,921,932,12,0.22,-0.8804423435689565
M5 Dual fusion ResNet,922,933,12,-0.07,-1.3001002095533492
M5 Dual fusion ResNet,923,934,12,-0.3,-1.5832515189763945
M5 Dual fusion ResNet,924,935,12,2.03,-1.0826971968001406
M5 Dual fusion ResNet,925,936,12,2.7,-1.475924941686681
